ISO-10303-21;
HEADER;
/* Generated by software containing ST-Developer
 * from STEP Tools, Inc. (www.steptools.com) 
 */

FILE_DESCRIPTION(
/* description */ (''),
/* implementation_level */ '2;1');

FILE_NAME(
/* name */ 'BirdPicBacking.step',
/* time_stamp */ '2026-06-24T14:49:41-07:00',
/* author */ (''),
/* organization */ (''),
/* preprocessor_version */ 'ST-DEVELOPER v20.1',
/* originating_system */ 'Autodesk Translation Framework v15.8.0.0',
/* authorisation */ '');

FILE_SCHEMA (('AUTOMOTIVE_DESIGN { 1 0 10303 214 3 1 1 }'));
ENDSEC;

DATA;
#10=MECHANICAL_DESIGN_GEOMETRIC_PRESENTATION_REPRESENTATION('',(#151,#152),
#11548);
#11=SHAPE_REPRESENTATION_RELATIONSHIP('SRR','None',#11555,#12);
#12=ADVANCED_BREP_SHAPE_REPRESENTATION('',(#153,#154),#11547);
#13=B_SPLINE_SURFACE_WITH_KNOTS('',3,1,((#8594,#8595),(#8596,#8597),(#8598,
#8599),(#8600,#8601),(#8602,#8603)),.UNSPECIFIED.,.F.,.F.,.F.,(4,1,4),(2,
2),(0.,0.0505474558135972,0.115388252023394),(0.,0.02),.UNSPECIFIED.);
#14=B_SPLINE_SURFACE_WITH_KNOTS('',3,1,((#8613,#8614),(#8615,#8616),(#8617,
#8618),(#8619,#8620),(#8621,#8622)),.UNSPECIFIED.,.F.,.F.,.F.,(4,1,4),(2,
2),(0.,0.0450472900674165,0.0881162351703634),(0.,0.02),.UNSPECIFIED.);
#15=B_SPLINE_SURFACE_WITH_KNOTS('',3,1,((#8630,#8631),(#8632,#8633),(#8634,
#8635),(#8636,#8637),(#8638,#8639)),.UNSPECIFIED.,.F.,.F.,.F.,(4,1,4),(2,
2),(0.,0.0474826901366973,0.0949546902899002),(0.,0.02),.UNSPECIFIED.);
#16=B_SPLINE_SURFACE_WITH_KNOTS('',3,1,((#8647,#8648),(#8649,#8650),(#8651,
#8652),(#8653,#8654),(#8655,#8656)),.UNSPECIFIED.,.F.,.F.,.F.,(4,1,4),(2,
2),(0.,0.0845866113513549,0.168817740783037),(0.,0.02),.UNSPECIFIED.);
#17=B_SPLINE_SURFACE_WITH_KNOTS('',3,1,((#8684,#8685),(#8686,#8687),(#8688,
#8689),(#8690,#8691),(#8692,#8693)),.UNSPECIFIED.,.F.,.F.,.F.,(4,1,4),(2,
2),(0.,0.0582633849163862,0.137074438472265),(0.,0.02),.UNSPECIFIED.);
#18=B_SPLINE_SURFACE_WITH_KNOTS('',3,1,((#8701,#8702),(#8703,#8704),(#8705,
#8706),(#8707,#8708),(#8709,#8710)),.UNSPECIFIED.,.F.,.F.,.F.,(4,1,4),(2,
2),(0.,0.0496933828331582,0.100909024680693),(0.,0.02),.UNSPECIFIED.);
#19=B_SPLINE_SURFACE_WITH_KNOTS('',3,1,((#8718,#8719),(#8720,#8721),(#8722,
#8723),(#8724,#8725),(#8726,#8727)),.UNSPECIFIED.,.F.,.F.,.F.,(4,1,4),(2,
2),(0.,0.0398898852247742,0.0861075064759698),(0.,0.02),.UNSPECIFIED.);
#20=B_SPLINE_SURFACE_WITH_KNOTS('',3,1,((#8735,#8736),(#8737,#8738),(#8739,
#8740),(#8741,#8742),(#8743,#8744)),.UNSPECIFIED.,.F.,.F.,.F.,(4,1,4),(2,
2),(0.,0.0537228193051429,0.0965959431634254),(0.,0.02),.UNSPECIFIED.);
#21=B_SPLINE_SURFACE_WITH_KNOTS('',3,1,((#8763,#8764),(#8765,#8766),(#8767,
#8768),(#8769,#8770),(#8771,#8772)),.UNSPECIFIED.,.F.,.F.,.F.,(4,1,4),(2,
2),(0.,0.0837381489956042,0.151302035908585),(0.,0.02),.UNSPECIFIED.);
#22=B_SPLINE_SURFACE_WITH_KNOTS('',3,1,((#8789,#8790),(#8791,#8792),(#8793,
#8794),(#8795,#8796),(#8797,#8798)),.UNSPECIFIED.,.F.,.F.,.F.,(4,1,4),(2,
2),(0.,0.0671937373301256,0.151150061283151),(0.,0.02),.UNSPECIFIED.);
#23=B_SPLINE_SURFACE_WITH_KNOTS('',3,1,((#8812,#8813),(#8814,#8815),(#8816,
#8817),(#8818,#8819),(#8820,#8821)),.UNSPECIFIED.,.F.,.F.,.F.,(4,1,4),(2,
2),(0.,0.0597101938154672,0.119034930071925),(0.,0.02),.UNSPECIFIED.);
#24=B_SPLINE_SURFACE_WITH_KNOTS('',3,1,((#8835,#8836),(#8837,#8838),(#8839,
#8840),(#8841,#8842),(#8843,#8844)),.UNSPECIFIED.,.F.,.F.,.F.,(4,1,4),(2,
2),(0.,0.059086173514075,0.117600140727966),(0.,0.02),.UNSPECIFIED.);
#25=B_SPLINE_SURFACE_WITH_KNOTS('',3,1,((#8858,#8859),(#8860,#8861),(#8862,
#8863),(#8864,#8865),(#8866,#8867)),.UNSPECIFIED.,.F.,.F.,.F.,(4,1,4),(2,
2),(0.,0.0824888593567828,0.149453937251166),(0.,0.02),.UNSPECIFIED.);
#26=B_SPLINE_SURFACE_WITH_KNOTS('',3,1,((#8881,#8882),(#8883,#8884),(#8885,
#8886),(#8887,#8888),(#8889,#8890)),.UNSPECIFIED.,.F.,.F.,.F.,(4,1,4),(2,
2),(0.,0.0679669331278866,0.147273679277928),(0.,0.02),.UNSPECIFIED.);
#27=B_SPLINE_SURFACE_WITH_KNOTS('',3,1,((#8904,#8905),(#8906,#8907),(#8908,
#8909),(#8910,#8911),(#8912,#8913)),.UNSPECIFIED.,.F.,.F.,.F.,(4,1,4),(2,
2),(0.,0.0649045129894173,0.12604513538368),(0.,0.02),.UNSPECIFIED.);
#28=B_SPLINE_SURFACE_WITH_KNOTS('',3,1,((#8927,#8928),(#8929,#8930),(#8931,
#8932),(#8933,#8934),(#8935,#8936)),.UNSPECIFIED.,.F.,.F.,.F.,(4,1,4),(2,
2),(0.,0.0593914946205203,0.118272903080052),(0.,0.02),.UNSPECIFIED.);
#29=B_SPLINE_SURFACE_WITH_KNOTS('',3,1,((#8947,#8948),(#8949,#8950),(#8951,
#8952),(#8953,#8954),(#8955,#8956)),.UNSPECIFIED.,.F.,.F.,.F.,(4,1,4),(2,
2),(0.,0.115712327791116,0.211025285852054),(0.,0.02),.UNSPECIFIED.);
#30=B_SPLINE_SURFACE_WITH_KNOTS('',3,1,((#8966,#8967),(#8968,#8969),(#8970,
#8971),(#8972,#8973),(#8974,#8975)),.UNSPECIFIED.,.F.,.F.,.F.,(4,1,4),(2,
2),(0.,0.0959566496712004,0.214420601492108),(0.,0.02),.UNSPECIFIED.);
#31=B_SPLINE_SURFACE_WITH_KNOTS('',3,1,((#8983,#8984),(#8985,#8986),(#8987,
#8988),(#8989,#8990),(#8991,#8992)),.UNSPECIFIED.,.F.,.F.,.F.,(4,1,4),(2,
2),(0.,0.0893764376230728,0.178255985007032),(0.,0.02),.UNSPECIFIED.);
#32=B_SPLINE_SURFACE_WITH_KNOTS('',3,1,((#9000,#9001),(#9002,#9003),(#9004,
#9005),(#9006,#9007),(#9008,#9009)),.UNSPECIFIED.,.F.,.F.,.F.,(4,1,4),(2,
2),(0.,0.0887513242123346,0.17550867837328),(0.,0.02),.UNSPECIFIED.);
#33=B_SPLINE_SURFACE_WITH_KNOTS('',3,1,((#9017,#9018),(#9019,#9020),(#9021,
#9022),(#9023,#9024),(#9025,#9026)),.UNSPECIFIED.,.F.,.F.,.F.,(4,1,4),(2,
2),(0.,0.126550334063866,0.224937704469357),(0.,0.02),.UNSPECIFIED.);
#34=B_SPLINE_SURFACE_WITH_KNOTS('',3,1,((#9034,#9035),(#9036,#9037),(#9038,
#9039),(#9040,#9041),(#9042,#9043)),.UNSPECIFIED.,.F.,.F.,.F.,(4,1,4),(2,
2),(0.,0.0938348703081603,0.202229219410593),(0.,0.02),.UNSPECIFIED.);
#35=B_SPLINE_SURFACE_WITH_KNOTS('',3,1,((#9051,#9052),(#9053,#9054),(#9055,
#9056),(#9057,#9058),(#9059,#9060)),.UNSPECIFIED.,.F.,.F.,.F.,(4,1,4),(2,
2),(0.,0.093559349948019,0.183071664765976),(0.,0.02),.UNSPECIFIED.);
#36=B_SPLINE_SURFACE_WITH_KNOTS('',3,1,((#9068,#9069),(#9070,#9071),(#9072,
#9073),(#9074,#9075),(#9076,#9077)),.UNSPECIFIED.,.F.,.F.,.F.,(4,1,4),(2,
2),(0.,0.0893246716601193,0.181688042325086),(0.,0.02),.UNSPECIFIED.);
#37=B_SPLINE_SURFACE_WITH_KNOTS('',3,1,((#9084,#9085),(#9086,#9087),(#9088,
#9089),(#9090,#9091),(#9092,#9093)),.UNSPECIFIED.,.F.,.F.,.F.,(4,1,4),(2,
2),(0.,0.0837380302122781,0.151302358767396),(0.,0.02),.UNSPECIFIED.);
#38=B_SPLINE_SURFACE_WITH_KNOTS('',3,1,((#9110,#9111),(#9112,#9113),(#9114,
#9115),(#9116,#9117),(#9118,#9119)),.UNSPECIFIED.,.F.,.F.,.F.,(4,1,4),(2,
2),(0.,0.0671937373301256,0.15115017842518),(0.,0.02),.UNSPECIFIED.);
#39=B_SPLINE_SURFACE_WITH_KNOTS('',3,1,((#9133,#9134),(#9135,#9136),(#9137,
#9138),(#9139,#9140),(#9141,#9142)),.UNSPECIFIED.,.F.,.F.,.F.,(4,1,4),(2,
2),(0.,0.0597092598312682,0.11903475149962),(0.,0.02),.UNSPECIFIED.);
#40=B_SPLINE_SURFACE_WITH_KNOTS('',3,1,((#9156,#9157),(#9158,#9159),(#9160,
#9161),(#9162,#9163),(#9164,#9165)),.UNSPECIFIED.,.F.,.F.,.F.,(4,1,4),(2,
2),(0.,0.059086173514075,0.117600140727966),(0.,0.02),.UNSPECIFIED.);
#41=B_SPLINE_SURFACE_WITH_KNOTS('',3,1,((#9179,#9180),(#9181,#9182),(#9183,
#9184),(#9185,#9186),(#9187,#9188)),.UNSPECIFIED.,.F.,.F.,.F.,(4,1,4),(2,
2),(0.,0.0824888593567828,0.14945348163357),(0.,0.02),.UNSPECIFIED.);
#42=B_SPLINE_SURFACE_WITH_KNOTS('',3,1,((#9202,#9203),(#9204,#9205),(#9206,
#9207),(#9208,#9209),(#9210,#9211)),.UNSPECIFIED.,.F.,.F.,.F.,(4,1,4),(2,
2),(0.,0.0679673277651594,0.147273961178335),(0.,0.02),.UNSPECIFIED.);
#43=B_SPLINE_SURFACE_WITH_KNOTS('',3,1,((#9225,#9226),(#9227,#9228),(#9229,
#9230),(#9231,#9232),(#9233,#9234)),.UNSPECIFIED.,.F.,.F.,.F.,(4,1,4),(2,
2),(0.,0.0649054462429557,0.126044628229746),(0.,0.02),.UNSPECIFIED.);
#44=B_SPLINE_SURFACE_WITH_KNOTS('',3,1,((#9248,#9249),(#9250,#9251),(#9252,
#9253),(#9254,#9255),(#9256,#9257)),.UNSPECIFIED.,.F.,.F.,.F.,(4,1,4),(2,
2),(0.,0.0593907343973691,0.118274010490527),(0.,0.02),.UNSPECIFIED.);
#45=B_SPLINE_SURFACE_WITH_KNOTS('',3,1,((#9268,#9269),(#9270,#9271),(#9272,
#9273),(#9274,#9275),(#9276,#9277)),.UNSPECIFIED.,.F.,.F.,.F.,(4,1,4),(2,
2),(0.,0.115712327791116,0.211025285852054),(0.,0.02),.UNSPECIFIED.);
#46=B_SPLINE_SURFACE_WITH_KNOTS('',3,1,((#9287,#9288),(#9289,#9290),(#9291,
#9292),(#9293,#9294),(#9295,#9296)),.UNSPECIFIED.,.F.,.F.,.F.,(4,1,4),(2,
2),(0.,0.0959561325543506,0.214420084375258),(0.,0.02),.UNSPECIFIED.);
#47=B_SPLINE_SURFACE_WITH_KNOTS('',3,1,((#9304,#9305),(#9306,#9307),(#9308,
#9309),(#9310,#9311),(#9312,#9313)),.UNSPECIFIED.,.F.,.F.,.F.,(4,1,4),(2,
2),(0.,0.0893773766849344,0.178256924068894),(0.,0.02),.UNSPECIFIED.);
#48=B_SPLINE_SURFACE_WITH_KNOTS('',3,1,((#9321,#9322),(#9323,#9324),(#9325,
#9326),(#9327,#9328),(#9329,#9330)),.UNSPECIFIED.,.F.,.F.,.F.,(4,1,4),(2,
2),(0.,0.0887513242123346,0.175507739288376),(0.,0.02),.UNSPECIFIED.);
#49=B_SPLINE_SURFACE_WITH_KNOTS('',3,1,((#9338,#9339),(#9340,#9341),(#9342,
#9343),(#9344,#9345),(#9346,#9347)),.UNSPECIFIED.,.F.,.F.,.F.,(4,1,4),(2,
2),(0.,0.126550334063866,0.224938225844502),(0.,0.02),.UNSPECIFIED.);
#50=B_SPLINE_SURFACE_WITH_KNOTS('',3,1,((#9355,#9356),(#9357,#9358),(#9359,
#9360),(#9361,#9362),(#9363,#9364)),.UNSPECIFIED.,.F.,.F.,.F.,(4,1,4),(2,
2),(0.,0.0938353776850558,0.202229726787489),(0.,0.02),.UNSPECIFIED.);
#51=B_SPLINE_SURFACE_WITH_KNOTS('',3,1,((#9372,#9373),(#9374,#9375),(#9376,
#9377),(#9378,#9379),(#9380,#9381)),.UNSPECIFIED.,.F.,.F.,.F.,(4,1,4),(2,
2),(0.,0.0935584110507058,0.183070725868662),(0.,0.02),.UNSPECIFIED.);
#52=B_SPLINE_SURFACE_WITH_KNOTS('',3,1,((#9389,#9390),(#9391,#9392),(#9393,
#9394),(#9395,#9396),(#9397,#9398)),.UNSPECIFIED.,.F.,.F.,.F.,(4,1,4),(2,
2),(0.,0.0893238709164295,0.181688180524736),(0.,0.02),.UNSPECIFIED.);
#53=B_SPLINE_SURFACE_WITH_KNOTS('',3,1,((#9405,#9406),(#9407,#9408),(#9409,
#9410),(#9411,#9412),(#9413,#9414)),.UNSPECIFIED.,.F.,.F.,.F.,(4,1,4),(2,
2),(0.,0.0796801581674267,0.142444977993506),(0.,0.02),.UNSPECIFIED.);
#54=B_SPLINE_SURFACE_WITH_KNOTS('',3,1,((#9448,#9449),(#9450,#9451),(#9452,
#9453),(#9454,#9455),(#9456,#9457)),.UNSPECIFIED.,.F.,.F.,.F.,(4,1,4),(2,
2),(0.,0.0539347759739291,0.122059430277436),(0.,0.02),.UNSPECIFIED.);
#55=B_SPLINE_SURFACE_WITH_KNOTS('',3,1,((#9465,#9466),(#9467,#9468),(#9469,
#9470),(#9471,#9472),(#9473,#9474)),.UNSPECIFIED.,.F.,.F.,.F.,(4,1,4),(2,
2),(0.,0.0429472744650798,0.0868849713565139),(0.,0.02),.UNSPECIFIED.);
#56=B_SPLINE_SURFACE_WITH_KNOTS('',3,1,((#9482,#9483),(#9484,#9485),(#9486,
#9487),(#9488,#9489),(#9490,#9491)),.UNSPECIFIED.,.F.,.F.,.F.,(4,1,4),(2,
2),(0.,0.0339466143013963,0.0646403749771678),(0.,0.02),.UNSPECIFIED.);
#57=B_SPLINE_SURFACE_WITH_KNOTS('',3,1,((#9503,#9504),(#9505,#9506),(#9507,
#9508),(#9509,#9510),(#9511,#9512)),.UNSPECIFIED.,.F.,.F.,.F.,(4,1,4),(2,
2),(0.,0.0437552975114804,0.0916273820008048),(0.,0.02),.UNSPECIFIED.);
#58=B_SPLINE_SURFACE_WITH_KNOTS('',3,1,((#9525,#9526),(#9527,#9528),(#9529,
#9530),(#9531,#9532),(#9533,#9534)),.UNSPECIFIED.,.F.,.F.,.F.,(4,1,4),(2,
2),(0.,0.0403735081775837,0.077586421409183),(0.,0.02),.UNSPECIFIED.);
#59=B_SPLINE_SURFACE_WITH_KNOTS('',3,1,((#9546,#9547),(#9548,#9549),(#9550,
#9551),(#9552,#9553),(#9554,#9555)),.UNSPECIFIED.,.F.,.F.,.F.,(4,1,4),(2,
2),(0.,0.0404623115166495,0.0767174826178088),(0.,0.02),.UNSPECIFIED.);
#60=B_SPLINE_SURFACE_WITH_KNOTS('',3,1,((#9562,#9563),(#9564,#9565),(#9566,
#9567),(#9568,#9569),(#9570,#9571)),.UNSPECIFIED.,.F.,.F.,.F.,(4,1,4),(2,
2),(0.,0.054863286247923,0.114010180854263),(0.,0.02),.UNSPECIFIED.);
#61=B_SPLINE_SURFACE_WITH_KNOTS('',3,1,((#9588,#9589),(#9590,#9591),(#9592,
#9593),(#9594,#9595),(#9596,#9597)),.UNSPECIFIED.,.F.,.F.,.F.,(4,1,4),(2,
2),(0.,0.055165136153896,0.108114302630012),(0.,0.02),.UNSPECIFIED.);
#62=B_SPLINE_SURFACE_WITH_KNOTS('',3,1,((#9611,#9612),(#9613,#9614),(#9615,
#9616),(#9617,#9618),(#9619,#9620)),.UNSPECIFIED.,.F.,.F.,.F.,(4,1,4),(2,
2),(0.,0.050510838854417,0.0989465894769178),(0.,0.02),.UNSPECIFIED.);
#63=B_SPLINE_SURFACE_WITH_KNOTS('',3,1,((#9634,#9635),(#9636,#9637),(#9638,
#9639),(#9640,#9641),(#9642,#9643)),.UNSPECIFIED.,.F.,.F.,.F.,(4,1,4),(2,
2),(0.,0.0668457951017827,0.121760655948634),(0.,0.02),.UNSPECIFIED.);
#64=B_SPLINE_SURFACE_WITH_KNOTS('',3,1,((#9660,#9661),(#9662,#9663),(#9664,
#9665),(#9666,#9667),(#9668,#9669)),.UNSPECIFIED.,.F.,.F.,.F.,(4,1,4),(2,
2),(0.,0.0568532133405787,0.11966581583273),(0.,0.02),.UNSPECIFIED.);
#65=B_SPLINE_SURFACE_WITH_KNOTS('',3,1,((#9679,#9680),(#9681,#9682),(#9683,
#9684),(#9685,#9686),(#9687,#9688)),.UNSPECIFIED.,.F.,.F.,.F.,(4,1,4),(2,
2),(0.,0.0536538508620697,0.107912254145377),(0.,0.02),.UNSPECIFIED.);
#66=B_SPLINE_SURFACE_WITH_KNOTS('',3,1,((#9696,#9697),(#9698,#9699),(#9700,
#9701),(#9702,#9703),(#9704,#9705)),.UNSPECIFIED.,.F.,.F.,.F.,(4,1,4),(2,
2),(0.,0.0919710334832181,0.192321183366751),(0.,0.02),.UNSPECIFIED.);
#67=B_SPLINE_SURFACE_WITH_KNOTS('',3,1,((#9713,#9714),(#9715,#9716),(#9717,
#9718),(#9719,#9720),(#9721,#9722)),.UNSPECIFIED.,.F.,.F.,.F.,(4,1,4),(2,
2),(0.,0.107607311786371,0.203462353302851),(0.,0.02),.UNSPECIFIED.);
#68=B_SPLINE_SURFACE_WITH_KNOTS('',3,1,((#9730,#9731),(#9732,#9733),(#9734,
#9735),(#9736,#9737),(#9738,#9739)),.UNSPECIFIED.,.F.,.F.,.F.,(4,1,4),(2,
2),(0.,0.0940884592905777,0.201763198769654),(0.,0.02),.UNSPECIFIED.);
#69=B_SPLINE_SURFACE_WITH_KNOTS('',3,1,((#9747,#9748),(#9749,#9750),(#9751,
#9752),(#9753,#9754),(#9755,#9756)),.UNSPECIFIED.,.F.,.F.,.F.,(4,1,4),(2,
2),(0.,0.101299316308247,0.192569786713451),(0.,0.02),.UNSPECIFIED.);
#70=B_SPLINE_SURFACE_WITH_KNOTS('',3,1,((#9764,#9765),(#9766,#9767),(#9768,
#9769),(#9770,#9771),(#9772,#9773)),.UNSPECIFIED.,.F.,.F.,.F.,(4,1,4),(2,
2),(0.,0.0705947659601298,0.148637828493414),(0.,0.02),.UNSPECIFIED.);
#71=B_SPLINE_SURFACE_WITH_KNOTS('',3,1,((#9781,#9782),(#9783,#9784),(#9785,
#9786),(#9787,#9788),(#9789,#9790)),.UNSPECIFIED.,.F.,.F.,.F.,(4,1,4),(2,
2),(0.,0.0749992462070638,0.144477804767728),(0.,0.02),.UNSPECIFIED.);
#72=B_SPLINE_SURFACE_WITH_KNOTS('',3,1,((#9802,#9803),(#9804,#9805),(#9806,
#9807),(#9808,#9809),(#9810,#9811)),.UNSPECIFIED.,.F.,.F.,.F.,(4,1,4),(2,
2),(0.,0.0433176382123381,0.093171724357722),(0.,0.02),.UNSPECIFIED.);
#73=B_SPLINE_SURFACE_WITH_KNOTS('',3,1,((#9819,#9820),(#9821,#9822),(#9823,
#9824),(#9825,#9826),(#9827,#9828)),.UNSPECIFIED.,.F.,.F.,.F.,(4,1,4),(2,
2),(0.,0.0448631315229863,0.0861630703866054),(0.,0.02),.UNSPECIFIED.);
#74=B_SPLINE_SURFACE_WITH_KNOTS('',3,1,((#9836,#9837),(#9838,#9839),(#9840,
#9841),(#9842,#9843),(#9844,#9845)),.UNSPECIFIED.,.F.,.F.,.F.,(4,1,4),(2,
2),(0.,0.0575365642093404,0.116214812311533),(0.,0.02),.UNSPECIFIED.);
#75=B_SPLINE_SURFACE_WITH_KNOTS('',3,1,((#9853,#9854),(#9855,#9856),(#9857,
#9858),(#9859,#9860),(#9861,#9862)),.UNSPECIFIED.,.F.,.F.,.F.,(4,1,4),(2,
2),(0.,0.0741646416362356,0.13664911575375),(0.,0.02),.UNSPECIFIED.);
#76=B_SPLINE_SURFACE_WITH_KNOTS('',3,1,((#9874,#9875),(#9876,#9877),(#9878,
#9879),(#9880,#9881),(#9882,#9883)),.UNSPECIFIED.,.F.,.F.,.F.,(4,1,4),(2,
2),(0.,0.0771818926191094,0.180798197713694),(0.,0.02),.UNSPECIFIED.);
#77=B_SPLINE_SURFACE_WITH_KNOTS('',3,1,((#9890,#9891),(#9892,#9893),(#9894,
#9895),(#9896,#9897),(#9898,#9899)),.UNSPECIFIED.,.F.,.F.,.F.,(4,1,4),(2,
2),(0.,0.0377369717512057,0.0865071583271952),(0.,0.02),.UNSPECIFIED.);
#78=B_SPLINE_SURFACE_WITH_KNOTS('',3,1,((#9909,#9910),(#9911,#9912),(#9913,
#9914),(#9915,#9916),(#9917,#9918)),.UNSPECIFIED.,.F.,.F.,.F.,(4,1,4),(2,
2),(0.,0.0341481350312021,0.0665785814105556),(0.,0.02),.UNSPECIFIED.);
#79=B_SPLINE_SURFACE_WITH_KNOTS('',3,1,((#9926,#9927),(#9928,#9929),(#9930,
#9931),(#9932,#9933),(#9934,#9935)),.UNSPECIFIED.,.F.,.F.,.F.,(4,1,4),(2,
2),(0.,0.0384703060197386,0.0741105206854538),(0.,0.02),.UNSPECIFIED.);
#80=B_SPLINE_SURFACE_WITH_KNOTS('',3,1,((#9943,#9944),(#9945,#9946),(#9947,
#9948),(#9949,#9950),(#9951,#9952)),.UNSPECIFIED.,.F.,.F.,.F.,(4,1,4),(2,
2),(0.,0.0392963800011605,0.0793820942211799),(0.,0.02),.UNSPECIFIED.);
#81=B_SPLINE_SURFACE_WITH_KNOTS('',3,1,((#9960,#9961),(#9962,#9963),(#9964,
#9965),(#9966,#9967),(#9968,#9969)),.UNSPECIFIED.,.F.,.F.,.F.,(4,1,4),(2,
2),(0.,0.0451534375377015,0.0939439181708176),(0.,0.02),.UNSPECIFIED.);
#82=B_SPLINE_SURFACE_WITH_KNOTS('',3,1,((#9977,#9978),(#9979,#9980),(#9981,
#9982),(#9983,#9984),(#9985,#9986)),.UNSPECIFIED.,.F.,.F.,.F.,(4,1,4),(2,
2),(0.,0.0464233236068495,0.0903158077412555),(0.,0.02),.UNSPECIFIED.);
#83=B_SPLINE_SURFACE_WITH_KNOTS('',3,1,((#10018,#10019),(#10020,#10021),
(#10022,#10023),(#10024,#10025),(#10026,#10027)),.UNSPECIFIED.,.F.,.F.,
 .F.,(4,1,4),(2,2),(0.,0.0415558629627434,0.0956938506403082),(0.,0.02),
 .UNSPECIFIED.);
#84=B_SPLINE_SURFACE_WITH_KNOTS('',3,1,((#10035,#10036),(#10037,#10038),
(#10039,#10040),(#10041,#10042),(#10043,#10044)),.UNSPECIFIED.,.F.,.F.,
 .F.,(4,1,4),(2,2),(0.,0.03600419142321,0.0710483139663552),(0.,0.02),
 .UNSPECIFIED.);
#85=B_SPLINE_SURFACE_WITH_KNOTS('',3,1,((#10052,#10053),(#10054,#10055),
(#10056,#10057),(#10058,#10059),(#10060,#10061)),.UNSPECIFIED.,.F.,.F.,
 .F.,(4,1,4),(2,2),(0.,0.0368484213435371,0.0741467949906378),(0.,0.02),
 .UNSPECIFIED.);
#86=B_SPLINE_SURFACE_WITH_KNOTS('',3,1,((#10069,#10070),(#10071,#10072),
(#10073,#10074),(#10075,#10076),(#10077,#10078)),.UNSPECIFIED.,.F.,.F.,
 .F.,(4,1,4),(2,2),(0.,0.0390024903403074,0.0829475263013078),(0.,0.02),
 .UNSPECIFIED.);
#87=B_SPLINE_SURFACE_WITH_KNOTS('',3,1,((#10086,#10087),(#10088,#10089),
(#10090,#10091),(#10092,#10093),(#10094,#10095)),.UNSPECIFIED.,.F.,.F.,
 .F.,(4,1,4),(2,2),(0.,0.0648224434163432,0.110366466105624),(0.,0.02),
 .UNSPECIFIED.);
#88=B_SPLINE_SURFACE_WITH_KNOTS('',3,1,((#10114,#10115),(#10116,#10117),
(#10118,#10119),(#10120,#10121),(#10122,#10123)),.UNSPECIFIED.,.F.,.F.,
 .F.,(4,1,4),(2,2),(0.,0.054863286247923,0.114010409484962),(0.,0.02),
 .UNSPECIFIED.);
#89=B_SPLINE_SURFACE_WITH_KNOTS('',3,1,((#10140,#10141),(#10142,#10143),
(#10144,#10145),(#10146,#10147),(#10148,#10149)),.UNSPECIFIED.,.F.,.F.,
 .F.,(4,1,4),(2,2),(0.,0.055164198156089,0.108114151914192),(0.,0.02),
 .UNSPECIFIED.);
#90=B_SPLINE_SURFACE_WITH_KNOTS('',3,1,((#10163,#10164),(#10165,#10166),
(#10167,#10168),(#10169,#10170),(#10171,#10172)),.UNSPECIFIED.,.F.,.F.,
 .F.,(4,1,4),(2,2),(0.,0.050510838854417,0.0989465894769178),(0.,0.02),
 .UNSPECIFIED.);
#91=B_SPLINE_SURFACE_WITH_KNOTS('',3,1,((#10186,#10187),(#10188,#10189),
(#10190,#10191),(#10192,#10193),(#10194,#10195)),.UNSPECIFIED.,.F.,.F.,
 .F.,(4,1,4),(2,2),(0.,0.0668457951017827,0.121760084071362),(0.,0.02),
 .UNSPECIFIED.);
#92=B_SPLINE_SURFACE_WITH_KNOTS('',3,1,((#10212,#10213),(#10214,#10215),
(#10216,#10217),(#10218,#10219),(#10220,#10221)),.UNSPECIFIED.,.F.,.F.,
 .F.,(4,1,4),(2,2),(0.,0.0568532133405787,0.11966581583273),(0.,0.02),
 .UNSPECIFIED.);
#93=B_SPLINE_SURFACE_WITH_KNOTS('',3,1,((#10231,#10232),(#10233,#10234),
(#10235,#10236),(#10237,#10238),(#10239,#10240)),.UNSPECIFIED.,.F.,.F.,
 .F.,(4,1,4),(2,2),(0.,0.0536538508620697,0.107913154247356),(0.,0.02),
 .UNSPECIFIED.);
#94=B_SPLINE_SURFACE_WITH_KNOTS('',3,1,((#10248,#10249),(#10250,#10251),
(#10252,#10253),(#10254,#10255),(#10256,#10257)),.UNSPECIFIED.,.F.,.F.,
 .F.,(4,1,4),(2,2),(0.,0.0919702679239169,0.192321355523786),(0.,0.02),
 .UNSPECIFIED.);
#95=B_SPLINE_SURFACE_WITH_KNOTS('',3,1,((#10265,#10266),(#10267,#10268),
(#10269,#10270),(#10271,#10272),(#10273,#10274)),.UNSPECIFIED.,.F.,.F.,
 .F.,(4,1,4),(2,2),(0.,0.107607311786371,0.203461898592572),(0.,0.02),
 .UNSPECIFIED.);
#96=B_SPLINE_SURFACE_WITH_KNOTS('',3,1,((#10282,#10283),(#10284,#10285),
(#10286,#10287),(#10288,#10289),(#10290,#10291)),.UNSPECIFIED.,.F.,.F.,
 .F.,(4,1,4),(2,2),(0.,0.0940884592905777,0.201763198769654),(0.,0.02),
 .UNSPECIFIED.);
#97=B_SPLINE_SURFACE_WITH_KNOTS('',3,1,((#10299,#10300),(#10301,#10302),
(#10303,#10304),(#10305,#10306),(#10307,#10308)),.UNSPECIFIED.,.F.,.F.,
 .F.,(4,1,4),(2,2),(0.,0.101299316308247,0.192568209566215),(0.,0.02),
 .UNSPECIFIED.);
#98=B_SPLINE_SURFACE_WITH_KNOTS('',3,1,((#10316,#10317),(#10318,#10319),
(#10320,#10321),(#10322,#10323),(#10324,#10325)),.UNSPECIFIED.,.F.,.F.,
 .F.,(4,1,4),(2,2),(0.,0.0705947659601298,0.148637828493414),(0.,0.02),
 .UNSPECIFIED.);
#99=B_SPLINE_SURFACE_WITH_KNOTS('',3,1,((#10333,#10334),(#10335,#10336),
(#10337,#10338),(#10339,#10340),(#10341,#10342)),.UNSPECIFIED.,.F.,.F.,
 .F.,(4,1,4),(2,2),(0.,0.0749992462070638,0.144477804767728),(0.,0.02),
 .UNSPECIFIED.);
#100=B_SPLINE_SURFACE_WITH_KNOTS('',3,1,((#10354,#10355),(#10356,#10357),
(#10358,#10359),(#10360,#10361),(#10362,#10363)),.UNSPECIFIED.,.F.,.F.,
 .F.,(4,1,4),(2,2),(0.,0.0433182754870376,0.0931723616324215),(0.,0.02),
 .UNSPECIFIED.);
#101=B_SPLINE_SURFACE_WITH_KNOTS('',3,1,((#10371,#10372),(#10373,#10374),
(#10375,#10376),(#10377,#10378),(#10379,#10380)),.UNSPECIFIED.,.F.,.F.,
 .F.,(4,1,4),(2,2),(0.,0.0448621873851884,0.0861638201669753),(0.,0.02),
 .UNSPECIFIED.);
#102=B_SPLINE_SURFACE_WITH_KNOTS('',3,1,((#10388,#10389),(#10390,#10391),
(#10392,#10393),(#10394,#10395),(#10396,#10397)),.UNSPECIFIED.,.F.,.F.,
 .F.,(4,1,4),(2,2),(0.,0.0575349947495751,0.116213242851768),(0.,0.02),
 .UNSPECIFIED.);
#103=B_SPLINE_SURFACE_WITH_KNOTS('',3,1,((#10405,#10406),(#10407,#10408),
(#10409,#10410),(#10411,#10412),(#10413,#10414)),.UNSPECIFIED.,.F.,.F.,
 .F.,(4,1,4),(2,2),(0.,0.0741646416362356,0.13664911575375),(0.,0.02),
 .UNSPECIFIED.);
#104=B_SPLINE_SURFACE_WITH_KNOTS('',3,1,((#10426,#10427),(#10428,#10429),
(#10430,#10431),(#10432,#10433),(#10434,#10435)),.UNSPECIFIED.,.F.,.F.,
 .F.,(4,1,4),(2,2),(0.,0.0771818926191094,0.180798197713694),(0.,0.02),
 .UNSPECIFIED.);
#105=B_SPLINE_SURFACE_WITH_KNOTS('',3,1,((#10442,#10443),(#10444,#10445),
(#10446,#10447),(#10448,#10449),(#10450,#10451)),.UNSPECIFIED.,.F.,.F.,
 .F.,(4,1,4),(2,2),(0.,0.0185402564121062,0.0377312889392691),(0.,0.02),
 .UNSPECIFIED.);
#106=B_SPLINE_SURFACE_WITH_KNOTS('',3,1,((#10461,#10462),(#10463,#10464),
(#10465,#10466),(#10467,#10468),(#10469,#10470)),.UNSPECIFIED.,.F.,.F.,
 .F.,(4,1,4),(2,2),(0.,0.0180503423268185,0.0438884046128156),(0.,0.02),
 .UNSPECIFIED.);
#107=B_SPLINE_SURFACE_WITH_KNOTS('',3,1,((#10478,#10479),(#10480,#10481),
(#10482,#10483),(#10484,#10485),(#10486,#10487)),.UNSPECIFIED.,.F.,.F.,
 .F.,(4,1,4),(2,2),(0.,0.032163954243136,0.0542216240545716),(0.,0.02),
 .UNSPECIFIED.);
#108=B_SPLINE_SURFACE_WITH_KNOTS('',3,1,((#10539,#10540),(#10541,#10542),
(#10543,#10544),(#10545,#10546),(#10547,#10548)),.UNSPECIFIED.,.F.,.F.,
 .F.,(4,1,4),(2,2),(0.,0.0361071509158467,0.0837057707113568),(0.,0.02),
 .UNSPECIFIED.);
#109=B_SPLINE_SURFACE_WITH_KNOTS('',3,1,((#10556,#10557),(#10558,#10559),
(#10560,#10561),(#10562,#10563),(#10564,#10565)),.UNSPECIFIED.,.F.,.F.,
 .F.,(4,1,4),(2,2),(0.,0.0301907865576937,0.0595713256757783),(0.,0.02),
 .UNSPECIFIED.);
#110=B_SPLINE_SURFACE_WITH_KNOTS('',3,1,((#10573,#10574),(#10575,#10576),
(#10577,#10578),(#10579,#10580),(#10581,#10582)),.UNSPECIFIED.,.F.,.F.,
 .F.,(4,1,4),(2,2),(0.,0.0480523587914888,0.0838907979597454),(0.,0.02),
 .UNSPECIFIED.);
#111=B_SPLINE_SURFACE_WITH_KNOTS('',3,1,((#10590,#10591),(#10592,#10593),
(#10594,#10595),(#10596,#10597),(#10598,#10599)),.UNSPECIFIED.,.F.,.F.,
 .F.,(4,1,4),(2,2),(0.,0.0350253664664247,0.0637978390032941),(0.,0.02),
 .UNSPECIFIED.);
#112=B_SPLINE_SURFACE_WITH_KNOTS('',3,1,((#10610,#10611),(#10612,#10613),
(#10614,#10615),(#10616,#10617),(#10618,#10619)),.UNSPECIFIED.,.F.,.F.,
 .F.,(4,1,4),(2,2),(0.,0.0432728598201756,0.0826584727903516),(0.,0.02),
 .UNSPECIFIED.);
#113=B_SPLINE_SURFACE_WITH_KNOTS('',3,1,((#10636,#10637),(#10638,#10639),
(#10640,#10641),(#10642,#10643),(#10644,#10645)),.UNSPECIFIED.,.F.,.F.,
 .F.,(4,1,4),(2,2),(0.,0.0573607163470329,0.10700440935043),(0.,0.02),
 .UNSPECIFIED.);
#114=B_SPLINE_SURFACE_WITH_KNOTS('',3,1,((#10659,#10660),(#10661,#10662),
(#10663,#10664),(#10665,#10666),(#10667,#10668)),.UNSPECIFIED.,.F.,.F.,
 .F.,(4,1,4),(2,2),(0.,0.0657431361721103,0.143649901601756),(0.,0.02),
 .UNSPECIFIED.);
#115=B_SPLINE_SURFACE_WITH_KNOTS('',3,1,((#10682,#10683),(#10684,#10685),
(#10686,#10687),(#10688,#10689),(#10690,#10691)),.UNSPECIFIED.,.F.,.F.,
 .F.,(4,1,4),(2,2),(0.,0.0591574560653453,0.116765139828419),(0.,0.02),
 .UNSPECIFIED.);
#116=B_SPLINE_SURFACE_WITH_KNOTS('',3,1,((#10705,#10706),(#10707,#10708),
(#10709,#10710),(#10711,#10712),(#10713,#10714)),.UNSPECIFIED.,.F.,.F.,
 .F.,(4,1,4),(2,2),(0.,0.0588573202179673,0.118409527355391),(0.,0.02),
 .UNSPECIFIED.);
#117=B_SPLINE_SURFACE_WITH_KNOTS('',3,1,((#10728,#10729),(#10730,#10731),
(#10732,#10733),(#10734,#10735),(#10736,#10737)),.UNSPECIFIED.,.F.,.F.,
 .F.,(4,1,4),(2,2),(0.,0.082151328538095,0.150597576177925),(0.,0.02),
 .UNSPECIFIED.);
#118=B_SPLINE_SURFACE_WITH_KNOTS('',3,1,((#10751,#10752),(#10753,#10754),
(#10755,#10756),(#10757,#10758),(#10759,#10760)),.UNSPECIFIED.,.F.,.F.,
 .F.,(4,1,4),(2,2),(0.,0.0640430018382409,0.145238672949253),(0.,0.02),
 .UNSPECIFIED.);
#119=B_SPLINE_SURFACE_WITH_KNOTS('',3,1,((#10774,#10775),(#10776,#10777),
(#10778,#10779),(#10780,#10781),(#10782,#10783)),.UNSPECIFIED.,.F.,.F.,
 .F.,(4,1,4),(2,2),(0.,0.0523432752256705,0.106955004646268),(0.,0.02),
 .UNSPECIFIED.);
#120=B_SPLINE_SURFACE_WITH_KNOTS('',3,1,((#10797,#10798),(#10799,#10800),
(#10801,#10802),(#10803,#10804),(#10805,#10806)),.UNSPECIFIED.,.F.,.F.,
 .F.,(4,1,4),(2,2),(0.,0.036897145228528,0.0721164052497691),(0.,0.02),
 .UNSPECIFIED.);
#121=B_SPLINE_SURFACE_WITH_KNOTS('',3,1,((#10831,#10832),(#10833,#10834),
(#10835,#10836),(#10837,#10838),(#10839,#10840)),.UNSPECIFIED.,.F.,.F.,
 .F.,(4,1,4),(2,2),(0.,0.0802190006596762,0.156741214556761),(0.,0.02),
 .UNSPECIFIED.);
#122=B_SPLINE_SURFACE_WITH_KNOTS('',3,1,((#10848,#10849),(#10850,#10851),
(#10852,#10853),(#10854,#10855),(#10856,#10857)),.UNSPECIFIED.,.F.,.F.,
 .F.,(4,1,4),(2,2),(0.,0.0849785477395012,0.17217482094927),(0.,0.02),
 .UNSPECIFIED.);
#123=B_SPLINE_SURFACE_WITH_KNOTS('',3,1,((#10865,#10866),(#10867,#10868),
(#10869,#10870),(#10871,#10872),(#10873,#10874)),.UNSPECIFIED.,.F.,.F.,
 .F.,(4,1,4),(2,2),(0.,0.108771782578682,0.201917651662418),(0.,0.02),
 .UNSPECIFIED.);
#124=B_SPLINE_SURFACE_WITH_KNOTS('',3,1,((#10882,#10883),(#10884,#10885),
(#10886,#10887),(#10888,#10889),(#10890,#10891)),.UNSPECIFIED.,.F.,.F.,
 .F.,(4,1,4),(2,2),(0.,0.0950320537616128,0.200783658790869),(0.,0.02),
 .UNSPECIFIED.);
#125=B_SPLINE_SURFACE_WITH_KNOTS('',3,1,((#10899,#10900),(#10901,#10902),
(#10903,#10904),(#10905,#10906),(#10907,#10908)),.UNSPECIFIED.,.F.,.F.,
 .F.,(4,1,4),(2,2),(0.,0.0858250254577473,0.173456153148216),(0.,0.02),
 .UNSPECIFIED.);
#126=B_SPLINE_SURFACE_WITH_KNOTS('',3,1,((#10916,#10917),(#10918,#10919),
(#10920,#10921),(#10922,#10923),(#10924,#10925)),.UNSPECIFIED.,.F.,.F.,
 .F.,(4,1,4),(2,2),(0.,0.0801323711357008,0.162565810550159),(0.,0.02),
 .UNSPECIFIED.);
#127=B_SPLINE_SURFACE_WITH_KNOTS('',3,1,((#10948,#10949),(#10950,#10951),
(#10952,#10953),(#10954,#10955),(#10956,#10957)),.UNSPECIFIED.,.F.,.F.,
 .F.,(4,1,4),(2,2),(0.,0.054863286247923,0.114010180854263),(0.,0.02),
 .UNSPECIFIED.);
#128=B_SPLINE_SURFACE_WITH_KNOTS('',3,1,((#10974,#10975),(#10976,#10977),
(#10978,#10979),(#10980,#10981),(#10982,#10983)),.UNSPECIFIED.,.F.,.F.,
 .F.,(4,1,4),(2,2),(0.,0.055165136153896,0.108114302630012),(0.,0.02),
 .UNSPECIFIED.);
#129=B_SPLINE_SURFACE_WITH_KNOTS('',3,1,((#10997,#10998),(#10999,#11000),
(#11001,#11002),(#11003,#11004),(#11005,#11006)),.UNSPECIFIED.,.F.,.F.,
 .F.,(4,1,4),(2,2),(0.,0.050510838854417,0.0989465894769178),(0.,0.02),
 .UNSPECIFIED.);
#130=B_SPLINE_SURFACE_WITH_KNOTS('',3,1,((#11020,#11021),(#11022,#11023),
(#11024,#11025),(#11026,#11027),(#11028,#11029)),.UNSPECIFIED.,.F.,.F.,
 .F.,(4,1,4),(2,2),(0.,0.0668457951017827,0.121760655948634),(0.,0.02),
 .UNSPECIFIED.);
#131=B_SPLINE_SURFACE_WITH_KNOTS('',3,1,((#11046,#11047),(#11048,#11049),
(#11050,#11051),(#11052,#11053),(#11054,#11055)),.UNSPECIFIED.,.F.,.F.,
 .F.,(4,1,4),(2,2),(0.,0.0568547819766489,0.119666199484791),(0.,0.02),
 .UNSPECIFIED.);
#132=B_SPLINE_SURFACE_WITH_KNOTS('',3,1,((#11065,#11066),(#11067,#11068),
(#11069,#11070),(#11071,#11072),(#11073,#11074)),.UNSPECIFIED.,.F.,.F.,
 .F.,(4,1,4),(2,2),(0.,0.0536547986012087,0.107913201884516),(0.,0.02),
 .UNSPECIFIED.);
#133=B_SPLINE_SURFACE_WITH_KNOTS('',3,1,((#11082,#11083),(#11084,#11085),
(#11086,#11087),(#11088,#11089),(#11090,#11091)),.UNSPECIFIED.,.F.,.F.,
 .F.,(4,1,4),(2,2),(0.,0.0919695023681322,0.192321527684639),(0.,0.02),
 .UNSPECIFIED.);
#134=B_SPLINE_SURFACE_WITH_KNOTS('',3,1,((#11099,#11100),(#11101,#11102),
(#11103,#11104),(#11105,#11106),(#11107,#11108)),.UNSPECIFIED.,.F.,.F.,
 .F.,(4,1,4),(2,2),(0.,0.107607311786371,0.203461898592572),(0.,0.02),
 .UNSPECIFIED.);
#135=B_SPLINE_SURFACE_WITH_KNOTS('',3,1,((#11116,#11117),(#11118,#11119),
(#11120,#11121),(#11122,#11123),(#11124,#11125)),.UNSPECIFIED.,.F.,.F.,
 .F.,(4,1,4),(2,2),(0.,0.0940879817944122,0.201762721273489),(0.,0.02),
 .UNSPECIFIED.);
#136=B_SPLINE_SURFACE_WITH_KNOTS('',3,1,((#11133,#11134),(#11135,#11136),
(#11137,#11138),(#11139,#11140),(#11141,#11142)),.UNSPECIFIED.,.F.,.F.,
 .F.,(4,1,4),(2,2),(0.,0.101299316308247,0.192568998138257),(0.,0.02),
 .UNSPECIFIED.);
#137=B_SPLINE_SURFACE_WITH_KNOTS('',3,1,((#11150,#11151),(#11152,#11153),
(#11154,#11155),(#11156,#11157),(#11158,#11159)),.UNSPECIFIED.,.F.,.F.,
 .F.,(4,1,4),(2,2),(0.,0.0705939110760562,0.148637918728945),(0.,0.02),
 .UNSPECIFIED.);
#138=B_SPLINE_SURFACE_WITH_KNOTS('',3,1,((#11167,#11168),(#11169,#11170),
(#11171,#11172),(#11173,#11174),(#11175,#11176)),.UNSPECIFIED.,.F.,.F.,
 .F.,(4,1,4),(2,2),(0.,0.0749996261907434,0.144478184751408),(0.,0.02),
 .UNSPECIFIED.);
#139=B_SPLINE_SURFACE_WITH_KNOTS('',3,1,((#11188,#11189),(#11190,#11191),
(#11192,#11193),(#11194,#11195),(#11196,#11197)),.UNSPECIFIED.,.F.,.F.,
 .F.,(4,1,4),(2,2),(0.,0.0433170009492593,0.093171898579061),(0.,0.02),
 .UNSPECIFIED.);
#140=B_SPLINE_SURFACE_WITH_KNOTS('',3,1,((#11205,#11206),(#11207,#11208),
(#11209,#11210),(#11211,#11212),(#11213,#11214)),.UNSPECIFIED.,.F.,.F.,
 .F.,(4,1,4),(2,2),(0.,0.0448621873851884,0.0861638201669753),(0.,0.02),
 .UNSPECIFIED.);
#141=B_SPLINE_SURFACE_WITH_KNOTS('',3,1,((#11222,#11223),(#11224,#11225),
(#11226,#11227),(#11228,#11229),(#11230,#11231)),.UNSPECIFIED.,.F.,.F.,
 .F.,(4,1,4),(2,2),(0.,0.0575365642093404,0.116213875231495),(0.,0.02),
 .UNSPECIFIED.);
#142=B_SPLINE_SURFACE_WITH_KNOTS('',3,1,((#11239,#11240),(#11241,#11242),
(#11243,#11244),(#11245,#11246),(#11247,#11248)),.UNSPECIFIED.,.F.,.F.,
 .F.,(4,1,4),(2,2),(0.,0.0741646416362356,0.13664911575375),(0.,0.02),
 .UNSPECIFIED.);
#143=B_SPLINE_SURFACE_WITH_KNOTS('',3,1,((#11260,#11261),(#11262,#11263),
(#11264,#11265),(#11266,#11267),(#11268,#11269)),.UNSPECIFIED.,.F.,.F.,
 .F.,(4,1,4),(2,2),(0.,0.0771818926191094,0.180798197713694),(0.,0.02),
 .UNSPECIFIED.);
#144=B_SPLINE_SURFACE_WITH_KNOTS('',3,1,((#11276,#11277),(#11278,#11279),
(#11280,#11281),(#11282,#11283),(#11284,#11285)),.UNSPECIFIED.,.F.,.F.,
 .F.,(4,1,4),(2,2),(0.,0.0185402564121062,0.0377312889392691),(0.,0.02),
 .UNSPECIFIED.);
#145=B_SPLINE_SURFACE_WITH_KNOTS('',3,1,((#11295,#11296),(#11297,#11298),
(#11299,#11300),(#11301,#11302),(#11303,#11304)),.UNSPECIFIED.,.F.,.F.,
 .F.,(4,1,4),(2,2),(0.,0.0180503423268185,0.0438884046128156),(0.,0.02),
 .UNSPECIFIED.);
#146=B_SPLINE_SURFACE_WITH_KNOTS('',3,1,((#11312,#11313),(#11314,#11315),
(#11316,#11317),(#11318,#11319),(#11320,#11321)),.UNSPECIFIED.,.F.,.F.,
 .F.,(4,1,4),(2,2),(0.,0.032163954243136,0.0542216240545716),(0.,0.02),
 .UNSPECIFIED.);
#147=B_SPLINE_SURFACE_WITH_KNOTS('',3,1,((#11373,#11374),(#11375,#11376),
(#11377,#11378),(#11379,#11380),(#11381,#11382)),.UNSPECIFIED.,.F.,.F.,
 .F.,(4,1,4),(2,2),(0.,0.0361070394427752,0.0837056592382853),(0.,0.02),
 .UNSPECIFIED.);
#148=B_SPLINE_SURFACE_WITH_KNOTS('',3,1,((#11390,#11391),(#11392,#11393),
(#11394,#11395),(#11396,#11397),(#11398,#11399)),.UNSPECIFIED.,.F.,.F.,
 .F.,(4,1,4),(2,2),(0.,0.0301914306364432,0.0595716273981395),(0.,0.02),
 .UNSPECIFIED.);
#149=B_SPLINE_SURFACE_WITH_KNOTS('',3,1,((#11407,#11408),(#11409,#11410),
(#11411,#11412),(#11413,#11414),(#11415,#11416)),.UNSPECIFIED.,.F.,.F.,
 .F.,(4,1,4),(2,2),(0.,0.0480533076858422,0.0838917468540988),(0.,0.02),
 .UNSPECIFIED.);
#150=B_SPLINE_SURFACE_WITH_KNOTS('',3,1,((#11424,#11425),(#11426,#11427),
(#11428,#11429),(#11430,#11431),(#11432,#11433)),.UNSPECIFIED.,.F.,.F.,
 .F.,(4,1,4),(2,2),(0.,0.0350253664664247,0.0637978390032941),(0.,0.02),
 .UNSPECIFIED.);
#151=STYLED_ITEM('',(#11565),#153);
#152=STYLED_ITEM('',(#11565),#154);
#153=MANIFOLD_SOLID_BREP('top',#5997);
#154=MANIFOLD_SOLID_BREP('bottom',#5998);
#155=CONICAL_SURFACE('',#6114,3.5,0.785398163397447);
#156=B_SPLINE_CURVE_WITH_KNOTS('',3,(#7671,#7672,#7673,#7674,#7675,#7676,
#7677,#7678),.UNSPECIFIED.,.F.,.F.,(4,2,2,4),(0.366269889050662,0.3769282701725,
0.396630754064138,0.47585221563826),.UNSPECIFIED.);
#157=B_SPLINE_CURVE_WITH_KNOTS('',3,(#7690,#7691,#7692,#7693,#7694,#7695,
#7696,#7697),.UNSPECIFIED.,.F.,.F.,(4,2,2,4),(0.415636575359411,0.494858036933533,
0.514560520825171,0.525218901947008),.UNSPECIFIED.);
#158=B_SPLINE_CURVE_WITH_KNOTS('',3,(#7700,#7701,#7702,#7703,#7704,#7705,
#7706,#7707),.UNSPECIFIED.,.F.,.F.,(4,2,2,4),(-0.0806327718147185,-0.0801483671630421,
-0.0399777142929865,0.),.UNSPECIFIED.);
#159=B_SPLINE_CURVE_WITH_KNOTS('',3,(#7711,#7712,#7713,#7714,#7715,#7716,
#7717,#7718),.UNSPECIFIED.,.F.,.F.,(4,2,2,4),(-0.000484682445728246,0.,
0.0401936897430125,0.0801943302634787),.UNSPECIFIED.);
#160=B_SPLINE_CURVE_WITH_KNOTS('',3,(#7764,#7765,#7766,#7767,#7768),
 .UNSPECIFIED.,.F.,.F.,(4,1,4),(0.,0.0505474558135972,0.115388252023394),
 .UNSPECIFIED.);
#161=B_SPLINE_CURVE_WITH_KNOTS('',3,(#7776,#7777,#7778,#7779,#7780),
 .UNSPECIFIED.,.F.,.F.,(4,1,4),(0.,0.0537228193051429,0.0965959431634254),
 .UNSPECIFIED.);
#162=B_SPLINE_CURVE_WITH_KNOTS('',3,(#7782,#7783,#7784,#7785,#7786),
 .UNSPECIFIED.,.F.,.F.,(4,1,4),(0.,0.0398898852247742,0.0861075064759698),
 .UNSPECIFIED.);
#163=B_SPLINE_CURVE_WITH_KNOTS('',3,(#7788,#7789,#7790,#7791,#7792),
 .UNSPECIFIED.,.F.,.F.,(4,1,4),(0.,0.0496933828331582,0.100909024680693),
 .UNSPECIFIED.);
#164=B_SPLINE_CURVE_WITH_KNOTS('',3,(#7794,#7795,#7796,#7797,#7798),
 .UNSPECIFIED.,.F.,.F.,(4,1,4),(0.,0.0582633849163862,0.137074438472265),
 .UNSPECIFIED.);
#165=B_SPLINE_CURVE_WITH_KNOTS('',3,(#7810,#7811,#7812,#7813,#7814),
 .UNSPECIFIED.,.F.,.F.,(4,1,4),(0.,0.0845866113513549,0.168817740783037),
 .UNSPECIFIED.);
#166=B_SPLINE_CURVE_WITH_KNOTS('',3,(#7816,#7817,#7818,#7819,#7820),
 .UNSPECIFIED.,.F.,.F.,(4,1,4),(0.,0.0474826901366973,0.0949546902899002),
 .UNSPECIFIED.);
#167=B_SPLINE_CURVE_WITH_KNOTS('',3,(#7821,#7822,#7823,#7824,#7825),
 .UNSPECIFIED.,.F.,.F.,(4,1,4),(0.,0.0450472900674165,0.0881162351703634),
 .UNSPECIFIED.);
#168=B_SPLINE_CURVE_WITH_KNOTS('',3,(#7828,#7829,#7830,#7831,#7832),
 .UNSPECIFIED.,.F.,.F.,(4,1,4),(0.,0.115712327791116,0.211025285852054),
 .UNSPECIFIED.);
#169=B_SPLINE_CURVE_WITH_KNOTS('',3,(#7834,#7835,#7836,#7837,#7838),
 .UNSPECIFIED.,.F.,.F.,(4,1,4),(0.,0.0893246716601193,0.181688042325086),
 .UNSPECIFIED.);
#170=B_SPLINE_CURVE_WITH_KNOTS('',3,(#7840,#7841,#7842,#7843,#7844),
 .UNSPECIFIED.,.F.,.F.,(4,1,4),(0.,0.093559349948019,0.183071664765976),
 .UNSPECIFIED.);
#171=B_SPLINE_CURVE_WITH_KNOTS('',3,(#7846,#7847,#7848,#7849,#7850),
 .UNSPECIFIED.,.F.,.F.,(4,1,4),(0.,0.0938348703081603,0.202229219410593),
 .UNSPECIFIED.);
#172=B_SPLINE_CURVE_WITH_KNOTS('',3,(#7852,#7853,#7854,#7855,#7856),
 .UNSPECIFIED.,.F.,.F.,(4,1,4),(0.,0.126550334063866,0.224937704469357),
 .UNSPECIFIED.);
#173=B_SPLINE_CURVE_WITH_KNOTS('',3,(#7858,#7859,#7860,#7861,#7862),
 .UNSPECIFIED.,.F.,.F.,(4,1,4),(0.,0.0887513242123346,0.17550867837328),
 .UNSPECIFIED.);
#174=B_SPLINE_CURVE_WITH_KNOTS('',3,(#7864,#7865,#7866,#7867,#7868),
 .UNSPECIFIED.,.F.,.F.,(4,1,4),(0.,0.0893764376230728,0.178255985007032),
 .UNSPECIFIED.);
#175=B_SPLINE_CURVE_WITH_KNOTS('',3,(#7869,#7870,#7871,#7872,#7873),
 .UNSPECIFIED.,.F.,.F.,(4,1,4),(0.,0.0959566496712004,0.214420601492108),
 .UNSPECIFIED.);
#176=B_SPLINE_CURVE_WITH_KNOTS('',3,(#7876,#7877,#7878,#7879,#7880),
 .UNSPECIFIED.,.F.,.F.,(4,1,4),(0.,0.115712327791116,0.211025285852054),
 .UNSPECIFIED.);
#177=B_SPLINE_CURVE_WITH_KNOTS('',3,(#7882,#7883,#7884,#7885,#7886),
 .UNSPECIFIED.,.F.,.F.,(4,1,4),(0.,0.0893238709164295,0.181688180524736),
 .UNSPECIFIED.);
#178=B_SPLINE_CURVE_WITH_KNOTS('',3,(#7888,#7889,#7890,#7891,#7892),
 .UNSPECIFIED.,.F.,.F.,(4,1,4),(0.,0.0935584110507058,0.183070725868662),
 .UNSPECIFIED.);
#179=B_SPLINE_CURVE_WITH_KNOTS('',3,(#7894,#7895,#7896,#7897,#7898),
 .UNSPECIFIED.,.F.,.F.,(4,1,4),(0.,0.0938353776850558,0.202229726787489),
 .UNSPECIFIED.);
#180=B_SPLINE_CURVE_WITH_KNOTS('',3,(#7900,#7901,#7902,#7903,#7904),
 .UNSPECIFIED.,.F.,.F.,(4,1,4),(0.,0.126550334063866,0.224938225844502),
 .UNSPECIFIED.);
#181=B_SPLINE_CURVE_WITH_KNOTS('',3,(#7906,#7907,#7908,#7909,#7910),
 .UNSPECIFIED.,.F.,.F.,(4,1,4),(0.,0.0887513242123346,0.175507739288376),
 .UNSPECIFIED.);
#182=B_SPLINE_CURVE_WITH_KNOTS('',3,(#7912,#7913,#7914,#7915,#7916),
 .UNSPECIFIED.,.F.,.F.,(4,1,4),(0.,0.0893773766849344,0.178256924068894),
 .UNSPECIFIED.);
#183=B_SPLINE_CURVE_WITH_KNOTS('',3,(#7917,#7918,#7919,#7920,#7921),
 .UNSPECIFIED.,.F.,.F.,(4,1,4),(0.,0.0959561325543506,0.214420084375258),
 .UNSPECIFIED.);
#184=B_SPLINE_CURVE_WITH_KNOTS('',3,(#7924,#7925,#7926,#7927,#7928),
 .UNSPECIFIED.,.F.,.F.,(4,1,4),(0.,0.0796801581674267,0.142444977993506),
 .UNSPECIFIED.);
#185=B_SPLINE_CURVE_WITH_KNOTS('',3,(#7930,#7931,#7932,#7933,#7934),
 .UNSPECIFIED.,.F.,.F.,(4,1,4),(0.,0.0437552975114804,0.0916273820008048),
 .UNSPECIFIED.);
#186=B_SPLINE_CURVE_WITH_KNOTS('',3,(#7938,#7939,#7940,#7941,#7942),
 .UNSPECIFIED.,.F.,.F.,(4,1,4),(0.,0.0339466143013963,0.0646403749771678),
 .UNSPECIFIED.);
#187=B_SPLINE_CURVE_WITH_KNOTS('',3,(#7944,#7945,#7946,#7947,#7948),
 .UNSPECIFIED.,.F.,.F.,(4,1,4),(0.,0.0429472744650798,0.0868849713565139),
 .UNSPECIFIED.);
#188=B_SPLINE_CURVE_WITH_KNOTS('',3,(#7950,#7951,#7952,#7953,#7954),
 .UNSPECIFIED.,.F.,.F.,(4,1,4),(0.,0.0539347759739291,0.122059430277436),
 .UNSPECIFIED.);
#189=B_SPLINE_CURVE_WITH_KNOTS('',3,(#7970,#7971,#7972,#7973,#7974),
 .UNSPECIFIED.,.F.,.F.,(4,1,4),(0.,0.0404623115166495,0.0767174826178088),
 .UNSPECIFIED.);
#190=B_SPLINE_CURVE_WITH_KNOTS('',3,(#7977,#7978,#7979,#7980,#7981),
 .UNSPECIFIED.,.F.,.F.,(4,1,4),(0.,0.0403735081775837,0.077586421409183),
 .UNSPECIFIED.);
#191=B_SPLINE_CURVE_WITH_KNOTS('',3,(#7984,#7985,#7986,#7987,#7988),
 .UNSPECIFIED.,.F.,.F.,(4,1,4),(0.,0.0568532133405787,0.11966581583273),
 .UNSPECIFIED.);
#192=B_SPLINE_CURVE_WITH_KNOTS('',3,(#7990,#7991,#7992,#7993,#7994),
 .UNSPECIFIED.,.F.,.F.,(4,1,4),(0.,0.0771818926191094,0.180798197713694),
 .UNSPECIFIED.);
#193=B_SPLINE_CURVE_WITH_KNOTS('',3,(#7998,#7999,#8000,#8001,#8002),
 .UNSPECIFIED.,.F.,.F.,(4,1,4),(0.,0.0741646416362356,0.13664911575375),
 .UNSPECIFIED.);
#194=B_SPLINE_CURVE_WITH_KNOTS('',3,(#8004,#8005,#8006,#8007,#8008),
 .UNSPECIFIED.,.F.,.F.,(4,1,4),(0.,0.0575365642093404,0.116214812311533),
 .UNSPECIFIED.);
#195=B_SPLINE_CURVE_WITH_KNOTS('',3,(#8010,#8011,#8012,#8013,#8014),
 .UNSPECIFIED.,.F.,.F.,(4,1,4),(0.,0.0448631315229863,0.0861630703866054),
 .UNSPECIFIED.);
#196=B_SPLINE_CURVE_WITH_KNOTS('',3,(#8016,#8017,#8018,#8019,#8020),
 .UNSPECIFIED.,.F.,.F.,(4,1,4),(0.,0.0433176382123381,0.093171724357722),
 .UNSPECIFIED.);
#197=B_SPLINE_CURVE_WITH_KNOTS('',3,(#8024,#8025,#8026,#8027,#8028),
 .UNSPECIFIED.,.F.,.F.,(4,1,4),(0.,0.0749992462070638,0.144477804767728),
 .UNSPECIFIED.);
#198=B_SPLINE_CURVE_WITH_KNOTS('',3,(#8030,#8031,#8032,#8033,#8034),
 .UNSPECIFIED.,.F.,.F.,(4,1,4),(0.,0.0705947659601298,0.148637828493414),
 .UNSPECIFIED.);
#199=B_SPLINE_CURVE_WITH_KNOTS('',3,(#8036,#8037,#8038,#8039,#8040),
 .UNSPECIFIED.,.F.,.F.,(4,1,4),(0.,0.101299316308247,0.192569786713451),
 .UNSPECIFIED.);
#200=B_SPLINE_CURVE_WITH_KNOTS('',3,(#8042,#8043,#8044,#8045,#8046),
 .UNSPECIFIED.,.F.,.F.,(4,1,4),(0.,0.0940884592905777,0.201763198769654),
 .UNSPECIFIED.);
#201=B_SPLINE_CURVE_WITH_KNOTS('',3,(#8048,#8049,#8050,#8051,#8052),
 .UNSPECIFIED.,.F.,.F.,(4,1,4),(0.,0.107607311786371,0.203462353302851),
 .UNSPECIFIED.);
#202=B_SPLINE_CURVE_WITH_KNOTS('',3,(#8054,#8055,#8056,#8057,#8058),
 .UNSPECIFIED.,.F.,.F.,(4,1,4),(0.,0.0919710334832181,0.192321183366751),
 .UNSPECIFIED.);
#203=B_SPLINE_CURVE_WITH_KNOTS('',3,(#8059,#8060,#8061,#8062,#8063),
 .UNSPECIFIED.,.F.,.F.,(4,1,4),(0.,0.0536538508620697,0.107912254145377),
 .UNSPECIFIED.);
#204=B_SPLINE_CURVE_WITH_KNOTS('',3,(#8066,#8067,#8068,#8069,#8070),
 .UNSPECIFIED.,.F.,.F.,(4,1,4),(0.,0.0377369717512057,0.0865071583271952),
 .UNSPECIFIED.);
#205=B_SPLINE_CURVE_WITH_KNOTS('',3,(#8078,#8079,#8080,#8081,#8082),
 .UNSPECIFIED.,.F.,.F.,(4,1,4),(0.,0.0648224434163432,0.110366466105624),
 .UNSPECIFIED.);
#206=B_SPLINE_CURVE_WITH_KNOTS('',3,(#8084,#8085,#8086,#8087,#8088),
 .UNSPECIFIED.,.F.,.F.,(4,1,4),(0.,0.0390024903403074,0.0829475263013078),
 .UNSPECIFIED.);
#207=B_SPLINE_CURVE_WITH_KNOTS('',3,(#8090,#8091,#8092,#8093,#8094),
 .UNSPECIFIED.,.F.,.F.,(4,1,4),(0.,0.0368484213435371,0.0741467949906378),
 .UNSPECIFIED.);
#208=B_SPLINE_CURVE_WITH_KNOTS('',3,(#8096,#8097,#8098,#8099,#8100),
 .UNSPECIFIED.,.F.,.F.,(4,1,4),(0.,0.03600419142321,0.0710483139663552),
 .UNSPECIFIED.);
#209=B_SPLINE_CURVE_WITH_KNOTS('',3,(#8102,#8103,#8104,#8105,#8106),
 .UNSPECIFIED.,.F.,.F.,(4,1,4),(0.,0.0415558629627434,0.0956938506403082),
 .UNSPECIFIED.);
#210=B_SPLINE_CURVE_WITH_KNOTS('',3,(#8120,#8121,#8122,#8123,#8124),
 .UNSPECIFIED.,.F.,.F.,(4,1,4),(0.,0.0464233236068495,0.0903158077412555),
 .UNSPECIFIED.);
#211=B_SPLINE_CURVE_WITH_KNOTS('',3,(#8126,#8127,#8128,#8129,#8130),
 .UNSPECIFIED.,.F.,.F.,(4,1,4),(0.,0.0451534375377015,0.0939439181708176),
 .UNSPECIFIED.);
#212=B_SPLINE_CURVE_WITH_KNOTS('',3,(#8132,#8133,#8134,#8135,#8136),
 .UNSPECIFIED.,.F.,.F.,(4,1,4),(0.,0.0392963800011605,0.0793820942211799),
 .UNSPECIFIED.);
#213=B_SPLINE_CURVE_WITH_KNOTS('',3,(#8138,#8139,#8140,#8141,#8142),
 .UNSPECIFIED.,.F.,.F.,(4,1,4),(0.,0.0384703060197386,0.0741105206854538),
 .UNSPECIFIED.);
#214=B_SPLINE_CURVE_WITH_KNOTS('',3,(#8143,#8144,#8145,#8146,#8147),
 .UNSPECIFIED.,.F.,.F.,(4,1,4),(0.,0.0341481350312021,0.0665785814105556),
 .UNSPECIFIED.);
#215=B_SPLINE_CURVE_WITH_KNOTS('',3,(#8150,#8151,#8152,#8153,#8154),
 .UNSPECIFIED.,.F.,.F.,(4,1,4),(0.,0.0568532133405787,0.11966581583273),
 .UNSPECIFIED.);
#216=B_SPLINE_CURVE_WITH_KNOTS('',3,(#8156,#8157,#8158,#8159,#8160),
 .UNSPECIFIED.,.F.,.F.,(4,1,4),(0.,0.0771818926191094,0.180798197713694),
 .UNSPECIFIED.);
#217=B_SPLINE_CURVE_WITH_KNOTS('',3,(#8164,#8165,#8166,#8167,#8168),
 .UNSPECIFIED.,.F.,.F.,(4,1,4),(0.,0.0741646416362356,0.13664911575375),
 .UNSPECIFIED.);
#218=B_SPLINE_CURVE_WITH_KNOTS('',3,(#8170,#8171,#8172,#8173,#8174),
 .UNSPECIFIED.,.F.,.F.,(4,1,4),(0.,0.0575349947495751,0.116213242851768),
 .UNSPECIFIED.);
#219=B_SPLINE_CURVE_WITH_KNOTS('',3,(#8176,#8177,#8178,#8179,#8180),
 .UNSPECIFIED.,.F.,.F.,(4,1,4),(0.,0.0448621873851884,0.0861638201669753),
 .UNSPECIFIED.);
#220=B_SPLINE_CURVE_WITH_KNOTS('',3,(#8182,#8183,#8184,#8185,#8186),
 .UNSPECIFIED.,.F.,.F.,(4,1,4),(0.,0.0433182754870376,0.0931723616324215),
 .UNSPECIFIED.);
#221=B_SPLINE_CURVE_WITH_KNOTS('',3,(#8190,#8191,#8192,#8193,#8194),
 .UNSPECIFIED.,.F.,.F.,(4,1,4),(0.,0.0749992462070638,0.144477804767728),
 .UNSPECIFIED.);
#222=B_SPLINE_CURVE_WITH_KNOTS('',3,(#8196,#8197,#8198,#8199,#8200),
 .UNSPECIFIED.,.F.,.F.,(4,1,4),(0.,0.0705947659601298,0.148637828493414),
 .UNSPECIFIED.);
#223=B_SPLINE_CURVE_WITH_KNOTS('',3,(#8202,#8203,#8204,#8205,#8206),
 .UNSPECIFIED.,.F.,.F.,(4,1,4),(0.,0.101299316308247,0.192568209566215),
 .UNSPECIFIED.);
#224=B_SPLINE_CURVE_WITH_KNOTS('',3,(#8208,#8209,#8210,#8211,#8212),
 .UNSPECIFIED.,.F.,.F.,(4,1,4),(0.,0.0940884592905777,0.201763198769654),
 .UNSPECIFIED.);
#225=B_SPLINE_CURVE_WITH_KNOTS('',3,(#8214,#8215,#8216,#8217,#8218),
 .UNSPECIFIED.,.F.,.F.,(4,1,4),(0.,0.107607311786371,0.203461898592572),
 .UNSPECIFIED.);
#226=B_SPLINE_CURVE_WITH_KNOTS('',3,(#8220,#8221,#8222,#8223,#8224),
 .UNSPECIFIED.,.F.,.F.,(4,1,4),(0.,0.0919702679239169,0.192321355523786),
 .UNSPECIFIED.);
#227=B_SPLINE_CURVE_WITH_KNOTS('',3,(#8225,#8226,#8227,#8228,#8229),
 .UNSPECIFIED.,.F.,.F.,(4,1,4),(0.,0.0536538508620697,0.107913154247356),
 .UNSPECIFIED.);
#228=B_SPLINE_CURVE_WITH_KNOTS('',3,(#8232,#8233,#8234,#8235,#8236),
 .UNSPECIFIED.,.F.,.F.,(4,1,4),(0.,0.0185402564121062,0.0377312889392691),
 .UNSPECIFIED.);
#229=B_SPLINE_CURVE_WITH_KNOTS('',3,(#8240,#8241,#8242,#8243,#8244),
 .UNSPECIFIED.,.F.,.F.,(4,1,4),(0.,0.0350253664664247,0.0637978390032941),
 .UNSPECIFIED.);
#230=B_SPLINE_CURVE_WITH_KNOTS('',3,(#8246,#8247,#8248,#8249,#8250),
 .UNSPECIFIED.,.F.,.F.,(4,1,4),(0.,0.0480523587914888,0.0838907979597454),
 .UNSPECIFIED.);
#231=B_SPLINE_CURVE_WITH_KNOTS('',3,(#8252,#8253,#8254,#8255,#8256),
 .UNSPECIFIED.,.F.,.F.,(4,1,4),(0.,0.0301907865576937,0.0595713256757783),
 .UNSPECIFIED.);
#232=B_SPLINE_CURVE_WITH_KNOTS('',3,(#8258,#8259,#8260,#8261,#8262),
 .UNSPECIFIED.,.F.,.F.,(4,1,4),(0.,0.0361071509158467,0.0837057707113568),
 .UNSPECIFIED.);
#233=B_SPLINE_CURVE_WITH_KNOTS('',3,(#8286,#8287,#8288,#8289,#8290),
 .UNSPECIFIED.,.F.,.F.,(4,1,4),(0.,0.032163954243136,0.0542216240545716),
 .UNSPECIFIED.);
#234=B_SPLINE_CURVE_WITH_KNOTS('',3,(#8291,#8292,#8293,#8294,#8295),
 .UNSPECIFIED.,.F.,.F.,(4,1,4),(0.,0.0180503423268185,0.0438884046128156),
 .UNSPECIFIED.);
#235=B_SPLINE_CURVE_WITH_KNOTS('',3,(#8308,#8309,#8310,#8311,#8312),
 .UNSPECIFIED.,.F.,.F.,(4,1,4),(0.,0.0801323711357008,0.162565810550159),
 .UNSPECIFIED.);
#236=B_SPLINE_CURVE_WITH_KNOTS('',3,(#8314,#8315,#8316,#8317,#8318),
 .UNSPECIFIED.,.F.,.F.,(4,1,4),(0.,0.0858250254577473,0.173456153148216),
 .UNSPECIFIED.);
#237=B_SPLINE_CURVE_WITH_KNOTS('',3,(#8320,#8321,#8322,#8323,#8324),
 .UNSPECIFIED.,.F.,.F.,(4,1,4),(0.,0.0950320537616128,0.200783658790869),
 .UNSPECIFIED.);
#238=B_SPLINE_CURVE_WITH_KNOTS('',3,(#8326,#8327,#8328,#8329,#8330),
 .UNSPECIFIED.,.F.,.F.,(4,1,4),(0.,0.108771782578682,0.201917651662418),
 .UNSPECIFIED.);
#239=B_SPLINE_CURVE_WITH_KNOTS('',3,(#8332,#8333,#8334,#8335,#8336),
 .UNSPECIFIED.,.F.,.F.,(4,1,4),(0.,0.0849785477395012,0.17217482094927),
 .UNSPECIFIED.);
#240=B_SPLINE_CURVE_WITH_KNOTS('',3,(#8338,#8339,#8340,#8341,#8342),
 .UNSPECIFIED.,.F.,.F.,(4,1,4),(0.,0.0802190006596762,0.156741214556761),
 .UNSPECIFIED.);
#241=B_SPLINE_CURVE_WITH_KNOTS('',3,(#8348,#8349,#8350,#8351,#8352),
 .UNSPECIFIED.,.F.,.F.,(4,1,4),(0.,0.0568547819766489,0.119666199484791),
 .UNSPECIFIED.);
#242=B_SPLINE_CURVE_WITH_KNOTS('',3,(#8354,#8355,#8356,#8357,#8358),
 .UNSPECIFIED.,.F.,.F.,(4,1,4),(0.,0.0771818926191094,0.180798197713694),
 .UNSPECIFIED.);
#243=B_SPLINE_CURVE_WITH_KNOTS('',3,(#8362,#8363,#8364,#8365,#8366),
 .UNSPECIFIED.,.F.,.F.,(4,1,4),(0.,0.0741646416362356,0.13664911575375),
 .UNSPECIFIED.);
#244=B_SPLINE_CURVE_WITH_KNOTS('',3,(#8368,#8369,#8370,#8371,#8372),
 .UNSPECIFIED.,.F.,.F.,(4,1,4),(0.,0.0575365642093404,0.116213875231495),
 .UNSPECIFIED.);
#245=B_SPLINE_CURVE_WITH_KNOTS('',3,(#8374,#8375,#8376,#8377,#8378),
 .UNSPECIFIED.,.F.,.F.,(4,1,4),(0.,0.0448621873851884,0.0861638201669753),
 .UNSPECIFIED.);
#246=B_SPLINE_CURVE_WITH_KNOTS('',3,(#8380,#8381,#8382,#8383,#8384),
 .UNSPECIFIED.,.F.,.F.,(4,1,4),(0.,0.0433170009492593,0.093171898579061),
 .UNSPECIFIED.);
#247=B_SPLINE_CURVE_WITH_KNOTS('',3,(#8388,#8389,#8390,#8391,#8392),
 .UNSPECIFIED.,.F.,.F.,(4,1,4),(0.,0.0749996261907434,0.144478184751408),
 .UNSPECIFIED.);
#248=B_SPLINE_CURVE_WITH_KNOTS('',3,(#8394,#8395,#8396,#8397,#8398),
 .UNSPECIFIED.,.F.,.F.,(4,1,4),(0.,0.0705939110760562,0.148637918728945),
 .UNSPECIFIED.);
#249=B_SPLINE_CURVE_WITH_KNOTS('',3,(#8400,#8401,#8402,#8403,#8404),
 .UNSPECIFIED.,.F.,.F.,(4,1,4),(0.,0.101299316308247,0.192568998138257),
 .UNSPECIFIED.);
#250=B_SPLINE_CURVE_WITH_KNOTS('',3,(#8406,#8407,#8408,#8409,#8410),
 .UNSPECIFIED.,.F.,.F.,(4,1,4),(0.,0.0940879817944122,0.201762721273489),
 .UNSPECIFIED.);
#251=B_SPLINE_CURVE_WITH_KNOTS('',3,(#8412,#8413,#8414,#8415,#8416),
 .UNSPECIFIED.,.F.,.F.,(4,1,4),(0.,0.107607311786371,0.203461898592572),
 .UNSPECIFIED.);
#252=B_SPLINE_CURVE_WITH_KNOTS('',3,(#8418,#8419,#8420,#8421,#8422),
 .UNSPECIFIED.,.F.,.F.,(4,1,4),(0.,0.0919695023681322,0.192321527684639),
 .UNSPECIFIED.);
#253=B_SPLINE_CURVE_WITH_KNOTS('',3,(#8423,#8424,#8425,#8426,#8427),
 .UNSPECIFIED.,.F.,.F.,(4,1,4),(0.,0.0536547986012087,0.107913201884516),
 .UNSPECIFIED.);
#254=B_SPLINE_CURVE_WITH_KNOTS('',3,(#8430,#8431,#8432,#8433,#8434),
 .UNSPECIFIED.,.F.,.F.,(4,1,4),(0.,0.0185402564121062,0.0377312889392691),
 .UNSPECIFIED.);
#255=B_SPLINE_CURVE_WITH_KNOTS('',3,(#8438,#8439,#8440,#8441,#8442),
 .UNSPECIFIED.,.F.,.F.,(4,1,4),(0.,0.0350253664664247,0.0637978390032941),
 .UNSPECIFIED.);
#256=B_SPLINE_CURVE_WITH_KNOTS('',3,(#8444,#8445,#8446,#8447,#8448),
 .UNSPECIFIED.,.F.,.F.,(4,1,4),(0.,0.0480533076858422,0.0838917468540988),
 .UNSPECIFIED.);
#257=B_SPLINE_CURVE_WITH_KNOTS('',3,(#8450,#8451,#8452,#8453,#8454),
 .UNSPECIFIED.,.F.,.F.,(4,1,4),(0.,0.0301914306364432,0.0595716273981395),
 .UNSPECIFIED.);
#258=B_SPLINE_CURVE_WITH_KNOTS('',3,(#8456,#8457,#8458,#8459,#8460),
 .UNSPECIFIED.,.F.,.F.,(4,1,4),(0.,0.0361070394427752,0.0837056592382853),
 .UNSPECIFIED.);
#259=B_SPLINE_CURVE_WITH_KNOTS('',3,(#8484,#8485,#8486,#8487,#8488),
 .UNSPECIFIED.,.F.,.F.,(4,1,4),(0.,0.032163954243136,0.0542216240545716),
 .UNSPECIFIED.);
#260=B_SPLINE_CURVE_WITH_KNOTS('',3,(#8489,#8490,#8491,#8492,#8493),
 .UNSPECIFIED.,.F.,.F.,(4,1,4),(0.,0.0180503423268185,0.0438884046128156),
 .UNSPECIFIED.);
#261=B_SPLINE_CURVE_WITH_KNOTS('',3,(#8607,#8608,#8609,#8610,#8611),
 .UNSPECIFIED.,.F.,.F.,(4,1,4),(0.,0.0505474558135972,0.115388252023394),
 .UNSPECIFIED.);
#262=B_SPLINE_CURVE_WITH_KNOTS('',3,(#8625,#8626,#8627,#8628,#8629),
 .UNSPECIFIED.,.F.,.F.,(4,1,4),(0.,0.0450472900674165,0.0881162351703634),
 .UNSPECIFIED.);
#263=B_SPLINE_CURVE_WITH_KNOTS('',3,(#8642,#8643,#8644,#8645,#8646),
 .UNSPECIFIED.,.F.,.F.,(4,1,4),(0.,0.0474826901366973,0.0949546902899002),
 .UNSPECIFIED.);
#264=B_SPLINE_CURVE_WITH_KNOTS('',3,(#8659,#8660,#8661,#8662,#8663),
 .UNSPECIFIED.,.F.,.F.,(4,1,4),(0.,0.0845866113513549,0.168817740783037),
 .UNSPECIFIED.);
#265=B_SPLINE_CURVE_WITH_KNOTS('',3,(#8696,#8697,#8698,#8699,#8700),
 .UNSPECIFIED.,.F.,.F.,(4,1,4),(0.,0.0582633849163862,0.137074438472265),
 .UNSPECIFIED.);
#266=B_SPLINE_CURVE_WITH_KNOTS('',3,(#8713,#8714,#8715,#8716,#8717),
 .UNSPECIFIED.,.F.,.F.,(4,1,4),(0.,0.0496933828331582,0.100909024680693),
 .UNSPECIFIED.);
#267=B_SPLINE_CURVE_WITH_KNOTS('',3,(#8730,#8731,#8732,#8733,#8734),
 .UNSPECIFIED.,.F.,.F.,(4,1,4),(0.,0.0398898852247742,0.0861075064759698),
 .UNSPECIFIED.);
#268=B_SPLINE_CURVE_WITH_KNOTS('',3,(#8747,#8748,#8749,#8750,#8751),
 .UNSPECIFIED.,.F.,.F.,(4,1,4),(0.,0.0537228193051429,0.0965959431634254),
 .UNSPECIFIED.);
#269=B_SPLINE_CURVE_WITH_KNOTS('',3,(#8775,#8776,#8777,#8778,#8779),
 .UNSPECIFIED.,.F.,.F.,(4,1,4),(0.,0.0837381489956042,0.151302035908585),
 .UNSPECIFIED.);
#270=B_SPLINE_CURVE_WITH_KNOTS('',3,(#8783,#8784,#8785,#8786,#8787),
 .UNSPECIFIED.,.F.,.F.,(4,1,4),(0.,0.0837381489956042,0.151302035908585),
 .UNSPECIFIED.);
#271=B_SPLINE_CURVE_WITH_KNOTS('',3,(#8800,#8801,#8802,#8803,#8804),
 .UNSPECIFIED.,.F.,.F.,(4,1,4),(0.,0.0671937373301256,0.151150061283151),
 .UNSPECIFIED.);
#272=B_SPLINE_CURVE_WITH_KNOTS('',3,(#8807,#8808,#8809,#8810,#8811),
 .UNSPECIFIED.,.F.,.F.,(4,1,4),(0.,0.0671937373301256,0.151150061283151),
 .UNSPECIFIED.);
#273=B_SPLINE_CURVE_WITH_KNOTS('',3,(#8823,#8824,#8825,#8826,#8827),
 .UNSPECIFIED.,.F.,.F.,(4,1,4),(0.,0.0597101938154672,0.119034930071925),
 .UNSPECIFIED.);
#274=B_SPLINE_CURVE_WITH_KNOTS('',3,(#8830,#8831,#8832,#8833,#8834),
 .UNSPECIFIED.,.F.,.F.,(4,1,4),(0.,0.0597101938154672,0.119034930071925),
 .UNSPECIFIED.);
#275=B_SPLINE_CURVE_WITH_KNOTS('',3,(#8846,#8847,#8848,#8849,#8850),
 .UNSPECIFIED.,.F.,.F.,(4,1,4),(0.,0.059086173514075,0.117600140727966),
 .UNSPECIFIED.);
#276=B_SPLINE_CURVE_WITH_KNOTS('',3,(#8853,#8854,#8855,#8856,#8857),
 .UNSPECIFIED.,.F.,.F.,(4,1,4),(0.,0.059086173514075,0.117600140727966),
 .UNSPECIFIED.);
#277=B_SPLINE_CURVE_WITH_KNOTS('',3,(#8869,#8870,#8871,#8872,#8873),
 .UNSPECIFIED.,.F.,.F.,(4,1,4),(0.,0.0824888593567828,0.149453937251166),
 .UNSPECIFIED.);
#278=B_SPLINE_CURVE_WITH_KNOTS('',3,(#8876,#8877,#8878,#8879,#8880),
 .UNSPECIFIED.,.F.,.F.,(4,1,4),(0.,0.0824888593567828,0.149453937251166),
 .UNSPECIFIED.);
#279=B_SPLINE_CURVE_WITH_KNOTS('',3,(#8892,#8893,#8894,#8895,#8896),
 .UNSPECIFIED.,.F.,.F.,(4,1,4),(0.,0.0679669331278866,0.147273679277928),
 .UNSPECIFIED.);
#280=B_SPLINE_CURVE_WITH_KNOTS('',3,(#8899,#8900,#8901,#8902,#8903),
 .UNSPECIFIED.,.F.,.F.,(4,1,4),(0.,0.0679669331278866,0.147273679277928),
 .UNSPECIFIED.);
#281=B_SPLINE_CURVE_WITH_KNOTS('',3,(#8915,#8916,#8917,#8918,#8919),
 .UNSPECIFIED.,.F.,.F.,(4,1,4),(0.,0.0649045129894173,0.12604513538368),
 .UNSPECIFIED.);
#282=B_SPLINE_CURVE_WITH_KNOTS('',3,(#8922,#8923,#8924,#8925,#8926),
 .UNSPECIFIED.,.F.,.F.,(4,1,4),(0.,0.0649045129894173,0.12604513538368),
 .UNSPECIFIED.);
#283=B_SPLINE_CURVE_WITH_KNOTS('',3,(#8937,#8938,#8939,#8940,#8941),
 .UNSPECIFIED.,.F.,.F.,(4,1,4),(0.,0.0593914946205203,0.118272903080052),
 .UNSPECIFIED.);
#284=B_SPLINE_CURVE_WITH_KNOTS('',3,(#8942,#8943,#8944,#8945,#8946),
 .UNSPECIFIED.,.F.,.F.,(4,1,4),(0.,0.0593914946205203,0.118272903080052),
 .UNSPECIFIED.);
#285=B_SPLINE_CURVE_WITH_KNOTS('',3,(#8960,#8961,#8962,#8963,#8964),
 .UNSPECIFIED.,.F.,.F.,(4,1,4),(0.,0.115712327791116,0.211025285852054),
 .UNSPECIFIED.);
#286=B_SPLINE_CURVE_WITH_KNOTS('',3,(#8978,#8979,#8980,#8981,#8982),
 .UNSPECIFIED.,.F.,.F.,(4,1,4),(0.,0.0959566496712004,0.214420601492108),
 .UNSPECIFIED.);
#287=B_SPLINE_CURVE_WITH_KNOTS('',3,(#8995,#8996,#8997,#8998,#8999),
 .UNSPECIFIED.,.F.,.F.,(4,1,4),(0.,0.0893764376230728,0.178255985007032),
 .UNSPECIFIED.);
#288=B_SPLINE_CURVE_WITH_KNOTS('',3,(#9012,#9013,#9014,#9015,#9016),
 .UNSPECIFIED.,.F.,.F.,(4,1,4),(0.,0.0887513242123346,0.17550867837328),
 .UNSPECIFIED.);
#289=B_SPLINE_CURVE_WITH_KNOTS('',3,(#9029,#9030,#9031,#9032,#9033),
 .UNSPECIFIED.,.F.,.F.,(4,1,4),(0.,0.126550334063866,0.224937704469357),
 .UNSPECIFIED.);
#290=B_SPLINE_CURVE_WITH_KNOTS('',3,(#9046,#9047,#9048,#9049,#9050),
 .UNSPECIFIED.,.F.,.F.,(4,1,4),(0.,0.0938348703081603,0.202229219410593),
 .UNSPECIFIED.);
#291=B_SPLINE_CURVE_WITH_KNOTS('',3,(#9063,#9064,#9065,#9066,#9067),
 .UNSPECIFIED.,.F.,.F.,(4,1,4),(0.,0.093559349948019,0.183071664765976),
 .UNSPECIFIED.);
#292=B_SPLINE_CURVE_WITH_KNOTS('',3,(#9078,#9079,#9080,#9081,#9082),
 .UNSPECIFIED.,.F.,.F.,(4,1,4),(0.,0.0893246716601193,0.181688042325086),
 .UNSPECIFIED.);
#293=B_SPLINE_CURVE_WITH_KNOTS('',3,(#9096,#9097,#9098,#9099,#9100),
 .UNSPECIFIED.,.F.,.F.,(4,1,4),(0.,0.0837380302122781,0.151302358767396),
 .UNSPECIFIED.);
#294=B_SPLINE_CURVE_WITH_KNOTS('',3,(#9104,#9105,#9106,#9107,#9108),
 .UNSPECIFIED.,.F.,.F.,(4,1,4),(0.,0.0837380302122781,0.151302358767396),
 .UNSPECIFIED.);
#295=B_SPLINE_CURVE_WITH_KNOTS('',3,(#9121,#9122,#9123,#9124,#9125),
 .UNSPECIFIED.,.F.,.F.,(4,1,4),(0.,0.0671937373301256,0.15115017842518),
 .UNSPECIFIED.);
#296=B_SPLINE_CURVE_WITH_KNOTS('',3,(#9128,#9129,#9130,#9131,#9132),
 .UNSPECIFIED.,.F.,.F.,(4,1,4),(0.,0.0671937373301256,0.15115017842518),
 .UNSPECIFIED.);
#297=B_SPLINE_CURVE_WITH_KNOTS('',3,(#9144,#9145,#9146,#9147,#9148),
 .UNSPECIFIED.,.F.,.F.,(4,1,4),(0.,0.0597092598312682,0.11903475149962),
 .UNSPECIFIED.);
#298=B_SPLINE_CURVE_WITH_KNOTS('',3,(#9151,#9152,#9153,#9154,#9155),
 .UNSPECIFIED.,.F.,.F.,(4,1,4),(0.,0.0597092598312682,0.11903475149962),
 .UNSPECIFIED.);
#299=B_SPLINE_CURVE_WITH_KNOTS('',3,(#9167,#9168,#9169,#9170,#9171),
 .UNSPECIFIED.,.F.,.F.,(4,1,4),(0.,0.059086173514075,0.117600140727966),
 .UNSPECIFIED.);
#300=B_SPLINE_CURVE_WITH_KNOTS('',3,(#9174,#9175,#9176,#9177,#9178),
 .UNSPECIFIED.,.F.,.F.,(4,1,4),(0.,0.059086173514075,0.117600140727966),
 .UNSPECIFIED.);
#301=B_SPLINE_CURVE_WITH_KNOTS('',3,(#9190,#9191,#9192,#9193,#9194),
 .UNSPECIFIED.,.F.,.F.,(4,1,4),(0.,0.0824888593567828,0.14945348163357),
 .UNSPECIFIED.);
#302=B_SPLINE_CURVE_WITH_KNOTS('',3,(#9197,#9198,#9199,#9200,#9201),
 .UNSPECIFIED.,.F.,.F.,(4,1,4),(0.,0.0824888593567828,0.14945348163357),
 .UNSPECIFIED.);
#303=B_SPLINE_CURVE_WITH_KNOTS('',3,(#9213,#9214,#9215,#9216,#9217),
 .UNSPECIFIED.,.F.,.F.,(4,1,4),(0.,0.0679673277651594,0.147273961178335),
 .UNSPECIFIED.);
#304=B_SPLINE_CURVE_WITH_KNOTS('',3,(#9220,#9221,#9222,#9223,#9224),
 .UNSPECIFIED.,.F.,.F.,(4,1,4),(0.,0.0679673277651594,0.147273961178335),
 .UNSPECIFIED.);
#305=B_SPLINE_CURVE_WITH_KNOTS('',3,(#9236,#9237,#9238,#9239,#9240),
 .UNSPECIFIED.,.F.,.F.,(4,1,4),(0.,0.0649054462429557,0.126044628229746),
 .UNSPECIFIED.);
#306=B_SPLINE_CURVE_WITH_KNOTS('',3,(#9243,#9244,#9245,#9246,#9247),
 .UNSPECIFIED.,.F.,.F.,(4,1,4),(0.,0.0649054462429557,0.126044628229746),
 .UNSPECIFIED.);
#307=B_SPLINE_CURVE_WITH_KNOTS('',3,(#9258,#9259,#9260,#9261,#9262),
 .UNSPECIFIED.,.F.,.F.,(4,1,4),(0.,0.0593907343973691,0.118274010490527),
 .UNSPECIFIED.);
#308=B_SPLINE_CURVE_WITH_KNOTS('',3,(#9263,#9264,#9265,#9266,#9267),
 .UNSPECIFIED.,.F.,.F.,(4,1,4),(0.,0.0593907343973691,0.118274010490527),
 .UNSPECIFIED.);
#309=B_SPLINE_CURVE_WITH_KNOTS('',3,(#9281,#9282,#9283,#9284,#9285),
 .UNSPECIFIED.,.F.,.F.,(4,1,4),(0.,0.115712327791116,0.211025285852054),
 .UNSPECIFIED.);
#310=B_SPLINE_CURVE_WITH_KNOTS('',3,(#9299,#9300,#9301,#9302,#9303),
 .UNSPECIFIED.,.F.,.F.,(4,1,4),(0.,0.0959561325543506,0.214420084375258),
 .UNSPECIFIED.);
#311=B_SPLINE_CURVE_WITH_KNOTS('',3,(#9316,#9317,#9318,#9319,#9320),
 .UNSPECIFIED.,.F.,.F.,(4,1,4),(0.,0.0893773766849344,0.178256924068894),
 .UNSPECIFIED.);
#312=B_SPLINE_CURVE_WITH_KNOTS('',3,(#9333,#9334,#9335,#9336,#9337),
 .UNSPECIFIED.,.F.,.F.,(4,1,4),(0.,0.0887513242123346,0.175507739288376),
 .UNSPECIFIED.);
#313=B_SPLINE_CURVE_WITH_KNOTS('',3,(#9350,#9351,#9352,#9353,#9354),
 .UNSPECIFIED.,.F.,.F.,(4,1,4),(0.,0.126550334063866,0.224938225844502),
 .UNSPECIFIED.);
#314=B_SPLINE_CURVE_WITH_KNOTS('',3,(#9367,#9368,#9369,#9370,#9371),
 .UNSPECIFIED.,.F.,.F.,(4,1,4),(0.,0.0938353776850558,0.202229726787489),
 .UNSPECIFIED.);
#315=B_SPLINE_CURVE_WITH_KNOTS('',3,(#9384,#9385,#9386,#9387,#9388),
 .UNSPECIFIED.,.F.,.F.,(4,1,4),(0.,0.0935584110507058,0.183070725868662),
 .UNSPECIFIED.);
#316=B_SPLINE_CURVE_WITH_KNOTS('',3,(#9399,#9400,#9401,#9402,#9403),
 .UNSPECIFIED.,.F.,.F.,(4,1,4),(0.,0.0893238709164295,0.181688180524736),
 .UNSPECIFIED.);
#317=B_SPLINE_CURVE_WITH_KNOTS('',3,(#9418,#9419,#9420,#9421,#9422),
 .UNSPECIFIED.,.F.,.F.,(4,1,4),(0.,0.0796801581674267,0.142444977993506),
 .UNSPECIFIED.);
#318=B_SPLINE_CURVE_WITH_KNOTS('',3,(#9460,#9461,#9462,#9463,#9464),
 .UNSPECIFIED.,.F.,.F.,(4,1,4),(0.,0.0539347759739291,0.122059430277436),
 .UNSPECIFIED.);
#319=B_SPLINE_CURVE_WITH_KNOTS('',3,(#9477,#9478,#9479,#9480,#9481),
 .UNSPECIFIED.,.F.,.F.,(4,1,4),(0.,0.0429472744650798,0.0868849713565139),
 .UNSPECIFIED.);
#320=B_SPLINE_CURVE_WITH_KNOTS('',3,(#9494,#9495,#9496,#9497,#9498),
 .UNSPECIFIED.,.F.,.F.,(4,1,4),(0.,0.0339466143013963,0.0646403749771678),
 .UNSPECIFIED.);
#321=B_SPLINE_CURVE_WITH_KNOTS('',3,(#9513,#9514,#9515,#9516,#9517),
 .UNSPECIFIED.,.F.,.F.,(4,1,4),(0.,0.0437552975114804,0.0916273820008048),
 .UNSPECIFIED.);
#322=B_SPLINE_CURVE_WITH_KNOTS('',3,(#9537,#9538,#9539,#9540,#9541),
 .UNSPECIFIED.,.F.,.F.,(4,1,4),(0.,0.0403735081775837,0.077586421409183),
 .UNSPECIFIED.);
#323=B_SPLINE_CURVE_WITH_KNOTS('',3,(#9556,#9557,#9558,#9559,#9560),
 .UNSPECIFIED.,.F.,.F.,(4,1,4),(0.,0.0404623115166495,0.0767174826178088),
 .UNSPECIFIED.);
#324=B_SPLINE_CURVE_WITH_KNOTS('',3,(#9574,#9575,#9576,#9577,#9578),
 .UNSPECIFIED.,.F.,.F.,(4,1,4),(0.,0.054863286247923,0.114010180854263),
 .UNSPECIFIED.);
#325=B_SPLINE_CURVE_WITH_KNOTS('',3,(#9582,#9583,#9584,#9585,#9586),
 .UNSPECIFIED.,.F.,.F.,(4,1,4),(0.,0.054863286247923,0.114010180854263),
 .UNSPECIFIED.);
#326=B_SPLINE_CURVE_WITH_KNOTS('',3,(#9599,#9600,#9601,#9602,#9603),
 .UNSPECIFIED.,.F.,.F.,(4,1,4),(0.,0.055165136153896,0.108114302630012),
 .UNSPECIFIED.);
#327=B_SPLINE_CURVE_WITH_KNOTS('',3,(#9606,#9607,#9608,#9609,#9610),
 .UNSPECIFIED.,.F.,.F.,(4,1,4),(0.,0.055165136153896,0.108114302630012),
 .UNSPECIFIED.);
#328=B_SPLINE_CURVE_WITH_KNOTS('',3,(#9622,#9623,#9624,#9625,#9626),
 .UNSPECIFIED.,.F.,.F.,(4,1,4),(0.,0.050510838854417,0.0989465894769178),
 .UNSPECIFIED.);
#329=B_SPLINE_CURVE_WITH_KNOTS('',3,(#9629,#9630,#9631,#9632,#9633),
 .UNSPECIFIED.,.F.,.F.,(4,1,4),(0.,0.050510838854417,0.0989465894769178),
 .UNSPECIFIED.);
#330=B_SPLINE_CURVE_WITH_KNOTS('',3,(#9645,#9646,#9647,#9648,#9649),
 .UNSPECIFIED.,.F.,.F.,(4,1,4),(0.,0.0668457951017827,0.121760655948634),
 .UNSPECIFIED.);
#331=B_SPLINE_CURVE_WITH_KNOTS('',3,(#9652,#9653,#9654,#9655,#9656),
 .UNSPECIFIED.,.F.,.F.,(4,1,4),(0.,0.0668457951017827,0.121760655948634),
 .UNSPECIFIED.);
#332=B_SPLINE_CURVE_WITH_KNOTS('',3,(#9673,#9674,#9675,#9676,#9677),
 .UNSPECIFIED.,.F.,.F.,(4,1,4),(0.,0.0568532133405787,0.11966581583273),
 .UNSPECIFIED.);
#333=B_SPLINE_CURVE_WITH_KNOTS('',3,(#9691,#9692,#9693,#9694,#9695),
 .UNSPECIFIED.,.F.,.F.,(4,1,4),(0.,0.0536538508620697,0.107912254145377),
 .UNSPECIFIED.);
#334=B_SPLINE_CURVE_WITH_KNOTS('',3,(#9708,#9709,#9710,#9711,#9712),
 .UNSPECIFIED.,.F.,.F.,(4,1,4),(0.,0.0919710334832181,0.192321183366751),
 .UNSPECIFIED.);
#335=B_SPLINE_CURVE_WITH_KNOTS('',3,(#9725,#9726,#9727,#9728,#9729),
 .UNSPECIFIED.,.F.,.F.,(4,1,4),(0.,0.107607311786371,0.203462353302851),
 .UNSPECIFIED.);
#336=B_SPLINE_CURVE_WITH_KNOTS('',3,(#9742,#9743,#9744,#9745,#9746),
 .UNSPECIFIED.,.F.,.F.,(4,1,4),(0.,0.0940884592905777,0.201763198769654),
 .UNSPECIFIED.);
#337=B_SPLINE_CURVE_WITH_KNOTS('',3,(#9759,#9760,#9761,#9762,#9763),
 .UNSPECIFIED.,.F.,.F.,(4,1,4),(0.,0.101299316308247,0.192569786713451),
 .UNSPECIFIED.);
#338=B_SPLINE_CURVE_WITH_KNOTS('',3,(#9776,#9777,#9778,#9779,#9780),
 .UNSPECIFIED.,.F.,.F.,(4,1,4),(0.,0.0705947659601298,0.148637828493414),
 .UNSPECIFIED.);
#339=B_SPLINE_CURVE_WITH_KNOTS('',3,(#9793,#9794,#9795,#9796,#9797),
 .UNSPECIFIED.,.F.,.F.,(4,1,4),(0.,0.0749992462070638,0.144477804767728),
 .UNSPECIFIED.);
#340=B_SPLINE_CURVE_WITH_KNOTS('',3,(#9814,#9815,#9816,#9817,#9818),
 .UNSPECIFIED.,.F.,.F.,(4,1,4),(0.,0.0433176382123381,0.093171724357722),
 .UNSPECIFIED.);
#341=B_SPLINE_CURVE_WITH_KNOTS('',3,(#9831,#9832,#9833,#9834,#9835),
 .UNSPECIFIED.,.F.,.F.,(4,1,4),(0.,0.0448631315229863,0.0861630703866054),
 .UNSPECIFIED.);
#342=B_SPLINE_CURVE_WITH_KNOTS('',3,(#9848,#9849,#9850,#9851,#9852),
 .UNSPECIFIED.,.F.,.F.,(4,1,4),(0.,0.0575365642093404,0.116214812311533),
 .UNSPECIFIED.);
#343=B_SPLINE_CURVE_WITH_KNOTS('',3,(#9865,#9866,#9867,#9868,#9869),
 .UNSPECIFIED.,.F.,.F.,(4,1,4),(0.,0.0741646416362356,0.13664911575375),
 .UNSPECIFIED.);
#344=B_SPLINE_CURVE_WITH_KNOTS('',3,(#9884,#9885,#9886,#9887,#9888),
 .UNSPECIFIED.,.F.,.F.,(4,1,4),(0.,0.0771818926191094,0.180798197713694),
 .UNSPECIFIED.);
#345=B_SPLINE_CURVE_WITH_KNOTS('',3,(#9903,#9904,#9905,#9906,#9907),
 .UNSPECIFIED.,.F.,.F.,(4,1,4),(0.,0.0377369717512057,0.0865071583271952),
 .UNSPECIFIED.);
#346=B_SPLINE_CURVE_WITH_KNOTS('',3,(#9921,#9922,#9923,#9924,#9925),
 .UNSPECIFIED.,.F.,.F.,(4,1,4),(0.,0.0341481350312021,0.0665785814105556),
 .UNSPECIFIED.);
#347=B_SPLINE_CURVE_WITH_KNOTS('',3,(#9938,#9939,#9940,#9941,#9942),
 .UNSPECIFIED.,.F.,.F.,(4,1,4),(0.,0.0384703060197386,0.0741105206854538),
 .UNSPECIFIED.);
#348=B_SPLINE_CURVE_WITH_KNOTS('',3,(#9955,#9956,#9957,#9958,#9959),
 .UNSPECIFIED.,.F.,.F.,(4,1,4),(0.,0.0392963800011605,0.0793820942211799),
 .UNSPECIFIED.);
#349=B_SPLINE_CURVE_WITH_KNOTS('',3,(#9972,#9973,#9974,#9975,#9976),
 .UNSPECIFIED.,.F.,.F.,(4,1,4),(0.,0.0451534375377015,0.0939439181708176),
 .UNSPECIFIED.);
#350=B_SPLINE_CURVE_WITH_KNOTS('',3,(#9989,#9990,#9991,#9992,#9993),
 .UNSPECIFIED.,.F.,.F.,(4,1,4),(0.,0.0464233236068495,0.0903158077412555),
 .UNSPECIFIED.);
#351=B_SPLINE_CURVE_WITH_KNOTS('',3,(#10030,#10031,#10032,#10033,#10034),
 .UNSPECIFIED.,.F.,.F.,(4,1,4),(0.,0.0415558629627434,0.0956938506403082),
 .UNSPECIFIED.);
#352=B_SPLINE_CURVE_WITH_KNOTS('',3,(#10047,#10048,#10049,#10050,#10051),
 .UNSPECIFIED.,.F.,.F.,(4,1,4),(0.,0.03600419142321,0.0710483139663552),
 .UNSPECIFIED.);
#353=B_SPLINE_CURVE_WITH_KNOTS('',3,(#10064,#10065,#10066,#10067,#10068),
 .UNSPECIFIED.,.F.,.F.,(4,1,4),(0.,0.0368484213435371,0.0741467949906378),
 .UNSPECIFIED.);
#354=B_SPLINE_CURVE_WITH_KNOTS('',3,(#10081,#10082,#10083,#10084,#10085),
 .UNSPECIFIED.,.F.,.F.,(4,1,4),(0.,0.0390024903403074,0.0829475263013078),
 .UNSPECIFIED.);
#355=B_SPLINE_CURVE_WITH_KNOTS('',3,(#10098,#10099,#10100,#10101,#10102),
 .UNSPECIFIED.,.F.,.F.,(4,1,4),(0.,0.0648224434163432,0.110366466105624),
 .UNSPECIFIED.);
#356=B_SPLINE_CURVE_WITH_KNOTS('',3,(#10126,#10127,#10128,#10129,#10130),
 .UNSPECIFIED.,.F.,.F.,(4,1,4),(0.,0.054863286247923,0.114010409484962),
 .UNSPECIFIED.);
#357=B_SPLINE_CURVE_WITH_KNOTS('',3,(#10134,#10135,#10136,#10137,#10138),
 .UNSPECIFIED.,.F.,.F.,(4,1,4),(0.,0.054863286247923,0.114010409484962),
 .UNSPECIFIED.);
#358=B_SPLINE_CURVE_WITH_KNOTS('',3,(#10151,#10152,#10153,#10154,#10155),
 .UNSPECIFIED.,.F.,.F.,(4,1,4),(0.,0.055164198156089,0.108114151914192),
 .UNSPECIFIED.);
#359=B_SPLINE_CURVE_WITH_KNOTS('',3,(#10158,#10159,#10160,#10161,#10162),
 .UNSPECIFIED.,.F.,.F.,(4,1,4),(0.,0.055164198156089,0.108114151914192),
 .UNSPECIFIED.);
#360=B_SPLINE_CURVE_WITH_KNOTS('',3,(#10174,#10175,#10176,#10177,#10178),
 .UNSPECIFIED.,.F.,.F.,(4,1,4),(0.,0.050510838854417,0.0989465894769178),
 .UNSPECIFIED.);
#361=B_SPLINE_CURVE_WITH_KNOTS('',3,(#10181,#10182,#10183,#10184,#10185),
 .UNSPECIFIED.,.F.,.F.,(4,1,4),(0.,0.050510838854417,0.0989465894769178),
 .UNSPECIFIED.);
#362=B_SPLINE_CURVE_WITH_KNOTS('',3,(#10197,#10198,#10199,#10200,#10201),
 .UNSPECIFIED.,.F.,.F.,(4,1,4),(0.,0.0668457951017827,0.121760084071362),
 .UNSPECIFIED.);
#363=B_SPLINE_CURVE_WITH_KNOTS('',3,(#10204,#10205,#10206,#10207,#10208),
 .UNSPECIFIED.,.F.,.F.,(4,1,4),(0.,0.0668457951017827,0.121760084071362),
 .UNSPECIFIED.);
#364=B_SPLINE_CURVE_WITH_KNOTS('',3,(#10225,#10226,#10227,#10228,#10229),
 .UNSPECIFIED.,.F.,.F.,(4,1,4),(0.,0.0568532133405787,0.11966581583273),
 .UNSPECIFIED.);
#365=B_SPLINE_CURVE_WITH_KNOTS('',3,(#10243,#10244,#10245,#10246,#10247),
 .UNSPECIFIED.,.F.,.F.,(4,1,4),(0.,0.0536538508620697,0.107913154247356),
 .UNSPECIFIED.);
#366=B_SPLINE_CURVE_WITH_KNOTS('',3,(#10260,#10261,#10262,#10263,#10264),
 .UNSPECIFIED.,.F.,.F.,(4,1,4),(0.,0.0919702679239169,0.192321355523786),
 .UNSPECIFIED.);
#367=B_SPLINE_CURVE_WITH_KNOTS('',3,(#10277,#10278,#10279,#10280,#10281),
 .UNSPECIFIED.,.F.,.F.,(4,1,4),(0.,0.107607311786371,0.203461898592572),
 .UNSPECIFIED.);
#368=B_SPLINE_CURVE_WITH_KNOTS('',3,(#10294,#10295,#10296,#10297,#10298),
 .UNSPECIFIED.,.F.,.F.,(4,1,4),(0.,0.0940884592905777,0.201763198769654),
 .UNSPECIFIED.);
#369=B_SPLINE_CURVE_WITH_KNOTS('',3,(#10311,#10312,#10313,#10314,#10315),
 .UNSPECIFIED.,.F.,.F.,(4,1,4),(0.,0.101299316308247,0.192568209566215),
 .UNSPECIFIED.);
#370=B_SPLINE_CURVE_WITH_KNOTS('',3,(#10328,#10329,#10330,#10331,#10332),
 .UNSPECIFIED.,.F.,.F.,(4,1,4),(0.,0.0705947659601298,0.148637828493414),
 .UNSPECIFIED.);
#371=B_SPLINE_CURVE_WITH_KNOTS('',3,(#10345,#10346,#10347,#10348,#10349),
 .UNSPECIFIED.,.F.,.F.,(4,1,4),(0.,0.0749992462070638,0.144477804767728),
 .UNSPECIFIED.);
#372=B_SPLINE_CURVE_WITH_KNOTS('',3,(#10366,#10367,#10368,#10369,#10370),
 .UNSPECIFIED.,.F.,.F.,(4,1,4),(0.,0.0433182754870376,0.0931723616324215),
 .UNSPECIFIED.);
#373=B_SPLINE_CURVE_WITH_KNOTS('',3,(#10383,#10384,#10385,#10386,#10387),
 .UNSPECIFIED.,.F.,.F.,(4,1,4),(0.,0.0448621873851884,0.0861638201669753),
 .UNSPECIFIED.);
#374=B_SPLINE_CURVE_WITH_KNOTS('',3,(#10400,#10401,#10402,#10403,#10404),
 .UNSPECIFIED.,.F.,.F.,(4,1,4),(0.,0.0575349947495751,0.116213242851768),
 .UNSPECIFIED.);
#375=B_SPLINE_CURVE_WITH_KNOTS('',3,(#10417,#10418,#10419,#10420,#10421),
 .UNSPECIFIED.,.F.,.F.,(4,1,4),(0.,0.0741646416362356,0.13664911575375),
 .UNSPECIFIED.);
#376=B_SPLINE_CURVE_WITH_KNOTS('',3,(#10436,#10437,#10438,#10439,#10440),
 .UNSPECIFIED.,.F.,.F.,(4,1,4),(0.,0.0771818926191094,0.180798197713694),
 .UNSPECIFIED.);
#377=B_SPLINE_CURVE_WITH_KNOTS('',3,(#10455,#10456,#10457,#10458,#10459),
 .UNSPECIFIED.,.F.,.F.,(4,1,4),(0.,0.0185402564121062,0.0377312889392691),
 .UNSPECIFIED.);
#378=B_SPLINE_CURVE_WITH_KNOTS('',3,(#10473,#10474,#10475,#10476,#10477),
 .UNSPECIFIED.,.F.,.F.,(4,1,4),(0.,0.0180503423268185,0.0438884046128156),
 .UNSPECIFIED.);
#379=B_SPLINE_CURVE_WITH_KNOTS('',3,(#10490,#10491,#10492,#10493,#10494),
 .UNSPECIFIED.,.F.,.F.,(4,1,4),(0.,0.032163954243136,0.0542216240545716),
 .UNSPECIFIED.);
#380=B_SPLINE_CURVE_WITH_KNOTS('',3,(#10551,#10552,#10553,#10554,#10555),
 .UNSPECIFIED.,.F.,.F.,(4,1,4),(0.,0.0361071509158467,0.0837057707113568),
 .UNSPECIFIED.);
#381=B_SPLINE_CURVE_WITH_KNOTS('',3,(#10568,#10569,#10570,#10571,#10572),
 .UNSPECIFIED.,.F.,.F.,(4,1,4),(0.,0.0301907865576937,0.0595713256757783),
 .UNSPECIFIED.);
#382=B_SPLINE_CURVE_WITH_KNOTS('',3,(#10585,#10586,#10587,#10588,#10589),
 .UNSPECIFIED.,.F.,.F.,(4,1,4),(0.,0.0480523587914888,0.0838907979597454),
 .UNSPECIFIED.);
#383=B_SPLINE_CURVE_WITH_KNOTS('',3,(#10602,#10603,#10604,#10605,#10606),
 .UNSPECIFIED.,.F.,.F.,(4,1,4),(0.,0.0350253664664247,0.0637978390032941),
 .UNSPECIFIED.);
#384=B_SPLINE_CURVE_WITH_KNOTS('',3,(#10622,#10623,#10624,#10625,#10626),
 .UNSPECIFIED.,.F.,.F.,(4,1,4),(0.,0.0432728598201756,0.0826584727903516),
 .UNSPECIFIED.);
#385=B_SPLINE_CURVE_WITH_KNOTS('',3,(#10630,#10631,#10632,#10633,#10634),
 .UNSPECIFIED.,.F.,.F.,(4,1,4),(0.,0.0432728598201756,0.0826584727903516),
 .UNSPECIFIED.);
#386=B_SPLINE_CURVE_WITH_KNOTS('',3,(#10647,#10648,#10649,#10650,#10651),
 .UNSPECIFIED.,.F.,.F.,(4,1,4),(0.,0.0573607163470329,0.10700440935043),
 .UNSPECIFIED.);
#387=B_SPLINE_CURVE_WITH_KNOTS('',3,(#10654,#10655,#10656,#10657,#10658),
 .UNSPECIFIED.,.F.,.F.,(4,1,4),(0.,0.0573607163470329,0.10700440935043),
 .UNSPECIFIED.);
#388=B_SPLINE_CURVE_WITH_KNOTS('',3,(#10670,#10671,#10672,#10673,#10674),
 .UNSPECIFIED.,.F.,.F.,(4,1,4),(0.,0.0657431361721103,0.143649901601756),
 .UNSPECIFIED.);
#389=B_SPLINE_CURVE_WITH_KNOTS('',3,(#10677,#10678,#10679,#10680,#10681),
 .UNSPECIFIED.,.F.,.F.,(4,1,4),(0.,0.0657431361721103,0.143649901601756),
 .UNSPECIFIED.);
#390=B_SPLINE_CURVE_WITH_KNOTS('',3,(#10693,#10694,#10695,#10696,#10697),
 .UNSPECIFIED.,.F.,.F.,(4,1,4),(0.,0.0591574560653453,0.116765139828419),
 .UNSPECIFIED.);
#391=B_SPLINE_CURVE_WITH_KNOTS('',3,(#10700,#10701,#10702,#10703,#10704),
 .UNSPECIFIED.,.F.,.F.,(4,1,4),(0.,0.0591574560653453,0.116765139828419),
 .UNSPECIFIED.);
#392=B_SPLINE_CURVE_WITH_KNOTS('',3,(#10716,#10717,#10718,#10719,#10720),
 .UNSPECIFIED.,.F.,.F.,(4,1,4),(0.,0.0588573202179673,0.118409527355391),
 .UNSPECIFIED.);
#393=B_SPLINE_CURVE_WITH_KNOTS('',3,(#10723,#10724,#10725,#10726,#10727),
 .UNSPECIFIED.,.F.,.F.,(4,1,4),(0.,0.0588573202179673,0.118409527355391),
 .UNSPECIFIED.);
#394=B_SPLINE_CURVE_WITH_KNOTS('',3,(#10739,#10740,#10741,#10742,#10743),
 .UNSPECIFIED.,.F.,.F.,(4,1,4),(0.,0.082151328538095,0.150597576177925),
 .UNSPECIFIED.);
#395=B_SPLINE_CURVE_WITH_KNOTS('',3,(#10746,#10747,#10748,#10749,#10750),
 .UNSPECIFIED.,.F.,.F.,(4,1,4),(0.,0.082151328538095,0.150597576177925),
 .UNSPECIFIED.);
#396=B_SPLINE_CURVE_WITH_KNOTS('',3,(#10762,#10763,#10764,#10765,#10766),
 .UNSPECIFIED.,.F.,.F.,(4,1,4),(0.,0.0640430018382409,0.145238672949253),
 .UNSPECIFIED.);
#397=B_SPLINE_CURVE_WITH_KNOTS('',3,(#10769,#10770,#10771,#10772,#10773),
 .UNSPECIFIED.,.F.,.F.,(4,1,4),(0.,0.0640430018382409,0.145238672949253),
 .UNSPECIFIED.);
#398=B_SPLINE_CURVE_WITH_KNOTS('',3,(#10785,#10786,#10787,#10788,#10789),
 .UNSPECIFIED.,.F.,.F.,(4,1,4),(0.,0.0523432752256705,0.106955004646268),
 .UNSPECIFIED.);
#399=B_SPLINE_CURVE_WITH_KNOTS('',3,(#10792,#10793,#10794,#10795,#10796),
 .UNSPECIFIED.,.F.,.F.,(4,1,4),(0.,0.0523432752256705,0.106955004646268),
 .UNSPECIFIED.);
#400=B_SPLINE_CURVE_WITH_KNOTS('',3,(#10807,#10808,#10809,#10810,#10811),
 .UNSPECIFIED.,.F.,.F.,(4,1,4),(0.,0.036897145228528,0.0721164052497691),
 .UNSPECIFIED.);
#401=B_SPLINE_CURVE_WITH_KNOTS('',3,(#10812,#10813,#10814,#10815,#10816),
 .UNSPECIFIED.,.F.,.F.,(4,1,4),(0.,0.036897145228528,0.0721164052497691),
 .UNSPECIFIED.);
#402=B_SPLINE_CURVE_WITH_KNOTS('',3,(#10843,#10844,#10845,#10846,#10847),
 .UNSPECIFIED.,.F.,.F.,(4,1,4),(0.,0.0802190006596762,0.156741214556761),
 .UNSPECIFIED.);
#403=B_SPLINE_CURVE_WITH_KNOTS('',3,(#10860,#10861,#10862,#10863,#10864),
 .UNSPECIFIED.,.F.,.F.,(4,1,4),(0.,0.0849785477395012,0.17217482094927),
 .UNSPECIFIED.);
#404=B_SPLINE_CURVE_WITH_KNOTS('',3,(#10877,#10878,#10879,#10880,#10881),
 .UNSPECIFIED.,.F.,.F.,(4,1,4),(0.,0.108771782578682,0.201917651662418),
 .UNSPECIFIED.);
#405=B_SPLINE_CURVE_WITH_KNOTS('',3,(#10894,#10895,#10896,#10897,#10898),
 .UNSPECIFIED.,.F.,.F.,(4,1,4),(0.,0.0950320537616128,0.200783658790869),
 .UNSPECIFIED.);
#406=B_SPLINE_CURVE_WITH_KNOTS('',3,(#10911,#10912,#10913,#10914,#10915),
 .UNSPECIFIED.,.F.,.F.,(4,1,4),(0.,0.0858250254577473,0.173456153148216),
 .UNSPECIFIED.);
#407=B_SPLINE_CURVE_WITH_KNOTS('',3,(#10928,#10929,#10930,#10931,#10932),
 .UNSPECIFIED.,.F.,.F.,(4,1,4),(0.,0.0801323711357008,0.162565810550159),
 .UNSPECIFIED.);
#408=B_SPLINE_CURVE_WITH_KNOTS('',3,(#10960,#10961,#10962,#10963,#10964),
 .UNSPECIFIED.,.F.,.F.,(4,1,4),(0.,0.054863286247923,0.114010180854263),
 .UNSPECIFIED.);
#409=B_SPLINE_CURVE_WITH_KNOTS('',3,(#10968,#10969,#10970,#10971,#10972),
 .UNSPECIFIED.,.F.,.F.,(4,1,4),(0.,0.054863286247923,0.114010180854263),
 .UNSPECIFIED.);
#410=B_SPLINE_CURVE_WITH_KNOTS('',3,(#10985,#10986,#10987,#10988,#10989),
 .UNSPECIFIED.,.F.,.F.,(4,1,4),(0.,0.055165136153896,0.108114302630012),
 .UNSPECIFIED.);
#411=B_SPLINE_CURVE_WITH_KNOTS('',3,(#10992,#10993,#10994,#10995,#10996),
 .UNSPECIFIED.,.F.,.F.,(4,1,4),(0.,0.055165136153896,0.108114302630012),
 .UNSPECIFIED.);
#412=B_SPLINE_CURVE_WITH_KNOTS('',3,(#11008,#11009,#11010,#11011,#11012),
 .UNSPECIFIED.,.F.,.F.,(4,1,4),(0.,0.050510838854417,0.0989465894769178),
 .UNSPECIFIED.);
#413=B_SPLINE_CURVE_WITH_KNOTS('',3,(#11015,#11016,#11017,#11018,#11019),
 .UNSPECIFIED.,.F.,.F.,(4,1,4),(0.,0.050510838854417,0.0989465894769178),
 .UNSPECIFIED.);
#414=B_SPLINE_CURVE_WITH_KNOTS('',3,(#11031,#11032,#11033,#11034,#11035),
 .UNSPECIFIED.,.F.,.F.,(4,1,4),(0.,0.0668457951017827,0.121760655948634),
 .UNSPECIFIED.);
#415=B_SPLINE_CURVE_WITH_KNOTS('',3,(#11038,#11039,#11040,#11041,#11042),
 .UNSPECIFIED.,.F.,.F.,(4,1,4),(0.,0.0668457951017827,0.121760655948634),
 .UNSPECIFIED.);
#416=B_SPLINE_CURVE_WITH_KNOTS('',3,(#11059,#11060,#11061,#11062,#11063),
 .UNSPECIFIED.,.F.,.F.,(4,1,4),(0.,0.0568547819766489,0.119666199484791),
 .UNSPECIFIED.);
#417=B_SPLINE_CURVE_WITH_KNOTS('',3,(#11077,#11078,#11079,#11080,#11081),
 .UNSPECIFIED.,.F.,.F.,(4,1,4),(0.,0.0536547986012087,0.107913201884516),
 .UNSPECIFIED.);
#418=B_SPLINE_CURVE_WITH_KNOTS('',3,(#11094,#11095,#11096,#11097,#11098),
 .UNSPECIFIED.,.F.,.F.,(4,1,4),(0.,0.0919695023681322,0.192321527684639),
 .UNSPECIFIED.);
#419=B_SPLINE_CURVE_WITH_KNOTS('',3,(#11111,#11112,#11113,#11114,#11115),
 .UNSPECIFIED.,.F.,.F.,(4,1,4),(0.,0.107607311786371,0.203461898592572),
 .UNSPECIFIED.);
#420=B_SPLINE_CURVE_WITH_KNOTS('',3,(#11128,#11129,#11130,#11131,#11132),
 .UNSPECIFIED.,.F.,.F.,(4,1,4),(0.,0.0940879817944122,0.201762721273489),
 .UNSPECIFIED.);
#421=B_SPLINE_CURVE_WITH_KNOTS('',3,(#11145,#11146,#11147,#11148,#11149),
 .UNSPECIFIED.,.F.,.F.,(4,1,4),(0.,0.101299316308247,0.192568998138257),
 .UNSPECIFIED.);
#422=B_SPLINE_CURVE_WITH_KNOTS('',3,(#11162,#11163,#11164,#11165,#11166),
 .UNSPECIFIED.,.F.,.F.,(4,1,4),(0.,0.0705939110760562,0.148637918728945),
 .UNSPECIFIED.);
#423=B_SPLINE_CURVE_WITH_KNOTS('',3,(#11179,#11180,#11181,#11182,#11183),
 .UNSPECIFIED.,.F.,.F.,(4,1,4),(0.,0.0749996261907434,0.144478184751408),
 .UNSPECIFIED.);
#424=B_SPLINE_CURVE_WITH_KNOTS('',3,(#11200,#11201,#11202,#11203,#11204),
 .UNSPECIFIED.,.F.,.F.,(4,1,4),(0.,0.0433170009492593,0.093171898579061),
 .UNSPECIFIED.);
#425=B_SPLINE_CURVE_WITH_KNOTS('',3,(#11217,#11218,#11219,#11220,#11221),
 .UNSPECIFIED.,.F.,.F.,(4,1,4),(0.,0.0448621873851884,0.0861638201669753),
 .UNSPECIFIED.);
#426=B_SPLINE_CURVE_WITH_KNOTS('',3,(#11234,#11235,#11236,#11237,#11238),
 .UNSPECIFIED.,.F.,.F.,(4,1,4),(0.,0.0575365642093404,0.116213875231495),
 .UNSPECIFIED.);
#427=B_SPLINE_CURVE_WITH_KNOTS('',3,(#11251,#11252,#11253,#11254,#11255),
 .UNSPECIFIED.,.F.,.F.,(4,1,4),(0.,0.0741646416362356,0.13664911575375),
 .UNSPECIFIED.);
#428=B_SPLINE_CURVE_WITH_KNOTS('',3,(#11270,#11271,#11272,#11273,#11274),
 .UNSPECIFIED.,.F.,.F.,(4,1,4),(0.,0.0771818926191094,0.180798197713694),
 .UNSPECIFIED.);
#429=B_SPLINE_CURVE_WITH_KNOTS('',3,(#11289,#11290,#11291,#11292,#11293),
 .UNSPECIFIED.,.F.,.F.,(4,1,4),(0.,0.0185402564121062,0.0377312889392691),
 .UNSPECIFIED.);
#430=B_SPLINE_CURVE_WITH_KNOTS('',3,(#11307,#11308,#11309,#11310,#11311),
 .UNSPECIFIED.,.F.,.F.,(4,1,4),(0.,0.0180503423268185,0.0438884046128156),
 .UNSPECIFIED.);
#431=B_SPLINE_CURVE_WITH_KNOTS('',3,(#11324,#11325,#11326,#11327,#11328),
 .UNSPECIFIED.,.F.,.F.,(4,1,4),(0.,0.032163954243136,0.0542216240545716),
 .UNSPECIFIED.);
#432=B_SPLINE_CURVE_WITH_KNOTS('',3,(#11385,#11386,#11387,#11388,#11389),
 .UNSPECIFIED.,.F.,.F.,(4,1,4),(0.,0.0361070394427752,0.0837056592382853),
 .UNSPECIFIED.);
#433=B_SPLINE_CURVE_WITH_KNOTS('',3,(#11402,#11403,#11404,#11405,#11406),
 .UNSPECIFIED.,.F.,.F.,(4,1,4),(0.,0.0301914306364432,0.0595716273981395),
 .UNSPECIFIED.);
#434=B_SPLINE_CURVE_WITH_KNOTS('',3,(#11419,#11420,#11421,#11422,#11423),
 .UNSPECIFIED.,.F.,.F.,(4,1,4),(0.,0.0480533076858422,0.0838917468540988),
 .UNSPECIFIED.);
#435=B_SPLINE_CURVE_WITH_KNOTS('',3,(#11436,#11437,#11438,#11439,#11440),
 .UNSPECIFIED.,.F.,.F.,(4,1,4),(0.,0.0350253664664247,0.0637978390032941),
 .UNSPECIFIED.);
#436=TOROIDAL_SURFACE('',#6027,2.,1.);
#437=TOROIDAL_SURFACE('',#6033,2.,1.);
#438=TOROIDAL_SURFACE('',#6069,4.,3.);
#439=TOROIDAL_SURFACE('',#6074,4.,3.);
#440=TOROIDAL_SURFACE('',#6096,10.,7.);
#441=TOROIDAL_SURFACE('',#6101,10.,7.);
#442=TOROIDAL_SURFACE('',#6122,4.91421356237309,1.);
#443=TOROIDAL_SURFACE('',#6125,5.5,1.);
#444=TOROIDAL_SURFACE('',#6162,4.,3.);
#445=TOROIDAL_SURFACE('',#6167,4.,3.);
#446=TOROIDAL_SURFACE('',#6276,10.,7.);
#447=TOROIDAL_SURFACE('',#6280,10.,7.);
#448=FACE_BOUND('',#939,.T.);
#449=FACE_BOUND('',#957,.T.);
#450=FACE_BOUND('',#1002,.T.);
#451=FACE_BOUND('',#1003,.T.);
#452=FACE_BOUND('',#1004,.T.);
#453=FACE_BOUND('',#1005,.T.);
#454=FACE_BOUND('',#1006,.T.);
#455=FACE_BOUND('',#1007,.T.);
#456=FACE_BOUND('',#1008,.T.);
#457=FACE_BOUND('',#1009,.T.);
#458=FACE_BOUND('',#1010,.T.);
#459=FACE_BOUND('',#1011,.T.);
#460=FACE_BOUND('',#1012,.T.);
#461=FACE_BOUND('',#1013,.T.);
#462=FACE_BOUND('',#1063,.T.);
#463=FACE_BOUND('',#1081,.T.);
#464=FACE_BOUND('',#1121,.T.);
#465=FACE_BOUND('',#1164,.T.);
#466=FACE_BOUND('',#1208,.T.);
#467=FACE_BOUND('',#1230,.T.);
#468=CIRCLE('',#6022,4.5);
#469=CIRCLE('',#6023,2.5);
#470=CIRCLE('',#6025,1.);
#471=CIRCLE('',#6026,1.);
#472=CIRCLE('',#6028,1.);
#473=CIRCLE('',#6029,3.);
#474=CIRCLE('',#6030,2.);
#475=CIRCLE('',#6032,1.);
#476=CIRCLE('',#6034,1.);
#477=CIRCLE('',#6035,3.);
#478=CIRCLE('',#6036,2.);
#479=CIRCLE('',#6038,1.);
#480=CIRCLE('',#6041,3.);
#481=CIRCLE('',#6043,3.);
#482=CIRCLE('',#6049,5.);
#483=CIRCLE('',#6050,5.);
#484=CIRCLE('',#6054,3.);
#485=CIRCLE('',#6055,2.99999999999999);
#486=CIRCLE('',#6057,10.);
#487=CIRCLE('',#6058,10.);
#488=CIRCLE('',#6059,5.5);
#489=CIRCLE('',#6060,4.91421356237309);
#490=CIRCLE('',#6063,5.);
#491=CIRCLE('',#6065,5.);
#492=CIRCLE('',#6067,4.);
#493=CIRCLE('',#6068,4.);
#494=CIRCLE('',#6070,3.);
#495=CIRCLE('',#6071,7.);
#496=CIRCLE('',#6075,7.);
#497=CIRCLE('',#6076,3.);
#498=CIRCLE('',#6078,3.00000000000004);
#499=CIRCLE('',#6084,3.00000000000004);
#500=CIRCLE('',#6086,3.00000000000004);
#501=CIRCLE('',#6088,3.00000000000004);
#502=CIRCLE('',#6094,6.99999999999999);
#503=CIRCLE('',#6097,6.99999999999999);
#504=CIRCLE('',#6099,6.99999999999999);
#505=CIRCLE('',#6102,6.99999999999999);
#506=CIRCLE('',#6110,2.5);
#507=CIRCLE('',#6115,4.20710678118656);
#508=CIRCLE('',#6117,4.5);
#509=CIRCLE('',#6121,1.);
#510=CIRCLE('',#6123,1.);
#511=CIRCLE('',#6137,1.);
#512=CIRCLE('',#6138,1.);
#513=CIRCLE('',#6140,5.);
#514=CIRCLE('',#6141,1.);
#515=CIRCLE('',#6142,5.);
#516=CIRCLE('',#6144,1.);
#517=CIRCLE('',#6146,5.);
#518=CIRCLE('',#6148,3.);
#519=CIRCLE('',#6149,3.);
#520=CIRCLE('',#6151,3.);
#521=CIRCLE('',#6152,3.);
#522=CIRCLE('',#6156,4.);
#523=CIRCLE('',#6158,5.);
#524=CIRCLE('',#6160,10.);
#525=CIRCLE('',#6161,10.);
#526=CIRCLE('',#6163,7.);
#527=CIRCLE('',#6164,3.);
#528=CIRCLE('',#6165,4.);
#529=CIRCLE('',#6168,3.);
#530=CIRCLE('',#6169,7.);
#531=CIRCLE('',#6171,7.);
#532=CIRCLE('',#6172,7.);
#533=CIRCLE('',#6259,2.);
#534=CIRCLE('',#6260,2.);
#535=CIRCLE('',#6271,6.99999999999999);
#536=CIRCLE('',#6275,6.99999999999999);
#537=CIRCLE('',#6277,7.00000000000001);
#538=CIRCLE('',#6278,3.00000000000002);
#539=CIRCLE('',#6281,6.99999999999999);
#540=CIRCLE('',#6282,3.00000000000004);
#541=CIRCLE('',#6286,3.00000000000004);
#542=CIRCLE('',#6290,3.00000000000002);
#543=ELLIPSE('',#6015,21.1099684617141,15.);
#544=ELLIPSE('',#6016,21.1099684617141,15.);
#545=ELLIPSE('',#6018,21.1099684617141,15.);
#546=ELLIPSE('',#6019,21.1099684617141,15.);
#547=ELLIPSE('',#6073,9.89949493661167,7.);
#548=ELLIPSE('',#6095,9.89949493661164,7.);
#549=ELLIPSE('',#6100,9.89949493661167,7.);
#550=ELLIPSE('',#6104,9.89949493661168,7.);
#551=ELLIPSE('',#6113,6.36396103067893,4.5);
#552=ELLIPSE('',#6118,6.36396103067893,4.5);
#553=ELLIPSE('',#6129,21.1099684617141,15.);
#554=ELLIPSE('',#6130,21.1099684617141,15.);
#555=ELLIPSE('',#6133,21.1099684617141,15.);
#556=ELLIPSE('',#6134,21.1099684617141,15.);
#557=ELLIPSE('',#6173,9.89949493661168,7.);
#558=ELLIPSE('',#6268,9.89949493661167,7.);
#559=ELLIPSE('',#6270,9.89949493661168,7.);
#560=ELLIPSE('',#6273,9.89949493661167,7.);
#561=CYLINDRICAL_SURFACE('',#6014,15.);
#562=CYLINDRICAL_SURFACE('',#6017,15.);
#563=CYLINDRICAL_SURFACE('',#6024,1.);
#564=CYLINDRICAL_SURFACE('',#6031,1.);
#565=CYLINDRICAL_SURFACE('',#6037,1.);
#566=CYLINDRICAL_SURFACE('',#6040,3.);
#567=CYLINDRICAL_SURFACE('',#6045,3.);
#568=CYLINDRICAL_SURFACE('',#6053,3.);
#569=CYLINDRICAL_SURFACE('',#6062,5.);
#570=CYLINDRICAL_SURFACE('',#6064,5.);
#571=CYLINDRICAL_SURFACE('',#6072,7.);
#572=CYLINDRICAL_SURFACE('',#6083,3.00000000000004);
#573=CYLINDRICAL_SURFACE('',#6087,3.00000000000004);
#574=CYLINDRICAL_SURFACE('',#6093,7.);
#575=CYLINDRICAL_SURFACE('',#6098,7.);
#576=CYLINDRICAL_SURFACE('',#6103,7.);
#577=CYLINDRICAL_SURFACE('',#6105,7.);
#578=CYLINDRICAL_SURFACE('',#6106,7.);
#579=CYLINDRICAL_SURFACE('',#6107,7.);
#580=CYLINDRICAL_SURFACE('',#6109,2.5);
#581=CYLINDRICAL_SURFACE('',#6116,4.5);
#582=CYLINDRICAL_SURFACE('',#6120,1.);
#583=CYLINDRICAL_SURFACE('',#6124,1.);
#584=CYLINDRICAL_SURFACE('',#6128,15.);
#585=CYLINDRICAL_SURFACE('',#6132,15.);
#586=CYLINDRICAL_SURFACE('',#6136,1.);
#587=CYLINDRICAL_SURFACE('',#6143,1.);
#588=CYLINDRICAL_SURFACE('',#6145,5.);
#589=CYLINDRICAL_SURFACE('',#6147,3.);
#590=CYLINDRICAL_SURFACE('',#6150,3.);
#591=CYLINDRICAL_SURFACE('',#6157,5.);
#592=CYLINDRICAL_SURFACE('',#6170,7.);
#593=CYLINDRICAL_SURFACE('',#6258,2.);
#594=CYLINDRICAL_SURFACE('',#6267,7.);
#595=CYLINDRICAL_SURFACE('',#6269,7.);
#596=CYLINDRICAL_SURFACE('',#6272,7.);
#597=CYLINDRICAL_SURFACE('',#6274,7.);
#598=CYLINDRICAL_SURFACE('',#6279,7.);
#599=CYLINDRICAL_SURFACE('',#6283,7.);
#600=CYLINDRICAL_SURFACE('',#6285,3.00000000000004);
#601=CYLINDRICAL_SURFACE('',#6289,3.00000000000002);
#602=FACE_OUTER_BOUND('',#933,.T.);
#603=FACE_OUTER_BOUND('',#934,.T.);
#604=FACE_OUTER_BOUND('',#935,.T.);
#605=FACE_OUTER_BOUND('',#936,.T.);
#606=FACE_OUTER_BOUND('',#937,.T.);
#607=FACE_OUTER_BOUND('',#938,.T.);
#608=FACE_OUTER_BOUND('',#940,.T.);
#609=FACE_OUTER_BOUND('',#941,.T.);
#610=FACE_OUTER_BOUND('',#942,.T.);
#611=FACE_OUTER_BOUND('',#943,.T.);
#612=FACE_OUTER_BOUND('',#944,.T.);
#613=FACE_OUTER_BOUND('',#945,.T.);
#614=FACE_OUTER_BOUND('',#946,.T.);
#615=FACE_OUTER_BOUND('',#947,.T.);
#616=FACE_OUTER_BOUND('',#948,.T.);
#617=FACE_OUTER_BOUND('',#949,.T.);
#618=FACE_OUTER_BOUND('',#950,.T.);
#619=FACE_OUTER_BOUND('',#951,.T.);
#620=FACE_OUTER_BOUND('',#952,.T.);
#621=FACE_OUTER_BOUND('',#953,.T.);
#622=FACE_OUTER_BOUND('',#954,.T.);
#623=FACE_OUTER_BOUND('',#955,.T.);
#624=FACE_OUTER_BOUND('',#956,.T.);
#625=FACE_OUTER_BOUND('',#958,.T.);
#626=FACE_OUTER_BOUND('',#959,.T.);
#627=FACE_OUTER_BOUND('',#960,.T.);
#628=FACE_OUTER_BOUND('',#961,.T.);
#629=FACE_OUTER_BOUND('',#962,.T.);
#630=FACE_OUTER_BOUND('',#963,.T.);
#631=FACE_OUTER_BOUND('',#964,.T.);
#632=FACE_OUTER_BOUND('',#965,.T.);
#633=FACE_OUTER_BOUND('',#966,.T.);
#634=FACE_OUTER_BOUND('',#967,.T.);
#635=FACE_OUTER_BOUND('',#968,.T.);
#636=FACE_OUTER_BOUND('',#969,.T.);
#637=FACE_OUTER_BOUND('',#970,.T.);
#638=FACE_OUTER_BOUND('',#971,.T.);
#639=FACE_OUTER_BOUND('',#972,.T.);
#640=FACE_OUTER_BOUND('',#973,.T.);
#641=FACE_OUTER_BOUND('',#974,.T.);
#642=FACE_OUTER_BOUND('',#975,.T.);
#643=FACE_OUTER_BOUND('',#976,.T.);
#644=FACE_OUTER_BOUND('',#977,.T.);
#645=FACE_OUTER_BOUND('',#978,.T.);
#646=FACE_OUTER_BOUND('',#979,.T.);
#647=FACE_OUTER_BOUND('',#980,.T.);
#648=FACE_OUTER_BOUND('',#981,.T.);
#649=FACE_OUTER_BOUND('',#982,.T.);
#650=FACE_OUTER_BOUND('',#983,.T.);
#651=FACE_OUTER_BOUND('',#984,.T.);
#652=FACE_OUTER_BOUND('',#985,.T.);
#653=FACE_OUTER_BOUND('',#986,.T.);
#654=FACE_OUTER_BOUND('',#987,.T.);
#655=FACE_OUTER_BOUND('',#988,.T.);
#656=FACE_OUTER_BOUND('',#989,.T.);
#657=FACE_OUTER_BOUND('',#990,.T.);
#658=FACE_OUTER_BOUND('',#991,.T.);
#659=FACE_OUTER_BOUND('',#992,.T.);
#660=FACE_OUTER_BOUND('',#993,.T.);
#661=FACE_OUTER_BOUND('',#994,.T.);
#662=FACE_OUTER_BOUND('',#995,.T.);
#663=FACE_OUTER_BOUND('',#996,.T.);
#664=FACE_OUTER_BOUND('',#997,.T.);
#665=FACE_OUTER_BOUND('',#998,.T.);
#666=FACE_OUTER_BOUND('',#999,.T.);
#667=FACE_OUTER_BOUND('',#1000,.T.);
#668=FACE_OUTER_BOUND('',#1001,.T.);
#669=FACE_OUTER_BOUND('',#1014,.T.);
#670=FACE_OUTER_BOUND('',#1015,.T.);
#671=FACE_OUTER_BOUND('',#1016,.T.);
#672=FACE_OUTER_BOUND('',#1017,.T.);
#673=FACE_OUTER_BOUND('',#1018,.T.);
#674=FACE_OUTER_BOUND('',#1019,.T.);
#675=FACE_OUTER_BOUND('',#1020,.T.);
#676=FACE_OUTER_BOUND('',#1021,.T.);
#677=FACE_OUTER_BOUND('',#1022,.T.);
#678=FACE_OUTER_BOUND('',#1023,.T.);
#679=FACE_OUTER_BOUND('',#1024,.T.);
#680=FACE_OUTER_BOUND('',#1025,.T.);
#681=FACE_OUTER_BOUND('',#1026,.T.);
#682=FACE_OUTER_BOUND('',#1027,.T.);
#683=FACE_OUTER_BOUND('',#1028,.T.);
#684=FACE_OUTER_BOUND('',#1029,.T.);
#685=FACE_OUTER_BOUND('',#1030,.T.);
#686=FACE_OUTER_BOUND('',#1031,.T.);
#687=FACE_OUTER_BOUND('',#1032,.T.);
#688=FACE_OUTER_BOUND('',#1033,.T.);
#689=FACE_OUTER_BOUND('',#1034,.T.);
#690=FACE_OUTER_BOUND('',#1035,.T.);
#691=FACE_OUTER_BOUND('',#1036,.T.);
#692=FACE_OUTER_BOUND('',#1037,.T.);
#693=FACE_OUTER_BOUND('',#1038,.T.);
#694=FACE_OUTER_BOUND('',#1039,.T.);
#695=FACE_OUTER_BOUND('',#1040,.T.);
#696=FACE_OUTER_BOUND('',#1041,.T.);
#697=FACE_OUTER_BOUND('',#1042,.T.);
#698=FACE_OUTER_BOUND('',#1043,.T.);
#699=FACE_OUTER_BOUND('',#1044,.T.);
#700=FACE_OUTER_BOUND('',#1045,.T.);
#701=FACE_OUTER_BOUND('',#1046,.T.);
#702=FACE_OUTER_BOUND('',#1047,.T.);
#703=FACE_OUTER_BOUND('',#1048,.T.);
#704=FACE_OUTER_BOUND('',#1049,.T.);
#705=FACE_OUTER_BOUND('',#1050,.T.);
#706=FACE_OUTER_BOUND('',#1051,.T.);
#707=FACE_OUTER_BOUND('',#1052,.T.);
#708=FACE_OUTER_BOUND('',#1053,.T.);
#709=FACE_OUTER_BOUND('',#1054,.T.);
#710=FACE_OUTER_BOUND('',#1055,.T.);
#711=FACE_OUTER_BOUND('',#1056,.T.);
#712=FACE_OUTER_BOUND('',#1057,.T.);
#713=FACE_OUTER_BOUND('',#1058,.T.);
#714=FACE_OUTER_BOUND('',#1059,.T.);
#715=FACE_OUTER_BOUND('',#1060,.T.);
#716=FACE_OUTER_BOUND('',#1061,.T.);
#717=FACE_OUTER_BOUND('',#1062,.T.);
#718=FACE_OUTER_BOUND('',#1064,.T.);
#719=FACE_OUTER_BOUND('',#1065,.T.);
#720=FACE_OUTER_BOUND('',#1066,.T.);
#721=FACE_OUTER_BOUND('',#1067,.T.);
#722=FACE_OUTER_BOUND('',#1068,.T.);
#723=FACE_OUTER_BOUND('',#1069,.T.);
#724=FACE_OUTER_BOUND('',#1070,.T.);
#725=FACE_OUTER_BOUND('',#1071,.T.);
#726=FACE_OUTER_BOUND('',#1072,.T.);
#727=FACE_OUTER_BOUND('',#1073,.T.);
#728=FACE_OUTER_BOUND('',#1074,.T.);
#729=FACE_OUTER_BOUND('',#1075,.T.);
#730=FACE_OUTER_BOUND('',#1076,.T.);
#731=FACE_OUTER_BOUND('',#1077,.T.);
#732=FACE_OUTER_BOUND('',#1078,.T.);
#733=FACE_OUTER_BOUND('',#1079,.T.);
#734=FACE_OUTER_BOUND('',#1080,.T.);
#735=FACE_OUTER_BOUND('',#1082,.T.);
#736=FACE_OUTER_BOUND('',#1083,.T.);
#737=FACE_OUTER_BOUND('',#1084,.T.);
#738=FACE_OUTER_BOUND('',#1085,.T.);
#739=FACE_OUTER_BOUND('',#1086,.T.);
#740=FACE_OUTER_BOUND('',#1087,.T.);
#741=FACE_OUTER_BOUND('',#1088,.T.);
#742=FACE_OUTER_BOUND('',#1089,.T.);
#743=FACE_OUTER_BOUND('',#1090,.T.);
#744=FACE_OUTER_BOUND('',#1091,.T.);
#745=FACE_OUTER_BOUND('',#1092,.T.);
#746=FACE_OUTER_BOUND('',#1093,.T.);
#747=FACE_OUTER_BOUND('',#1094,.T.);
#748=FACE_OUTER_BOUND('',#1095,.T.);
#749=FACE_OUTER_BOUND('',#1096,.T.);
#750=FACE_OUTER_BOUND('',#1097,.T.);
#751=FACE_OUTER_BOUND('',#1098,.T.);
#752=FACE_OUTER_BOUND('',#1099,.T.);
#753=FACE_OUTER_BOUND('',#1100,.T.);
#754=FACE_OUTER_BOUND('',#1101,.T.);
#755=FACE_OUTER_BOUND('',#1102,.T.);
#756=FACE_OUTER_BOUND('',#1103,.T.);
#757=FACE_OUTER_BOUND('',#1104,.T.);
#758=FACE_OUTER_BOUND('',#1105,.T.);
#759=FACE_OUTER_BOUND('',#1106,.T.);
#760=FACE_OUTER_BOUND('',#1107,.T.);
#761=FACE_OUTER_BOUND('',#1108,.T.);
#762=FACE_OUTER_BOUND('',#1109,.T.);
#763=FACE_OUTER_BOUND('',#1110,.T.);
#764=FACE_OUTER_BOUND('',#1111,.T.);
#765=FACE_OUTER_BOUND('',#1112,.T.);
#766=FACE_OUTER_BOUND('',#1113,.T.);
#767=FACE_OUTER_BOUND('',#1114,.T.);
#768=FACE_OUTER_BOUND('',#1115,.T.);
#769=FACE_OUTER_BOUND('',#1116,.T.);
#770=FACE_OUTER_BOUND('',#1117,.T.);
#771=FACE_OUTER_BOUND('',#1118,.T.);
#772=FACE_OUTER_BOUND('',#1119,.T.);
#773=FACE_OUTER_BOUND('',#1120,.T.);
#774=FACE_OUTER_BOUND('',#1122,.T.);
#775=FACE_OUTER_BOUND('',#1123,.T.);
#776=FACE_OUTER_BOUND('',#1124,.T.);
#777=FACE_OUTER_BOUND('',#1125,.T.);
#778=FACE_OUTER_BOUND('',#1126,.T.);
#779=FACE_OUTER_BOUND('',#1127,.T.);
#780=FACE_OUTER_BOUND('',#1128,.T.);
#781=FACE_OUTER_BOUND('',#1129,.T.);
#782=FACE_OUTER_BOUND('',#1130,.T.);
#783=FACE_OUTER_BOUND('',#1131,.T.);
#784=FACE_OUTER_BOUND('',#1132,.T.);
#785=FACE_OUTER_BOUND('',#1133,.T.);
#786=FACE_OUTER_BOUND('',#1134,.T.);
#787=FACE_OUTER_BOUND('',#1135,.T.);
#788=FACE_OUTER_BOUND('',#1136,.T.);
#789=FACE_OUTER_BOUND('',#1137,.T.);
#790=FACE_OUTER_BOUND('',#1138,.T.);
#791=FACE_OUTER_BOUND('',#1139,.T.);
#792=FACE_OUTER_BOUND('',#1140,.T.);
#793=FACE_OUTER_BOUND('',#1141,.T.);
#794=FACE_OUTER_BOUND('',#1142,.T.);
#795=FACE_OUTER_BOUND('',#1143,.T.);
#796=FACE_OUTER_BOUND('',#1144,.T.);
#797=FACE_OUTER_BOUND('',#1145,.T.);
#798=FACE_OUTER_BOUND('',#1146,.T.);
#799=FACE_OUTER_BOUND('',#1147,.T.);
#800=FACE_OUTER_BOUND('',#1148,.T.);
#801=FACE_OUTER_BOUND('',#1149,.T.);
#802=FACE_OUTER_BOUND('',#1150,.T.);
#803=FACE_OUTER_BOUND('',#1151,.T.);
#804=FACE_OUTER_BOUND('',#1152,.T.);
#805=FACE_OUTER_BOUND('',#1153,.T.);
#806=FACE_OUTER_BOUND('',#1154,.T.);
#807=FACE_OUTER_BOUND('',#1155,.T.);
#808=FACE_OUTER_BOUND('',#1156,.T.);
#809=FACE_OUTER_BOUND('',#1157,.T.);
#810=FACE_OUTER_BOUND('',#1158,.T.);
#811=FACE_OUTER_BOUND('',#1159,.T.);
#812=FACE_OUTER_BOUND('',#1160,.T.);
#813=FACE_OUTER_BOUND('',#1161,.T.);
#814=FACE_OUTER_BOUND('',#1162,.T.);
#815=FACE_OUTER_BOUND('',#1163,.T.);
#816=FACE_OUTER_BOUND('',#1165,.T.);
#817=FACE_OUTER_BOUND('',#1166,.T.);
#818=FACE_OUTER_BOUND('',#1167,.T.);
#819=FACE_OUTER_BOUND('',#1168,.T.);
#820=FACE_OUTER_BOUND('',#1169,.T.);
#821=FACE_OUTER_BOUND('',#1170,.T.);
#822=FACE_OUTER_BOUND('',#1171,.T.);
#823=FACE_OUTER_BOUND('',#1172,.T.);
#824=FACE_OUTER_BOUND('',#1173,.T.);
#825=FACE_OUTER_BOUND('',#1174,.T.);
#826=FACE_OUTER_BOUND('',#1175,.T.);
#827=FACE_OUTER_BOUND('',#1176,.T.);
#828=FACE_OUTER_BOUND('',#1177,.T.);
#829=FACE_OUTER_BOUND('',#1178,.T.);
#830=FACE_OUTER_BOUND('',#1179,.T.);
#831=FACE_OUTER_BOUND('',#1180,.T.);
#832=FACE_OUTER_BOUND('',#1181,.T.);
#833=FACE_OUTER_BOUND('',#1182,.T.);
#834=FACE_OUTER_BOUND('',#1183,.T.);
#835=FACE_OUTER_BOUND('',#1184,.T.);
#836=FACE_OUTER_BOUND('',#1185,.T.);
#837=FACE_OUTER_BOUND('',#1186,.T.);
#838=FACE_OUTER_BOUND('',#1187,.T.);
#839=FACE_OUTER_BOUND('',#1188,.T.);
#840=FACE_OUTER_BOUND('',#1189,.T.);
#841=FACE_OUTER_BOUND('',#1190,.T.);
#842=FACE_OUTER_BOUND('',#1191,.T.);
#843=FACE_OUTER_BOUND('',#1192,.T.);
#844=FACE_OUTER_BOUND('',#1193,.T.);
#845=FACE_OUTER_BOUND('',#1194,.T.);
#846=FACE_OUTER_BOUND('',#1195,.T.);
#847=FACE_OUTER_BOUND('',#1196,.T.);
#848=FACE_OUTER_BOUND('',#1197,.T.);
#849=FACE_OUTER_BOUND('',#1198,.T.);
#850=FACE_OUTER_BOUND('',#1199,.T.);
#851=FACE_OUTER_BOUND('',#1200,.T.);
#852=FACE_OUTER_BOUND('',#1201,.T.);
#853=FACE_OUTER_BOUND('',#1202,.T.);
#854=FACE_OUTER_BOUND('',#1203,.T.);
#855=FACE_OUTER_BOUND('',#1204,.T.);
#856=FACE_OUTER_BOUND('',#1205,.T.);
#857=FACE_OUTER_BOUND('',#1206,.T.);
#858=FACE_OUTER_BOUND('',#1207,.T.);
#859=FACE_OUTER_BOUND('',#1209,.T.);
#860=FACE_OUTER_BOUND('',#1210,.T.);
#861=FACE_OUTER_BOUND('',#1211,.T.);
#862=FACE_OUTER_BOUND('',#1212,.T.);
#863=FACE_OUTER_BOUND('',#1213,.T.);
#864=FACE_OUTER_BOUND('',#1214,.T.);
#865=FACE_OUTER_BOUND('',#1215,.T.);
#866=FACE_OUTER_BOUND('',#1216,.T.);
#867=FACE_OUTER_BOUND('',#1217,.T.);
#868=FACE_OUTER_BOUND('',#1218,.T.);
#869=FACE_OUTER_BOUND('',#1219,.T.);
#870=FACE_OUTER_BOUND('',#1220,.T.);
#871=FACE_OUTER_BOUND('',#1221,.T.);
#872=FACE_OUTER_BOUND('',#1222,.T.);
#873=FACE_OUTER_BOUND('',#1223,.T.);
#874=FACE_OUTER_BOUND('',#1224,.T.);
#875=FACE_OUTER_BOUND('',#1225,.T.);
#876=FACE_OUTER_BOUND('',#1226,.T.);
#877=FACE_OUTER_BOUND('',#1227,.T.);
#878=FACE_OUTER_BOUND('',#1228,.T.);
#879=FACE_OUTER_BOUND('',#1229,.T.);
#880=FACE_OUTER_BOUND('',#1231,.T.);
#881=FACE_OUTER_BOUND('',#1232,.T.);
#882=FACE_OUTER_BOUND('',#1233,.T.);
#883=FACE_OUTER_BOUND('',#1234,.T.);
#884=FACE_OUTER_BOUND('',#1235,.T.);
#885=FACE_OUTER_BOUND('',#1236,.T.);
#886=FACE_OUTER_BOUND('',#1237,.T.);
#887=FACE_OUTER_BOUND('',#1238,.T.);
#888=FACE_OUTER_BOUND('',#1239,.T.);
#889=FACE_OUTER_BOUND('',#1240,.T.);
#890=FACE_OUTER_BOUND('',#1241,.T.);
#891=FACE_OUTER_BOUND('',#1242,.T.);
#892=FACE_OUTER_BOUND('',#1243,.T.);
#893=FACE_OUTER_BOUND('',#1244,.T.);
#894=FACE_OUTER_BOUND('',#1245,.T.);
#895=FACE_OUTER_BOUND('',#1246,.T.);
#896=FACE_OUTER_BOUND('',#1247,.T.);
#897=FACE_OUTER_BOUND('',#1248,.T.);
#898=FACE_OUTER_BOUND('',#1249,.T.);
#899=FACE_OUTER_BOUND('',#1250,.T.);
#900=FACE_OUTER_BOUND('',#1251,.T.);
#901=FACE_OUTER_BOUND('',#1252,.T.);
#902=FACE_OUTER_BOUND('',#1253,.T.);
#903=FACE_OUTER_BOUND('',#1254,.T.);
#904=FACE_OUTER_BOUND('',#1255,.T.);
#905=FACE_OUTER_BOUND('',#1256,.T.);
#906=FACE_OUTER_BOUND('',#1257,.T.);
#907=FACE_OUTER_BOUND('',#1258,.T.);
#908=FACE_OUTER_BOUND('',#1259,.T.);
#909=FACE_OUTER_BOUND('',#1260,.T.);
#910=FACE_OUTER_BOUND('',#1261,.T.);
#911=FACE_OUTER_BOUND('',#1262,.T.);
#912=FACE_OUTER_BOUND('',#1263,.T.);
#913=FACE_OUTER_BOUND('',#1264,.T.);
#914=FACE_OUTER_BOUND('',#1265,.T.);
#915=FACE_OUTER_BOUND('',#1266,.T.);
#916=FACE_OUTER_BOUND('',#1267,.T.);
#917=FACE_OUTER_BOUND('',#1268,.T.);
#918=FACE_OUTER_BOUND('',#1269,.T.);
#919=FACE_OUTER_BOUND('',#1270,.T.);
#920=FACE_OUTER_BOUND('',#1271,.T.);
#921=FACE_OUTER_BOUND('',#1272,.T.);
#922=FACE_OUTER_BOUND('',#1273,.T.);
#923=FACE_OUTER_BOUND('',#1274,.T.);
#924=FACE_OUTER_BOUND('',#1275,.T.);
#925=FACE_OUTER_BOUND('',#1276,.T.);
#926=FACE_OUTER_BOUND('',#1277,.T.);
#927=FACE_OUTER_BOUND('',#1278,.T.);
#928=FACE_OUTER_BOUND('',#1279,.T.);
#929=FACE_OUTER_BOUND('',#1280,.T.);
#930=FACE_OUTER_BOUND('',#1281,.T.);
#931=FACE_OUTER_BOUND('',#1282,.T.);
#932=FACE_OUTER_BOUND('',#1283,.T.);
#933=EDGE_LOOP('',(#3761,#3762,#3763,#3764));
#934=EDGE_LOOP('',(#3765,#3766,#3767,#3768));
#935=EDGE_LOOP('',(#3769,#3770,#3771,#3772));
#936=EDGE_LOOP('',(#3773,#3774,#3775,#3776));
#937=EDGE_LOOP('',(#3777,#3778,#3779,#3780));
#938=EDGE_LOOP('',(#3781,#3782,#3783,#3784,#3785,#3786));
#939=EDGE_LOOP('',(#3787,#3788,#3789,#3790));
#940=EDGE_LOOP('',(#3791,#3792,#3793,#3794));
#941=EDGE_LOOP('',(#3795,#3796,#3797,#3798));
#942=EDGE_LOOP('',(#3799,#3800,#3801,#3802));
#943=EDGE_LOOP('',(#3803,#3804,#3805,#3806));
#944=EDGE_LOOP('',(#3807,#3808,#3809,#3810));
#945=EDGE_LOOP('',(#3811,#3812,#3813,#3814,#3815,#3816,#3817,#3818,#3819,
#3820));
#946=EDGE_LOOP('',(#3821,#3822,#3823,#3824));
#947=EDGE_LOOP('',(#3825,#3826,#3827,#3828,#3829,#3830));
#948=EDGE_LOOP('',(#3831,#3832,#3833,#3834));
#949=EDGE_LOOP('',(#3835,#3836,#3837,#3838));
#950=EDGE_LOOP('',(#3839,#3840,#3841,#3842));
#951=EDGE_LOOP('',(#3843,#3844,#3845,#3846));
#952=EDGE_LOOP('',(#3847,#3848,#3849,#3850,#3851,#3852,#3853,#3854,#3855,
#3856,#3857,#3858,#3859,#3860,#3861,#3862));
#953=EDGE_LOOP('',(#3863,#3864,#3865,#3866));
#954=EDGE_LOOP('',(#3867,#3868,#3869,#3870,#3871));
#955=EDGE_LOOP('',(#3872,#3873,#3874,#3875));
#956=EDGE_LOOP('',(#3876,#3877,#3878,#3879,#3880,#3881));
#957=EDGE_LOOP('',(#3882,#3883,#3884,#3885));
#958=EDGE_LOOP('',(#3886,#3887,#3888,#3889,#3890));
#959=EDGE_LOOP('',(#3891,#3892,#3893,#3894));
#960=EDGE_LOOP('',(#3895,#3896,#3897,#3898));
#961=EDGE_LOOP('',(#3899,#3900,#3901,#3902,#3903,#3904,#3905,#3906,#3907,
#3908));
#962=EDGE_LOOP('',(#3909,#3910,#3911,#3912));
#963=EDGE_LOOP('',(#3913,#3914,#3915,#3916));
#964=EDGE_LOOP('',(#3917,#3918,#3919,#3920));
#965=EDGE_LOOP('',(#3921,#3922,#3923,#3924,#3925));
#966=EDGE_LOOP('',(#3926,#3927,#3928,#3929));
#967=EDGE_LOOP('',(#3930,#3931,#3932,#3933));
#968=EDGE_LOOP('',(#3934,#3935,#3936,#3937));
#969=EDGE_LOOP('',(#3938,#3939,#3940,#3941));
#970=EDGE_LOOP('',(#3942,#3943,#3944,#3945));
#971=EDGE_LOOP('',(#3946,#3947,#3948,#3949,#3950));
#972=EDGE_LOOP('',(#3951,#3952,#3953,#3954));
#973=EDGE_LOOP('',(#3955,#3956,#3957,#3958));
#974=EDGE_LOOP('',(#3959,#3960,#3961,#3962));
#975=EDGE_LOOP('',(#3963,#3964,#3965,#3966));
#976=EDGE_LOOP('',(#3967,#3968,#3969,#3970));
#977=EDGE_LOOP('',(#3971,#3972,#3973));
#978=EDGE_LOOP('',(#3974,#3975,#3976,#3977));
#979=EDGE_LOOP('',(#3978,#3979,#3980));
#980=EDGE_LOOP('',(#3981,#3982,#3983,#3984));
#981=EDGE_LOOP('',(#3985,#3986,#3987));
#982=EDGE_LOOP('',(#3988,#3989,#3990,#3991));
#983=EDGE_LOOP('',(#3992,#3993,#3994));
#984=EDGE_LOOP('',(#3995,#3996,#3997,#3998));
#985=EDGE_LOOP('',(#3999,#4000,#4001,#4002));
#986=EDGE_LOOP('',(#4003,#4004,#4005,#4006));
#987=EDGE_LOOP('',(#4007,#4008,#4009,#4010));
#988=EDGE_LOOP('',(#4011,#4012,#4013,#4014,#4015));
#989=EDGE_LOOP('',(#4016,#4017,#4018,#4019));
#990=EDGE_LOOP('',(#4020,#4021,#4022,#4023,#4024,#4025));
#991=EDGE_LOOP('',(#4026,#4027,#4028,#4029,#4030));
#992=EDGE_LOOP('',(#4031,#4032,#4033,#4034));
#993=EDGE_LOOP('',(#4035,#4036,#4037,#4038));
#994=EDGE_LOOP('',(#4039,#4040,#4041,#4042));
#995=EDGE_LOOP('',(#4043,#4044,#4045,#4046,#4047,#4048));
#996=EDGE_LOOP('',(#4049,#4050,#4051,#4052,#4053,#4054,#4055,#4056,#4057,
#4058,#4059,#4060,#4061,#4062,#4063,#4064,#4065,#4066,#4067,#4068));
#997=EDGE_LOOP('',(#4069,#4070,#4071,#4072));
#998=EDGE_LOOP('',(#4073,#4074,#4075,#4076));
#999=EDGE_LOOP('',(#4077,#4078,#4079,#4080,#4081,#4082,#4083,#4084));
#1000=EDGE_LOOP('',(#4085,#4086,#4087,#4088));
#1001=EDGE_LOOP('',(#4089,#4090,#4091,#4092,#4093,#4094));
#1002=EDGE_LOOP('',(#4095,#4096,#4097,#4098,#4099,#4100,#4101,#4102,#4103,
#4104,#4105,#4106,#4107,#4108,#4109,#4110));
#1003=EDGE_LOOP('',(#4111,#4112,#4113,#4114,#4115,#4116,#4117,#4118));
#1004=EDGE_LOOP('',(#4119,#4120,#4121,#4122,#4123,#4124,#4125,#4126));
#1005=EDGE_LOOP('',(#4127,#4128,#4129,#4130,#4131,#4132,#4133,#4134,#4135,
#4136,#4137,#4138));
#1006=EDGE_LOOP('',(#4139,#4140,#4141,#4142));
#1007=EDGE_LOOP('',(#4143,#4144,#4145,#4146,#4147,#4148,#4149,#4150,#4151,
#4152,#4153,#4154,#4155,#4156,#4157));
#1008=EDGE_LOOP('',(#4158,#4159,#4160,#4161,#4162,#4163,#4164,#4165,#4166,
#4167,#4168,#4169,#4170,#4171,#4172,#4173,#4174,#4175,#4176,#4177));
#1009=EDGE_LOOP('',(#4178,#4179,#4180,#4181,#4182,#4183,#4184,#4185,#4186,
#4187,#4188,#4189,#4190,#4191,#4192));
#1010=EDGE_LOOP('',(#4193,#4194,#4195,#4196,#4197,#4198,#4199,#4200,#4201,
#4202,#4203,#4204,#4205,#4206,#4207,#4208,#4209,#4210,#4211));
#1011=EDGE_LOOP('',(#4212,#4213,#4214,#4215,#4216,#4217,#4218,#4219,#4220,
#4221,#4222,#4223,#4224));
#1012=EDGE_LOOP('',(#4225,#4226,#4227,#4228,#4229,#4230,#4231,#4232,#4233,
#4234,#4235,#4236,#4237,#4238,#4239));
#1013=EDGE_LOOP('',(#4240,#4241,#4242,#4243,#4244,#4245,#4246,#4247,#4248,
#4249,#4250,#4251,#4252,#4253,#4254,#4255,#4256,#4257,#4258));
#1014=EDGE_LOOP('',(#4259,#4260,#4261,#4262));
#1015=EDGE_LOOP('',(#4263,#4264,#4265,#4266,#4267,#4268,#4269,#4270,#4271,
#4272,#4273,#4274));
#1016=EDGE_LOOP('',(#4275,#4276,#4277,#4278));
#1017=EDGE_LOOP('',(#4279,#4280,#4281,#4282));
#1018=EDGE_LOOP('',(#4283,#4284,#4285,#4286));
#1019=EDGE_LOOP('',(#4287,#4288,#4289,#4290));
#1020=EDGE_LOOP('',(#4291,#4292,#4293,#4294,#4295));
#1021=EDGE_LOOP('',(#4296,#4297,#4298,#4299,#4300));
#1022=EDGE_LOOP('',(#4301,#4302,#4303,#4304,#4305,#4306));
#1023=EDGE_LOOP('',(#4307,#4308,#4309,#4310));
#1024=EDGE_LOOP('',(#4311,#4312,#4313,#4314,#4315,#4316,#4317,#4318,#4319,
#4320));
#1025=EDGE_LOOP('',(#4321,#4322,#4323,#4324));
#1026=EDGE_LOOP('',(#4325,#4326,#4327,#4328,#4329,#4330));
#1027=EDGE_LOOP('',(#4331,#4332,#4333,#4334));
#1028=EDGE_LOOP('',(#4335,#4336,#4337,#4338,#4339,#4340,#4341,#4342));
#1029=EDGE_LOOP('',(#4343,#4344,#4345,#4346));
#1030=EDGE_LOOP('',(#4347,#4348,#4349,#4350));
#1031=EDGE_LOOP('',(#4351,#4352,#4353,#4354));
#1032=EDGE_LOOP('',(#4355,#4356,#4357,#4358));
#1033=EDGE_LOOP('',(#4359,#4360,#4361,#4362));
#1034=EDGE_LOOP('',(#4363,#4364,#4365,#4366));
#1035=EDGE_LOOP('',(#4367,#4368,#4369,#4370));
#1036=EDGE_LOOP('',(#4371,#4372,#4373,#4374));
#1037=EDGE_LOOP('',(#4375,#4376,#4377,#4378));
#1038=EDGE_LOOP('',(#4379,#4380,#4381,#4382));
#1039=EDGE_LOOP('',(#4383,#4384,#4385,#4386));
#1040=EDGE_LOOP('',(#4387,#4388,#4389,#4390));
#1041=EDGE_LOOP('',(#4391,#4392,#4393,#4394));
#1042=EDGE_LOOP('',(#4395,#4396,#4397,#4398));
#1043=EDGE_LOOP('',(#4399,#4400,#4401,#4402));
#1044=EDGE_LOOP('',(#4403,#4404,#4405,#4406));
#1045=EDGE_LOOP('',(#4407,#4408,#4409,#4410,#4411,#4412,#4413,#4414,#4415,
#4416,#4417,#4418,#4419,#4420,#4421,#4422));
#1046=EDGE_LOOP('',(#4423,#4424,#4425,#4426));
#1047=EDGE_LOOP('',(#4427,#4428,#4429,#4430));
#1048=EDGE_LOOP('',(#4431,#4432,#4433,#4434));
#1049=EDGE_LOOP('',(#4435,#4436,#4437,#4438));
#1050=EDGE_LOOP('',(#4439,#4440,#4441,#4442));
#1051=EDGE_LOOP('',(#4443,#4444,#4445,#4446));
#1052=EDGE_LOOP('',(#4447,#4448,#4449,#4450));
#1053=EDGE_LOOP('',(#4451,#4452,#4453,#4454));
#1054=EDGE_LOOP('',(#4455,#4456,#4457,#4458));
#1055=EDGE_LOOP('',(#4459,#4460,#4461,#4462));
#1056=EDGE_LOOP('',(#4463,#4464,#4465,#4466));
#1057=EDGE_LOOP('',(#4467,#4468,#4469,#4470));
#1058=EDGE_LOOP('',(#4471,#4472,#4473,#4474));
#1059=EDGE_LOOP('',(#4475,#4476,#4477,#4478));
#1060=EDGE_LOOP('',(#4479,#4480,#4481,#4482));
#1061=EDGE_LOOP('',(#4483,#4484,#4485,#4486));
#1062=EDGE_LOOP('',(#4487,#4488,#4489,#4490,#4491,#4492,#4493,#4494));
#1063=EDGE_LOOP('',(#4495,#4496,#4497,#4498,#4499,#4500,#4501,#4502));
#1064=EDGE_LOOP('',(#4503,#4504,#4505,#4506));
#1065=EDGE_LOOP('',(#4507,#4508,#4509,#4510));
#1066=EDGE_LOOP('',(#4511,#4512,#4513,#4514));
#1067=EDGE_LOOP('',(#4515,#4516,#4517,#4518));
#1068=EDGE_LOOP('',(#4519,#4520,#4521,#4522));
#1069=EDGE_LOOP('',(#4523,#4524,#4525,#4526));
#1070=EDGE_LOOP('',(#4527,#4528,#4529,#4530));
#1071=EDGE_LOOP('',(#4531,#4532,#4533,#4534));
#1072=EDGE_LOOP('',(#4535,#4536,#4537,#4538));
#1073=EDGE_LOOP('',(#4539,#4540,#4541,#4542));
#1074=EDGE_LOOP('',(#4543,#4544,#4545,#4546));
#1075=EDGE_LOOP('',(#4547,#4548,#4549,#4550));
#1076=EDGE_LOOP('',(#4551,#4552,#4553,#4554));
#1077=EDGE_LOOP('',(#4555,#4556,#4557,#4558));
#1078=EDGE_LOOP('',(#4559,#4560,#4561,#4562));
#1079=EDGE_LOOP('',(#4563,#4564,#4565,#4566));
#1080=EDGE_LOOP('',(#4567,#4568,#4569,#4570,#4571,#4572,#4573,#4574));
#1081=EDGE_LOOP('',(#4575,#4576,#4577,#4578,#4579,#4580,#4581,#4582));
#1082=EDGE_LOOP('',(#4583,#4584,#4585,#4586));
#1083=EDGE_LOOP('',(#4587,#4588,#4589,#4590));
#1084=EDGE_LOOP('',(#4591,#4592,#4593,#4594));
#1085=EDGE_LOOP('',(#4595,#4596,#4597,#4598));
#1086=EDGE_LOOP('',(#4599,#4600,#4601,#4602));
#1087=EDGE_LOOP('',(#4603,#4604,#4605,#4606));
#1088=EDGE_LOOP('',(#4607,#4608,#4609,#4610));
#1089=EDGE_LOOP('',(#4611,#4612,#4613,#4614));
#1090=EDGE_LOOP('',(#4615,#4616,#4617,#4618));
#1091=EDGE_LOOP('',(#4619,#4620,#4621,#4622));
#1092=EDGE_LOOP('',(#4623,#4624,#4625,#4626));
#1093=EDGE_LOOP('',(#4627,#4628,#4629,#4630));
#1094=EDGE_LOOP('',(#4631,#4632,#4633,#4634,#4635,#4636,#4637,#4638,#4639,
#4640,#4641,#4642));
#1095=EDGE_LOOP('',(#4643,#4644,#4645,#4646));
#1096=EDGE_LOOP('',(#4647,#4648,#4649,#4650));
#1097=EDGE_LOOP('',(#4651,#4652,#4653,#4654));
#1098=EDGE_LOOP('',(#4655,#4656,#4657,#4658));
#1099=EDGE_LOOP('',(#4659,#4660,#4661,#4662));
#1100=EDGE_LOOP('',(#4663,#4664,#4665,#4666));
#1101=EDGE_LOOP('',(#4667,#4668,#4669,#4670));
#1102=EDGE_LOOP('',(#4671,#4672,#4673,#4674));
#1103=EDGE_LOOP('',(#4675,#4676,#4677,#4678));
#1104=EDGE_LOOP('',(#4679,#4680,#4681,#4682));
#1105=EDGE_LOOP('',(#4683,#4684,#4685,#4686));
#1106=EDGE_LOOP('',(#4687,#4688,#4689,#4690));
#1107=EDGE_LOOP('',(#4691,#4692,#4693,#4694));
#1108=EDGE_LOOP('',(#4695,#4696,#4697,#4698));
#1109=EDGE_LOOP('',(#4699,#4700,#4701,#4702));
#1110=EDGE_LOOP('',(#4703,#4704,#4705,#4706));
#1111=EDGE_LOOP('',(#4707,#4708,#4709,#4710));
#1112=EDGE_LOOP('',(#4711,#4712,#4713,#4714));
#1113=EDGE_LOOP('',(#4715,#4716,#4717,#4718));
#1114=EDGE_LOOP('',(#4719,#4720,#4721,#4722));
#1115=EDGE_LOOP('',(#4723,#4724,#4725,#4726));
#1116=EDGE_LOOP('',(#4727,#4728,#4729,#4730));
#1117=EDGE_LOOP('',(#4731,#4732,#4733,#4734));
#1118=EDGE_LOOP('',(#4735,#4736,#4737,#4738));
#1119=EDGE_LOOP('',(#4739,#4740,#4741,#4742));
#1120=EDGE_LOOP('',(#4743,#4744,#4745,#4746,#4747,#4748,#4749,#4750,#4751,
#4752,#4753,#4754,#4755,#4756,#4757));
#1121=EDGE_LOOP('',(#4758,#4759,#4760,#4761,#4762));
#1122=EDGE_LOOP('',(#4763,#4764,#4765,#4766));
#1123=EDGE_LOOP('',(#4767,#4768,#4769,#4770));
#1124=EDGE_LOOP('',(#4771,#4772,#4773,#4774));
#1125=EDGE_LOOP('',(#4775,#4776,#4777,#4778));
#1126=EDGE_LOOP('',(#4779,#4780,#4781,#4782));
#1127=EDGE_LOOP('',(#4783,#4784,#4785,#4786));
#1128=EDGE_LOOP('',(#4787,#4788,#4789,#4790));
#1129=EDGE_LOOP('',(#4791,#4792,#4793,#4794));
#1130=EDGE_LOOP('',(#4795,#4796,#4797,#4798));
#1131=EDGE_LOOP('',(#4799,#4800,#4801,#4802));
#1132=EDGE_LOOP('',(#4803,#4804,#4805,#4806));
#1133=EDGE_LOOP('',(#4807,#4808,#4809,#4810));
#1134=EDGE_LOOP('',(#4811,#4812,#4813,#4814));
#1135=EDGE_LOOP('',(#4815,#4816,#4817,#4818));
#1136=EDGE_LOOP('',(#4819,#4820,#4821,#4822));
#1137=EDGE_LOOP('',(#4823,#4824,#4825,#4826));
#1138=EDGE_LOOP('',(#4827,#4828,#4829,#4830));
#1139=EDGE_LOOP('',(#4831,#4832,#4833,#4834));
#1140=EDGE_LOOP('',(#4835,#4836,#4837,#4838));
#1141=EDGE_LOOP('',(#4839,#4840,#4841,#4842));
#1142=EDGE_LOOP('',(#4843,#4844,#4845,#4846,#4847,#4848,#4849,#4850,#4851,
#4852,#4853,#4854,#4855,#4856,#4857,#4858,#4859,#4860,#4861,#4862));
#1143=EDGE_LOOP('',(#4863,#4864,#4865,#4866));
#1144=EDGE_LOOP('',(#4867,#4868,#4869,#4870));
#1145=EDGE_LOOP('',(#4871,#4872,#4873,#4874));
#1146=EDGE_LOOP('',(#4875,#4876,#4877,#4878));
#1147=EDGE_LOOP('',(#4879,#4880,#4881,#4882));
#1148=EDGE_LOOP('',(#4883,#4884,#4885,#4886));
#1149=EDGE_LOOP('',(#4887,#4888,#4889,#4890));
#1150=EDGE_LOOP('',(#4891,#4892,#4893,#4894));
#1151=EDGE_LOOP('',(#4895,#4896,#4897,#4898));
#1152=EDGE_LOOP('',(#4899,#4900,#4901,#4902));
#1153=EDGE_LOOP('',(#4903,#4904,#4905,#4906));
#1154=EDGE_LOOP('',(#4907,#4908,#4909,#4910));
#1155=EDGE_LOOP('',(#4911,#4912,#4913,#4914));
#1156=EDGE_LOOP('',(#4915,#4916,#4917,#4918));
#1157=EDGE_LOOP('',(#4919,#4920,#4921,#4922));
#1158=EDGE_LOOP('',(#4923,#4924,#4925,#4926));
#1159=EDGE_LOOP('',(#4927,#4928,#4929,#4930));
#1160=EDGE_LOOP('',(#4931,#4932,#4933,#4934));
#1161=EDGE_LOOP('',(#4935,#4936,#4937,#4938));
#1162=EDGE_LOOP('',(#4939,#4940,#4941,#4942));
#1163=EDGE_LOOP('',(#4943,#4944,#4945,#4946,#4947,#4948,#4949,#4950,#4951,
#4952,#4953,#4954,#4955,#4956,#4957));
#1164=EDGE_LOOP('',(#4958,#4959,#4960,#4961,#4962));
#1165=EDGE_LOOP('',(#4963,#4964,#4965,#4966));
#1166=EDGE_LOOP('',(#4967,#4968,#4969,#4970));
#1167=EDGE_LOOP('',(#4971,#4972,#4973,#4974));
#1168=EDGE_LOOP('',(#4975,#4976,#4977,#4978));
#1169=EDGE_LOOP('',(#4979,#4980,#4981,#4982));
#1170=EDGE_LOOP('',(#4983,#4984,#4985,#4986));
#1171=EDGE_LOOP('',(#4987,#4988,#4989,#4990));
#1172=EDGE_LOOP('',(#4991,#4992,#4993,#4994));
#1173=EDGE_LOOP('',(#4995,#4996,#4997,#4998));
#1174=EDGE_LOOP('',(#4999,#5000,#5001,#5002));
#1175=EDGE_LOOP('',(#5003,#5004,#5005,#5006));
#1176=EDGE_LOOP('',(#5007,#5008,#5009,#5010));
#1177=EDGE_LOOP('',(#5011,#5012,#5013,#5014));
#1178=EDGE_LOOP('',(#5015,#5016,#5017,#5018));
#1179=EDGE_LOOP('',(#5019,#5020,#5021,#5022));
#1180=EDGE_LOOP('',(#5023,#5024,#5025,#5026));
#1181=EDGE_LOOP('',(#5027,#5028,#5029,#5030));
#1182=EDGE_LOOP('',(#5031,#5032,#5033,#5034));
#1183=EDGE_LOOP('',(#5035,#5036,#5037,#5038));
#1184=EDGE_LOOP('',(#5039,#5040,#5041,#5042,#5043,#5044,#5045,#5046,#5047,
#5048,#5049,#5050,#5051,#5052,#5053,#5054,#5055,#5056,#5057));
#1185=EDGE_LOOP('',(#5058,#5059,#5060,#5061));
#1186=EDGE_LOOP('',(#5062,#5063,#5064,#5065));
#1187=EDGE_LOOP('',(#5066,#5067,#5068,#5069));
#1188=EDGE_LOOP('',(#5070,#5071,#5072,#5073));
#1189=EDGE_LOOP('',(#5074,#5075,#5076,#5077));
#1190=EDGE_LOOP('',(#5078,#5079,#5080,#5081));
#1191=EDGE_LOOP('',(#5082,#5083,#5084,#5085));
#1192=EDGE_LOOP('',(#5086,#5087,#5088,#5089));
#1193=EDGE_LOOP('',(#5090,#5091,#5092,#5093));
#1194=EDGE_LOOP('',(#5094,#5095,#5096,#5097));
#1195=EDGE_LOOP('',(#5098,#5099,#5100,#5101));
#1196=EDGE_LOOP('',(#5102,#5103,#5104,#5105));
#1197=EDGE_LOOP('',(#5106,#5107,#5108,#5109));
#1198=EDGE_LOOP('',(#5110,#5111,#5112,#5113));
#1199=EDGE_LOOP('',(#5114,#5115,#5116,#5117));
#1200=EDGE_LOOP('',(#5118,#5119,#5120,#5121));
#1201=EDGE_LOOP('',(#5122,#5123,#5124,#5125));
#1202=EDGE_LOOP('',(#5126,#5127,#5128,#5129));
#1203=EDGE_LOOP('',(#5130,#5131,#5132,#5133));
#1204=EDGE_LOOP('',(#5134,#5135,#5136,#5137));
#1205=EDGE_LOOP('',(#5138,#5139,#5140,#5141));
#1206=EDGE_LOOP('',(#5142,#5143,#5144,#5145));
#1207=EDGE_LOOP('',(#5146,#5147,#5148,#5149,#5150,#5151,#5152,#5153,#5154,
#5155,#5156,#5157,#5158));
#1208=EDGE_LOOP('',(#5159,#5160,#5161,#5162,#5163,#5164,#5165,#5166,#5167));
#1209=EDGE_LOOP('',(#5168,#5169,#5170,#5171));
#1210=EDGE_LOOP('',(#5172,#5173,#5174,#5175));
#1211=EDGE_LOOP('',(#5176,#5177,#5178,#5179));
#1212=EDGE_LOOP('',(#5180,#5181,#5182,#5183));
#1213=EDGE_LOOP('',(#5184,#5185,#5186,#5187));
#1214=EDGE_LOOP('',(#5188,#5189,#5190,#5191));
#1215=EDGE_LOOP('',(#5192,#5193,#5194,#5195));
#1216=EDGE_LOOP('',(#5196,#5197,#5198,#5199));
#1217=EDGE_LOOP('',(#5200,#5201,#5202,#5203));
#1218=EDGE_LOOP('',(#5204,#5205,#5206,#5207));
#1219=EDGE_LOOP('',(#5208,#5209,#5210,#5211));
#1220=EDGE_LOOP('',(#5212,#5213,#5214,#5215));
#1221=EDGE_LOOP('',(#5216,#5217,#5218,#5219));
#1222=EDGE_LOOP('',(#5220,#5221,#5222,#5223));
#1223=EDGE_LOOP('',(#5224,#5225,#5226,#5227));
#1224=EDGE_LOOP('',(#5228,#5229,#5230,#5231));
#1225=EDGE_LOOP('',(#5232,#5233,#5234,#5235));
#1226=EDGE_LOOP('',(#5236,#5237,#5238,#5239));
#1227=EDGE_LOOP('',(#5240,#5241,#5242,#5243));
#1228=EDGE_LOOP('',(#5244,#5245,#5246,#5247));
#1229=EDGE_LOOP('',(#5248,#5249,#5250,#5251,#5252,#5253,#5254,#5255,#5256,
#5257,#5258,#5259,#5260,#5261,#5262));
#1230=EDGE_LOOP('',(#5263,#5264,#5265,#5266,#5267));
#1231=EDGE_LOOP('',(#5268,#5269,#5270,#5271));
#1232=EDGE_LOOP('',(#5272,#5273,#5274,#5275));
#1233=EDGE_LOOP('',(#5276,#5277,#5278,#5279));
#1234=EDGE_LOOP('',(#5280,#5281,#5282,#5283));
#1235=EDGE_LOOP('',(#5284,#5285,#5286,#5287));
#1236=EDGE_LOOP('',(#5288,#5289,#5290,#5291));
#1237=EDGE_LOOP('',(#5292,#5293,#5294,#5295));
#1238=EDGE_LOOP('',(#5296,#5297,#5298,#5299));
#1239=EDGE_LOOP('',(#5300,#5301,#5302,#5303));
#1240=EDGE_LOOP('',(#5304,#5305,#5306,#5307));
#1241=EDGE_LOOP('',(#5308,#5309,#5310,#5311));
#1242=EDGE_LOOP('',(#5312,#5313,#5314,#5315));
#1243=EDGE_LOOP('',(#5316,#5317,#5318,#5319));
#1244=EDGE_LOOP('',(#5320,#5321,#5322,#5323));
#1245=EDGE_LOOP('',(#5324,#5325,#5326,#5327));
#1246=EDGE_LOOP('',(#5328,#5329,#5330,#5331));
#1247=EDGE_LOOP('',(#5332,#5333,#5334,#5335));
#1248=EDGE_LOOP('',(#5336,#5337,#5338,#5339));
#1249=EDGE_LOOP('',(#5340,#5341,#5342,#5343));
#1250=EDGE_LOOP('',(#5344,#5345,#5346,#5347,#5348,#5349,#5350,#5351,#5352,
#5353,#5354,#5355,#5356,#5357,#5358,#5359,#5360,#5361,#5362));
#1251=EDGE_LOOP('',(#5363,#5364,#5365,#5366,#5367));
#1252=EDGE_LOOP('',(#5368,#5369,#5370,#5371,#5372,#5373,#5374,#5375,#5376));
#1253=EDGE_LOOP('',(#5377,#5378,#5379,#5380,#5381));
#1254=EDGE_LOOP('',(#5382,#5383,#5384,#5385,#5386));
#1255=EDGE_LOOP('',(#5387,#5388,#5389,#5390,#5391,#5392,#5393,#5394));
#1256=EDGE_LOOP('',(#5395,#5396,#5397,#5398,#5399,#5400,#5401));
#1257=EDGE_LOOP('',(#5402,#5403,#5404,#5405));
#1258=EDGE_LOOP('',(#5406,#5407,#5408,#5409));
#1259=EDGE_LOOP('',(#5410,#5411,#5412,#5413,#5414,#5415,#5416,#5417,#5418,
#5419,#5420,#5421,#5422,#5423,#5424,#5425,#5426));
#1260=EDGE_LOOP('',(#5427,#5428,#5429,#5430,#5431));
#1261=EDGE_LOOP('',(#5432,#5433,#5434,#5435,#5436));
#1262=EDGE_LOOP('',(#5437,#5438,#5439,#5440,#5441,#5442,#5443,#5444));
#1263=EDGE_LOOP('',(#5445,#5446,#5447,#5448));
#1264=EDGE_LOOP('',(#5449,#5450,#5451,#5452));
#1265=EDGE_LOOP('',(#5453,#5454,#5455));
#1266=EDGE_LOOP('',(#5456,#5457,#5458,#5459));
#1267=EDGE_LOOP('',(#5460,#5461,#5462));
#1268=EDGE_LOOP('',(#5463,#5464,#5465,#5466));
#1269=EDGE_LOOP('',(#5467,#5468,#5469));
#1270=EDGE_LOOP('',(#5470,#5471,#5472,#5473));
#1271=EDGE_LOOP('',(#5474,#5475,#5476));
#1272=EDGE_LOOP('',(#5477,#5478,#5479,#5480));
#1273=EDGE_LOOP('',(#5481,#5482,#5483,#5484));
#1274=EDGE_LOOP('',(#5485,#5486,#5487,#5488));
#1275=EDGE_LOOP('',(#5489,#5490,#5491,#5492));
#1276=EDGE_LOOP('',(#5493,#5494,#5495,#5496));
#1277=EDGE_LOOP('',(#5497,#5498,#5499,#5500));
#1278=EDGE_LOOP('',(#5501,#5502,#5503,#5504));
#1279=EDGE_LOOP('',(#5505,#5506,#5507,#5508));
#1280=EDGE_LOOP('',(#5509,#5510,#5511,#5512,#5513));
#1281=EDGE_LOOP('',(#5514,#5515,#5516,#5517));
#1282=EDGE_LOOP('',(#5518,#5519,#5520,#5521));
#1283=EDGE_LOOP('',(#5522,#5523,#5524,#5525,#5526));
#1284=LINE('',#7386,#1794);
#1285=LINE('',#7388,#1795);
#1286=LINE('',#7390,#1796);
#1287=LINE('',#7391,#1797);
#1288=LINE('',#7395,#1798);
#1289=LINE('',#7397,#1799);
#1290=LINE('',#7399,#1800);
#1291=LINE('',#7400,#1801);
#1292=LINE('',#7405,#1802);
#1293=LINE('',#7412,#1803);
#1294=LINE('',#7414,#1804);
#1295=LINE('',#7415,#1805);
#1296=LINE('',#7417,#1806);
#1297=LINE('',#7420,#1807);
#1298=LINE('',#7424,#1808);
#1299=LINE('',#7431,#1809);
#1300=LINE('',#7434,#1810);
#1301=LINE('',#7445,#1811);
#1302=LINE('',#7446,#1812);
#1303=LINE('',#7457,#1813);
#1304=LINE('',#7458,#1814);
#1305=LINE('',#7461,#1815);
#1306=LINE('',#7463,#1816);
#1307=LINE('',#7465,#1817);
#1308=LINE('',#7467,#1818);
#1309=LINE('',#7468,#1819);
#1310=LINE('',#7471,#1820);
#1311=LINE('',#7474,#1821);
#1312=LINE('',#7477,#1822);
#1313=LINE('',#7481,#1823);
#1314=LINE('',#7483,#1824);
#1315=LINE('',#7484,#1825);
#1316=LINE('',#7486,#1826);
#1317=LINE('',#7488,#1827);
#1318=LINE('',#7490,#1828);
#1319=LINE('',#7492,#1829);
#1320=LINE('',#7495,#1830);
#1321=LINE('',#7498,#1831);
#1322=LINE('',#7500,#1832);
#1323=LINE('',#7503,#1833);
#1324=LINE('',#7507,#1834);
#1325=LINE('',#7508,#1835);
#1326=LINE('',#7509,#1836);
#1327=LINE('',#7512,#1837);
#1328=LINE('',#7513,#1838);
#1329=LINE('',#7517,#1839);
#1330=LINE('',#7521,#1840);
#1331=LINE('',#7525,#1841);
#1332=LINE('',#7529,#1842);
#1333=LINE('',#7532,#1843);
#1334=LINE('',#7537,#1844);
#1335=LINE('',#7540,#1845);
#1336=LINE('',#7543,#1846);
#1337=LINE('',#7544,#1847);
#1338=LINE('',#7547,#1848);
#1339=LINE('',#7552,#1849);
#1340=LINE('',#7556,#1850);
#1341=LINE('',#7558,#1851);
#1342=LINE('',#7566,#1852);
#1343=LINE('',#7575,#1853);
#1344=LINE('',#7577,#1854);
#1345=LINE('',#7579,#1855);
#1346=LINE('',#7581,#1856);
#1347=LINE('',#7585,#1857);
#1348=LINE('',#7586,#1858);
#1349=LINE('',#7587,#1859);
#1350=LINE('',#7590,#1860);
#1351=LINE('',#7591,#1861);
#1352=LINE('',#7594,#1862);
#1353=LINE('',#7595,#1863);
#1354=LINE('',#7598,#1864);
#1355=LINE('',#7599,#1865);
#1356=LINE('',#7607,#1866);
#1357=LINE('',#7609,#1867);
#1358=LINE('',#7611,#1868);
#1359=LINE('',#7612,#1869);
#1360=LINE('',#7617,#1870);
#1361=LINE('',#7618,#1871);
#1362=LINE('',#7621,#1872);
#1363=LINE('',#7622,#1873);
#1364=LINE('',#7625,#1874);
#1365=LINE('',#7626,#1875);
#1366=LINE('',#7629,#1876);
#1367=LINE('',#7630,#1877);
#1368=LINE('',#7632,#1878);
#1369=LINE('',#7646,#1879);
#1370=LINE('',#7649,#1880);
#1371=LINE('',#7653,#1881);
#1372=LINE('',#7654,#1882);
#1373=LINE('',#7655,#1883);
#1374=LINE('',#7659,#1884);
#1375=LINE('',#7662,#1885);
#1376=LINE('',#7663,#1886);
#1377=LINE('',#7667,#1887);
#1378=LINE('',#7668,#1888);
#1379=LINE('',#7682,#1889);
#1380=LINE('',#7689,#1890);
#1381=LINE('',#7724,#1891);
#1382=LINE('',#7726,#1892);
#1383=LINE('',#7728,#1893);
#1384=LINE('',#7729,#1894);
#1385=LINE('',#7735,#1895);
#1386=LINE('',#7739,#1896);
#1387=LINE('',#7741,#1897);
#1388=LINE('',#7743,#1898);
#1389=LINE('',#7745,#1899);
#1390=LINE('',#7747,#1900);
#1391=LINE('',#7749,#1901);
#1392=LINE('',#7751,#1902);
#1393=LINE('',#7752,#1903);
#1394=LINE('',#7757,#1904);
#1395=LINE('',#7760,#1905);
#1396=LINE('',#7761,#1906);
#1397=LINE('',#7770,#1907);
#1398=LINE('',#7772,#1908);
#1399=LINE('',#7774,#1909);
#1400=LINE('',#7800,#1910);
#1401=LINE('',#7802,#1911);
#1402=LINE('',#7804,#1912);
#1403=LINE('',#7806,#1913);
#1404=LINE('',#7808,#1914);
#1405=LINE('',#7936,#1915);
#1406=LINE('',#7956,#1916);
#1407=LINE('',#7958,#1917);
#1408=LINE('',#7960,#1918);
#1409=LINE('',#7962,#1919);
#1410=LINE('',#7964,#1920);
#1411=LINE('',#7965,#1921);
#1412=LINE('',#7968,#1922);
#1413=LINE('',#7976,#1923);
#1414=LINE('',#7996,#1924);
#1415=LINE('',#8022,#1925);
#1416=LINE('',#8072,#1926);
#1417=LINE('',#8074,#1927);
#1418=LINE('',#8076,#1928);
#1419=LINE('',#8108,#1929);
#1420=LINE('',#8110,#1930);
#1421=LINE('',#8112,#1931);
#1422=LINE('',#8114,#1932);
#1423=LINE('',#8116,#1933);
#1424=LINE('',#8118,#1934);
#1425=LINE('',#8162,#1935);
#1426=LINE('',#8188,#1936);
#1427=LINE('',#8238,#1937);
#1428=LINE('',#8264,#1938);
#1429=LINE('',#8266,#1939);
#1430=LINE('',#8268,#1940);
#1431=LINE('',#8270,#1941);
#1432=LINE('',#8272,#1942);
#1433=LINE('',#8274,#1943);
#1434=LINE('',#8276,#1944);
#1435=LINE('',#8278,#1945);
#1436=LINE('',#8280,#1946);
#1437=LINE('',#8282,#1947);
#1438=LINE('',#8284,#1948);
#1439=LINE('',#8298,#1949);
#1440=LINE('',#8300,#1950);
#1441=LINE('',#8302,#1951);
#1442=LINE('',#8304,#1952);
#1443=LINE('',#8306,#1953);
#1444=LINE('',#8344,#1954);
#1445=LINE('',#8345,#1955);
#1446=LINE('',#8360,#1956);
#1447=LINE('',#8386,#1957);
#1448=LINE('',#8436,#1958);
#1449=LINE('',#8462,#1959);
#1450=LINE('',#8464,#1960);
#1451=LINE('',#8466,#1961);
#1452=LINE('',#8468,#1962);
#1453=LINE('',#8470,#1963);
#1454=LINE('',#8472,#1964);
#1455=LINE('',#8474,#1965);
#1456=LINE('',#8476,#1966);
#1457=LINE('',#8478,#1967);
#1458=LINE('',#8480,#1968);
#1459=LINE('',#8482,#1969);
#1460=LINE('',#8499,#1970);
#1461=LINE('',#8502,#1971);
#1462=LINE('',#8505,#1972);
#1463=LINE('',#8511,#1973);
#1464=LINE('',#8513,#1974);
#1465=LINE('',#8514,#1975);
#1466=LINE('',#8517,#1976);
#1467=LINE('',#8520,#1977);
#1468=LINE('',#8523,#1978);
#1469=LINE('',#8526,#1979);
#1470=LINE('',#8533,#1980);
#1471=LINE('',#8536,#1981);
#1472=LINE('',#8542,#1982);
#1473=LINE('',#8545,#1983);
#1474=LINE('',#8547,#1984);
#1475=LINE('',#8548,#1985);
#1476=LINE('',#8550,#1986);
#1477=LINE('',#8551,#1987);
#1478=LINE('',#8554,#1988);
#1479=LINE('',#8559,#1989);
#1480=LINE('',#8562,#1990);
#1481=LINE('',#8566,#1991);
#1482=LINE('',#8569,#1992);
#1483=LINE('',#8577,#1993);
#1484=LINE('',#8584,#1994);
#1485=LINE('',#8588,#1995);
#1486=LINE('',#8592,#1996);
#1487=LINE('',#8605,#1997);
#1488=LINE('',#8612,#1998);
#1489=LINE('',#8624,#1999);
#1490=LINE('',#8641,#2000);
#1491=LINE('',#8658,#2001);
#1492=LINE('',#8666,#2002);
#1493=LINE('',#8667,#2003);
#1494=LINE('',#8670,#2004);
#1495=LINE('',#8671,#2005);
#1496=LINE('',#8674,#2006);
#1497=LINE('',#8675,#2007);
#1498=LINE('',#8678,#2008);
#1499=LINE('',#8679,#2009);
#1500=LINE('',#8682,#2010);
#1501=LINE('',#8683,#2011);
#1502=LINE('',#8695,#2012);
#1503=LINE('',#8712,#2013);
#1504=LINE('',#8729,#2014);
#1505=LINE('',#8746,#2015);
#1506=LINE('',#8754,#2016);
#1507=LINE('',#8755,#2017);
#1508=LINE('',#8758,#2018);
#1509=LINE('',#8759,#2019);
#1510=LINE('',#8761,#2020);
#1511=LINE('',#8781,#2021);
#1512=LINE('',#8788,#2022);
#1513=LINE('',#8806,#2023);
#1514=LINE('',#8829,#2024);
#1515=LINE('',#8852,#2025);
#1516=LINE('',#8875,#2026);
#1517=LINE('',#8898,#2027);
#1518=LINE('',#8921,#2028);
#1519=LINE('',#8958,#2029);
#1520=LINE('',#8965,#2030);
#1521=LINE('',#8977,#2031);
#1522=LINE('',#8994,#2032);
#1523=LINE('',#9011,#2033);
#1524=LINE('',#9028,#2034);
#1525=LINE('',#9045,#2035);
#1526=LINE('',#9062,#2036);
#1527=LINE('',#9102,#2037);
#1528=LINE('',#9109,#2038);
#1529=LINE('',#9127,#2039);
#1530=LINE('',#9150,#2040);
#1531=LINE('',#9173,#2041);
#1532=LINE('',#9196,#2042);
#1533=LINE('',#9219,#2043);
#1534=LINE('',#9242,#2044);
#1535=LINE('',#9279,#2045);
#1536=LINE('',#9286,#2046);
#1537=LINE('',#9298,#2047);
#1538=LINE('',#9315,#2048);
#1539=LINE('',#9332,#2049);
#1540=LINE('',#9349,#2050);
#1541=LINE('',#9366,#2051);
#1542=LINE('',#9383,#2052);
#1543=LINE('',#9416,#2053);
#1544=LINE('',#9423,#2054);
#1545=LINE('',#9426,#2055);
#1546=LINE('',#9427,#2056);
#1547=LINE('',#9430,#2057);
#1548=LINE('',#9431,#2058);
#1549=LINE('',#9434,#2059);
#1550=LINE('',#9435,#2060);
#1551=LINE('',#9438,#2061);
#1552=LINE('',#9439,#2062);
#1553=LINE('',#9442,#2063);
#1554=LINE('',#9443,#2064);
#1555=LINE('',#9446,#2065);
#1556=LINE('',#9447,#2066);
#1557=LINE('',#9459,#2067);
#1558=LINE('',#9476,#2068);
#1559=LINE('',#9493,#2069);
#1560=LINE('',#9501,#2070);
#1561=LINE('',#9502,#2071);
#1562=LINE('',#9521,#2072);
#1563=LINE('',#9523,#2073);
#1564=LINE('',#9524,#2074);
#1565=LINE('',#9536,#2075);
#1566=LINE('',#9544,#2076);
#1567=LINE('',#9545,#2077);
#1568=LINE('',#9580,#2078);
#1569=LINE('',#9587,#2079);
#1570=LINE('',#9605,#2080);
#1571=LINE('',#9628,#2081);
#1572=LINE('',#9651,#2082);
#1573=LINE('',#9658,#2083);
#1574=LINE('',#9659,#2084);
#1575=LINE('',#9671,#2085);
#1576=LINE('',#9678,#2086);
#1577=LINE('',#9690,#2087);
#1578=LINE('',#9707,#2088);
#1579=LINE('',#9724,#2089);
#1580=LINE('',#9741,#2090);
#1581=LINE('',#9758,#2091);
#1582=LINE('',#9775,#2092);
#1583=LINE('',#9792,#2093);
#1584=LINE('',#9800,#2094);
#1585=LINE('',#9801,#2095);
#1586=LINE('',#9813,#2096);
#1587=LINE('',#9830,#2097);
#1588=LINE('',#9847,#2098);
#1589=LINE('',#9864,#2099);
#1590=LINE('',#9872,#2100);
#1591=LINE('',#9873,#2101);
#1592=LINE('',#9901,#2102);
#1593=LINE('',#9908,#2103);
#1594=LINE('',#9920,#2104);
#1595=LINE('',#9937,#2105);
#1596=LINE('',#9954,#2106);
#1597=LINE('',#9971,#2107);
#1598=LINE('',#9988,#2108);
#1599=LINE('',#9996,#2109);
#1600=LINE('',#9997,#2110);
#1601=LINE('',#10000,#2111);
#1602=LINE('',#10001,#2112);
#1603=LINE('',#10004,#2113);
#1604=LINE('',#10005,#2114);
#1605=LINE('',#10008,#2115);
#1606=LINE('',#10009,#2116);
#1607=LINE('',#10012,#2117);
#1608=LINE('',#10013,#2118);
#1609=LINE('',#10016,#2119);
#1610=LINE('',#10017,#2120);
#1611=LINE('',#10029,#2121);
#1612=LINE('',#10046,#2122);
#1613=LINE('',#10063,#2123);
#1614=LINE('',#10080,#2124);
#1615=LINE('',#10097,#2125);
#1616=LINE('',#10105,#2126);
#1617=LINE('',#10106,#2127);
#1618=LINE('',#10109,#2128);
#1619=LINE('',#10110,#2129);
#1620=LINE('',#10112,#2130);
#1621=LINE('',#10132,#2131);
#1622=LINE('',#10139,#2132);
#1623=LINE('',#10157,#2133);
#1624=LINE('',#10180,#2134);
#1625=LINE('',#10203,#2135);
#1626=LINE('',#10210,#2136);
#1627=LINE('',#10211,#2137);
#1628=LINE('',#10223,#2138);
#1629=LINE('',#10230,#2139);
#1630=LINE('',#10242,#2140);
#1631=LINE('',#10259,#2141);
#1632=LINE('',#10276,#2142);
#1633=LINE('',#10293,#2143);
#1634=LINE('',#10310,#2144);
#1635=LINE('',#10327,#2145);
#1636=LINE('',#10344,#2146);
#1637=LINE('',#10352,#2147);
#1638=LINE('',#10353,#2148);
#1639=LINE('',#10365,#2149);
#1640=LINE('',#10382,#2150);
#1641=LINE('',#10399,#2151);
#1642=LINE('',#10416,#2152);
#1643=LINE('',#10424,#2153);
#1644=LINE('',#10425,#2154);
#1645=LINE('',#10453,#2155);
#1646=LINE('',#10460,#2156);
#1647=LINE('',#10472,#2157);
#1648=LINE('',#10489,#2158);
#1649=LINE('',#10497,#2159);
#1650=LINE('',#10498,#2160);
#1651=LINE('',#10501,#2161);
#1652=LINE('',#10502,#2162);
#1653=LINE('',#10505,#2163);
#1654=LINE('',#10506,#2164);
#1655=LINE('',#10509,#2165);
#1656=LINE('',#10510,#2166);
#1657=LINE('',#10513,#2167);
#1658=LINE('',#10514,#2168);
#1659=LINE('',#10517,#2169);
#1660=LINE('',#10518,#2170);
#1661=LINE('',#10521,#2171);
#1662=LINE('',#10522,#2172);
#1663=LINE('',#10525,#2173);
#1664=LINE('',#10526,#2174);
#1665=LINE('',#10529,#2175);
#1666=LINE('',#10530,#2176);
#1667=LINE('',#10533,#2177);
#1668=LINE('',#10534,#2178);
#1669=LINE('',#10537,#2179);
#1670=LINE('',#10538,#2180);
#1671=LINE('',#10550,#2181);
#1672=LINE('',#10567,#2182);
#1673=LINE('',#10584,#2183);
#1674=LINE('',#10601,#2184);
#1675=LINE('',#10608,#2185);
#1676=LINE('',#10628,#2186);
#1677=LINE('',#10635,#2187);
#1678=LINE('',#10653,#2188);
#1679=LINE('',#10676,#2189);
#1680=LINE('',#10699,#2190);
#1681=LINE('',#10722,#2191);
#1682=LINE('',#10745,#2192);
#1683=LINE('',#10768,#2193);
#1684=LINE('',#10791,#2194);
#1685=LINE('',#10819,#2195);
#1686=LINE('',#10821,#2196);
#1687=LINE('',#10822,#2197);
#1688=LINE('',#10825,#2198);
#1689=LINE('',#10826,#2199);
#1690=LINE('',#10829,#2200);
#1691=LINE('',#10830,#2201);
#1692=LINE('',#10842,#2202);
#1693=LINE('',#10859,#2203);
#1694=LINE('',#10876,#2204);
#1695=LINE('',#10893,#2205);
#1696=LINE('',#10910,#2206);
#1697=LINE('',#10927,#2207);
#1698=LINE('',#10935,#2208);
#1699=LINE('',#10936,#2209);
#1700=LINE('',#10939,#2210);
#1701=LINE('',#10940,#2211);
#1702=LINE('',#10943,#2212);
#1703=LINE('',#10944,#2213);
#1704=LINE('',#10946,#2214);
#1705=LINE('',#10966,#2215);
#1706=LINE('',#10973,#2216);
#1707=LINE('',#10991,#2217);
#1708=LINE('',#11014,#2218);
#1709=LINE('',#11037,#2219);
#1710=LINE('',#11044,#2220);
#1711=LINE('',#11045,#2221);
#1712=LINE('',#11057,#2222);
#1713=LINE('',#11064,#2223);
#1714=LINE('',#11076,#2224);
#1715=LINE('',#11093,#2225);
#1716=LINE('',#11110,#2226);
#1717=LINE('',#11127,#2227);
#1718=LINE('',#11144,#2228);
#1719=LINE('',#11161,#2229);
#1720=LINE('',#11178,#2230);
#1721=LINE('',#11186,#2231);
#1722=LINE('',#11187,#2232);
#1723=LINE('',#11199,#2233);
#1724=LINE('',#11216,#2234);
#1725=LINE('',#11233,#2235);
#1726=LINE('',#11250,#2236);
#1727=LINE('',#11258,#2237);
#1728=LINE('',#11259,#2238);
#1729=LINE('',#11287,#2239);
#1730=LINE('',#11294,#2240);
#1731=LINE('',#11306,#2241);
#1732=LINE('',#11323,#2242);
#1733=LINE('',#11331,#2243);
#1734=LINE('',#11332,#2244);
#1735=LINE('',#11335,#2245);
#1736=LINE('',#11336,#2246);
#1737=LINE('',#11339,#2247);
#1738=LINE('',#11340,#2248);
#1739=LINE('',#11343,#2249);
#1740=LINE('',#11344,#2250);
#1741=LINE('',#11347,#2251);
#1742=LINE('',#11348,#2252);
#1743=LINE('',#11351,#2253);
#1744=LINE('',#11352,#2254);
#1745=LINE('',#11355,#2255);
#1746=LINE('',#11356,#2256);
#1747=LINE('',#11359,#2257);
#1748=LINE('',#11360,#2258);
#1749=LINE('',#11363,#2259);
#1750=LINE('',#11364,#2260);
#1751=LINE('',#11367,#2261);
#1752=LINE('',#11368,#2262);
#1753=LINE('',#11371,#2263);
#1754=LINE('',#11372,#2264);
#1755=LINE('',#11384,#2265);
#1756=LINE('',#11401,#2266);
#1757=LINE('',#11418,#2267);
#1758=LINE('',#11435,#2268);
#1759=LINE('',#11442,#2269);
#1760=LINE('',#11450,#2270);
#1761=LINE('',#11455,#2271);
#1762=LINE('',#11458,#2272);
#1763=LINE('',#11459,#2273);
#1764=LINE('',#11462,#2274);
#1765=LINE('',#11464,#2275);
#1766=LINE('',#11466,#2276);
#1767=LINE('',#11468,#2277);
#1768=LINE('',#11470,#2278);
#1769=LINE('',#11471,#2279);
#1770=LINE('',#11472,#2280);
#1771=LINE('',#11473,#2281);
#1772=LINE('',#11483,#2282);
#1773=LINE('',#11489,#2283);
#1774=LINE('',#11496,#2284);
#1775=LINE('',#11502,#2285);
#1776=LINE('',#11505,#2286);
#1777=LINE('',#11507,#2287);
#1778=LINE('',#11508,#2288);
#1779=LINE('',#11511,#2289);
#1780=LINE('',#11515,#2290);
#1781=LINE('',#11516,#2291);
#1782=LINE('',#11519,#2292);
#1783=LINE('',#11521,#2293);
#1784=LINE('',#11522,#2294);
#1785=LINE('',#11525,#2295);
#1786=LINE('',#11529,#2296);
#1787=LINE('',#11530,#2297);
#1788=LINE('',#11533,#2298);
#1789=LINE('',#11534,#2299);
#1790=LINE('',#11536,#2300);
#1791=LINE('',#11540,#2301);
#1792=LINE('',#11541,#2302);
#1793=LINE('',#11543,#2303);
#1794=VECTOR('',#6302,10.);
#1795=VECTOR('',#6303,10.);
#1796=VECTOR('',#6304,10.);
#1797=VECTOR('',#6305,10.);
#1798=VECTOR('',#6308,10.);
#1799=VECTOR('',#6309,10.);
#1800=VECTOR('',#6310,10.);
#1801=VECTOR('',#6311,10.);
#1802=VECTOR('',#6316,10.);
#1803=VECTOR('',#6325,10.);
#1804=VECTOR('',#6328,10.);
#1805=VECTOR('',#6329,10.);
#1806=VECTOR('',#6332,10.);
#1807=VECTOR('',#6333,10.);
#1808=VECTOR('',#6336,10.);
#1809=VECTOR('',#6343,10.);
#1810=VECTOR('',#6346,10.);
#1811=VECTOR('',#6359,10.);
#1812=VECTOR('',#6360,10.);
#1813=VECTOR('',#6373,10.);
#1814=VECTOR('',#6374,10.);
#1815=VECTOR('',#6377,10.);
#1816=VECTOR('',#6378,10.);
#1817=VECTOR('',#6379,10.);
#1818=VECTOR('',#6380,10.);
#1819=VECTOR('',#6381,10.);
#1820=VECTOR('',#6384,10.);
#1821=VECTOR('',#6387,10.);
#1822=VECTOR('',#6390,10.);
#1823=VECTOR('',#6393,10.);
#1824=VECTOR('',#6394,10.);
#1825=VECTOR('',#6395,10.);
#1826=VECTOR('',#6398,10.);
#1827=VECTOR('',#6401,10.);
#1828=VECTOR('',#6404,10.);
#1829=VECTOR('',#6407,10.);
#1830=VECTOR('',#6410,10.);
#1831=VECTOR('',#6413,10.);
#1832=VECTOR('',#6414,10.);
#1833=VECTOR('',#6417,10.);
#1834=VECTOR('',#6420,10.);
#1835=VECTOR('',#6421,10.);
#1836=VECTOR('',#6422,10.);
#1837=VECTOR('',#6425,10.);
#1838=VECTOR('',#6426,10.);
#1839=VECTOR('',#6429,10.);
#1840=VECTOR('',#6432,10.);
#1841=VECTOR('',#6437,10.);
#1842=VECTOR('',#6440,10.);
#1843=VECTOR('',#6443,10.);
#1844=VECTOR('',#6446,10.);
#1845=VECTOR('',#6449,10.);
#1846=VECTOR('',#6452,10.);
#1847=VECTOR('',#6453,10.);
#1848=VECTOR('',#6456,10.);
#1849=VECTOR('',#6463,10.);
#1850=VECTOR('',#6468,10.);
#1851=VECTOR('',#6469,10.);
#1852=VECTOR('',#6480,10.);
#1853=VECTOR('',#6491,10.);
#1854=VECTOR('',#6492,10.);
#1855=VECTOR('',#6493,10.);
#1856=VECTOR('',#6494,10.);
#1857=VECTOR('',#6499,10.);
#1858=VECTOR('',#6500,10.);
#1859=VECTOR('',#6501,10.);
#1860=VECTOR('',#6504,10.);
#1861=VECTOR('',#6505,10.);
#1862=VECTOR('',#6508,10.);
#1863=VECTOR('',#6509,10.);
#1864=VECTOR('',#6512,10.);
#1865=VECTOR('',#6513,10.);
#1866=VECTOR('',#6522,10.);
#1867=VECTOR('',#6523,10.);
#1868=VECTOR('',#6524,10.);
#1869=VECTOR('',#6525,10.);
#1870=VECTOR('',#6530,10.);
#1871=VECTOR('',#6531,10.);
#1872=VECTOR('',#6534,10.);
#1873=VECTOR('',#6535,10.);
#1874=VECTOR('',#6538,10.);
#1875=VECTOR('',#6539,10.);
#1876=VECTOR('',#6542,10.);
#1877=VECTOR('',#6543,10.);
#1878=VECTOR('',#6546,10.);
#1879=VECTOR('',#6573,10.);
#1880=VECTOR('',#6578,10.);
#1881=VECTOR('',#6581,10.);
#1882=VECTOR('',#6582,10.);
#1883=VECTOR('',#6583,10.);
#1884=VECTOR('',#6588,10.);
#1885=VECTOR('',#6591,10.);
#1886=VECTOR('',#6592,10.);
#1887=VECTOR('',#6595,10.);
#1888=VECTOR('',#6596,10.);
#1889=VECTOR('',#6603,10.);
#1890=VECTOR('',#6612,10.);
#1891=VECTOR('',#6629,10.);
#1892=VECTOR('',#6630,10.);
#1893=VECTOR('',#6631,10.);
#1894=VECTOR('',#6632,10.);
#1895=VECTOR('',#6639,10.);
#1896=VECTOR('',#6642,10.);
#1897=VECTOR('',#6643,10.);
#1898=VECTOR('',#6644,10.);
#1899=VECTOR('',#6645,10.);
#1900=VECTOR('',#6646,10.);
#1901=VECTOR('',#6647,10.);
#1902=VECTOR('',#6648,10.);
#1903=VECTOR('',#6649,10.);
#1904=VECTOR('',#6654,10.);
#1905=VECTOR('',#6659,10.);
#1906=VECTOR('',#6660,10.);
#1907=VECTOR('',#6661,10.);
#1908=VECTOR('',#6662,10.);
#1909=VECTOR('',#6663,10.);
#1910=VECTOR('',#6664,10.);
#1911=VECTOR('',#6665,10.);
#1912=VECTOR('',#6666,10.);
#1913=VECTOR('',#6667,10.);
#1914=VECTOR('',#6668,10.);
#1915=VECTOR('',#6669,10.);
#1916=VECTOR('',#6670,10.);
#1917=VECTOR('',#6671,10.);
#1918=VECTOR('',#6672,10.);
#1919=VECTOR('',#6673,10.);
#1920=VECTOR('',#6674,10.);
#1921=VECTOR('',#6675,10.);
#1922=VECTOR('',#6676,10.);
#1923=VECTOR('',#6677,10.);
#1924=VECTOR('',#6678,10.);
#1925=VECTOR('',#6679,10.);
#1926=VECTOR('',#6680,10.);
#1927=VECTOR('',#6681,10.);
#1928=VECTOR('',#6682,10.);
#1929=VECTOR('',#6683,10.);
#1930=VECTOR('',#6684,10.);
#1931=VECTOR('',#6685,10.);
#1932=VECTOR('',#6686,10.);
#1933=VECTOR('',#6687,10.);
#1934=VECTOR('',#6688,10.);
#1935=VECTOR('',#6689,10.);
#1936=VECTOR('',#6690,10.);
#1937=VECTOR('',#6691,10.);
#1938=VECTOR('',#6692,10.);
#1939=VECTOR('',#6693,10.);
#1940=VECTOR('',#6694,10.);
#1941=VECTOR('',#6695,10.);
#1942=VECTOR('',#6696,10.);
#1943=VECTOR('',#6697,10.);
#1944=VECTOR('',#6698,10.);
#1945=VECTOR('',#6699,10.);
#1946=VECTOR('',#6700,10.);
#1947=VECTOR('',#6701,10.);
#1948=VECTOR('',#6702,10.);
#1949=VECTOR('',#6703,10.);
#1950=VECTOR('',#6704,10.);
#1951=VECTOR('',#6705,10.);
#1952=VECTOR('',#6706,10.);
#1953=VECTOR('',#6707,10.);
#1954=VECTOR('',#6708,10.);
#1955=VECTOR('',#6709,10.);
#1956=VECTOR('',#6710,10.);
#1957=VECTOR('',#6711,10.);
#1958=VECTOR('',#6712,10.);
#1959=VECTOR('',#6713,10.);
#1960=VECTOR('',#6714,10.);
#1961=VECTOR('',#6715,10.);
#1962=VECTOR('',#6716,10.);
#1963=VECTOR('',#6717,10.);
#1964=VECTOR('',#6718,10.);
#1965=VECTOR('',#6719,10.);
#1966=VECTOR('',#6720,10.);
#1967=VECTOR('',#6721,10.);
#1968=VECTOR('',#6722,10.);
#1969=VECTOR('',#6723,10.);
#1970=VECTOR('',#6728,1.);
#1971=VECTOR('',#6731,10.);
#1972=VECTOR('',#6734,10.);
#1973=VECTOR('',#6739,10.);
#1974=VECTOR('',#6740,10.);
#1975=VECTOR('',#6741,10.);
#1976=VECTOR('',#6744,10.);
#1977=VECTOR('',#6747,1.);
#1978=VECTOR('',#6750,10.);
#1979=VECTOR('',#6753,10.);
#1980=VECTOR('',#6760,10.);
#1981=VECTOR('',#6763,10.);
#1982=VECTOR('',#6768,10.);
#1983=VECTOR('',#6771,10.);
#1984=VECTOR('',#6774,10.);
#1985=VECTOR('',#6775,10.);
#1986=VECTOR('',#6778,10.);
#1987=VECTOR('',#6779,10.);
#1988=VECTOR('',#6782,10.);
#1989=VECTOR('',#6789,10.);
#1990=VECTOR('',#6792,10.);
#1991=VECTOR('',#6795,10.);
#1992=VECTOR('',#6798,10.);
#1993=VECTOR('',#6809,10.);
#1994=VECTOR('',#6818,10.);
#1995=VECTOR('',#6821,10.);
#1996=VECTOR('',#6824,10.);
#1997=VECTOR('',#6827,10.);
#1998=VECTOR('',#6828,10.);
#1999=VECTOR('',#6829,10.);
#2000=VECTOR('',#6830,10.);
#2001=VECTOR('',#6831,10.);
#2002=VECTOR('',#6834,10.);
#2003=VECTOR('',#6835,10.);
#2004=VECTOR('',#6838,10.);
#2005=VECTOR('',#6839,10.);
#2006=VECTOR('',#6842,10.);
#2007=VECTOR('',#6843,10.);
#2008=VECTOR('',#6846,10.);
#2009=VECTOR('',#6847,10.);
#2010=VECTOR('',#6850,10.);
#2011=VECTOR('',#6851,10.);
#2012=VECTOR('',#6852,10.);
#2013=VECTOR('',#6853,10.);
#2014=VECTOR('',#6854,10.);
#2015=VECTOR('',#6855,10.);
#2016=VECTOR('',#6858,10.);
#2017=VECTOR('',#6859,10.);
#2018=VECTOR('',#6862,10.);
#2019=VECTOR('',#6863,10.);
#2020=VECTOR('',#6866,10.);
#2021=VECTOR('',#6869,10.);
#2022=VECTOR('',#6870,10.);
#2023=VECTOR('',#6871,10.);
#2024=VECTOR('',#6872,10.);
#2025=VECTOR('',#6873,10.);
#2026=VECTOR('',#6874,10.);
#2027=VECTOR('',#6875,10.);
#2028=VECTOR('',#6876,10.);
#2029=VECTOR('',#6877,10.);
#2030=VECTOR('',#6878,10.);
#2031=VECTOR('',#6879,10.);
#2032=VECTOR('',#6880,10.);
#2033=VECTOR('',#6881,10.);
#2034=VECTOR('',#6882,10.);
#2035=VECTOR('',#6883,10.);
#2036=VECTOR('',#6884,10.);
#2037=VECTOR('',#6887,10.);
#2038=VECTOR('',#6888,10.);
#2039=VECTOR('',#6889,10.);
#2040=VECTOR('',#6890,10.);
#2041=VECTOR('',#6891,10.);
#2042=VECTOR('',#6892,10.);
#2043=VECTOR('',#6893,10.);
#2044=VECTOR('',#6894,10.);
#2045=VECTOR('',#6895,10.);
#2046=VECTOR('',#6896,10.);
#2047=VECTOR('',#6897,10.);
#2048=VECTOR('',#6898,10.);
#2049=VECTOR('',#6899,10.);
#2050=VECTOR('',#6900,10.);
#2051=VECTOR('',#6901,10.);
#2052=VECTOR('',#6902,10.);
#2053=VECTOR('',#6905,10.);
#2054=VECTOR('',#6906,10.);
#2055=VECTOR('',#6909,10.);
#2056=VECTOR('',#6910,10.);
#2057=VECTOR('',#6913,10.);
#2058=VECTOR('',#6914,10.);
#2059=VECTOR('',#6917,10.);
#2060=VECTOR('',#6918,10.);
#2061=VECTOR('',#6921,10.);
#2062=VECTOR('',#6922,10.);
#2063=VECTOR('',#6925,10.);
#2064=VECTOR('',#6926,10.);
#2065=VECTOR('',#6929,10.);
#2066=VECTOR('',#6930,10.);
#2067=VECTOR('',#6931,10.);
#2068=VECTOR('',#6932,10.);
#2069=VECTOR('',#6933,10.);
#2070=VECTOR('',#6936,10.);
#2071=VECTOR('',#6937,10.);
#2072=VECTOR('',#6942,10.);
#2073=VECTOR('',#6943,10.);
#2074=VECTOR('',#6944,10.);
#2075=VECTOR('',#6945,10.);
#2076=VECTOR('',#6948,10.);
#2077=VECTOR('',#6949,10.);
#2078=VECTOR('',#6952,10.);
#2079=VECTOR('',#6953,10.);
#2080=VECTOR('',#6954,10.);
#2081=VECTOR('',#6955,10.);
#2082=VECTOR('',#6956,10.);
#2083=VECTOR('',#6959,10.);
#2084=VECTOR('',#6960,10.);
#2085=VECTOR('',#6961,10.);
#2086=VECTOR('',#6962,10.);
#2087=VECTOR('',#6963,10.);
#2088=VECTOR('',#6964,10.);
#2089=VECTOR('',#6965,10.);
#2090=VECTOR('',#6966,10.);
#2091=VECTOR('',#6967,10.);
#2092=VECTOR('',#6968,10.);
#2093=VECTOR('',#6969,10.);
#2094=VECTOR('',#6972,10.);
#2095=VECTOR('',#6973,10.);
#2096=VECTOR('',#6974,10.);
#2097=VECTOR('',#6975,10.);
#2098=VECTOR('',#6976,10.);
#2099=VECTOR('',#6977,10.);
#2100=VECTOR('',#6980,10.);
#2101=VECTOR('',#6981,10.);
#2102=VECTOR('',#6984,10.);
#2103=VECTOR('',#6985,10.);
#2104=VECTOR('',#6986,10.);
#2105=VECTOR('',#6987,10.);
#2106=VECTOR('',#6988,10.);
#2107=VECTOR('',#6989,10.);
#2108=VECTOR('',#6990,10.);
#2109=VECTOR('',#6993,10.);
#2110=VECTOR('',#6994,10.);
#2111=VECTOR('',#6997,10.);
#2112=VECTOR('',#6998,10.);
#2113=VECTOR('',#7001,10.);
#2114=VECTOR('',#7002,10.);
#2115=VECTOR('',#7005,10.);
#2116=VECTOR('',#7006,10.);
#2117=VECTOR('',#7009,10.);
#2118=VECTOR('',#7010,10.);
#2119=VECTOR('',#7013,10.);
#2120=VECTOR('',#7014,10.);
#2121=VECTOR('',#7015,10.);
#2122=VECTOR('',#7016,10.);
#2123=VECTOR('',#7017,10.);
#2124=VECTOR('',#7018,10.);
#2125=VECTOR('',#7019,10.);
#2126=VECTOR('',#7022,10.);
#2127=VECTOR('',#7023,10.);
#2128=VECTOR('',#7026,10.);
#2129=VECTOR('',#7027,10.);
#2130=VECTOR('',#7030,10.);
#2131=VECTOR('',#7033,10.);
#2132=VECTOR('',#7034,10.);
#2133=VECTOR('',#7035,10.);
#2134=VECTOR('',#7036,10.);
#2135=VECTOR('',#7037,10.);
#2136=VECTOR('',#7040,10.);
#2137=VECTOR('',#7041,10.);
#2138=VECTOR('',#7042,10.);
#2139=VECTOR('',#7043,10.);
#2140=VECTOR('',#7044,10.);
#2141=VECTOR('',#7045,10.);
#2142=VECTOR('',#7046,10.);
#2143=VECTOR('',#7047,10.);
#2144=VECTOR('',#7048,10.);
#2145=VECTOR('',#7049,10.);
#2146=VECTOR('',#7050,10.);
#2147=VECTOR('',#7053,10.);
#2148=VECTOR('',#7054,10.);
#2149=VECTOR('',#7055,10.);
#2150=VECTOR('',#7056,10.);
#2151=VECTOR('',#7057,10.);
#2152=VECTOR('',#7058,10.);
#2153=VECTOR('',#7061,10.);
#2154=VECTOR('',#7062,10.);
#2155=VECTOR('',#7065,10.);
#2156=VECTOR('',#7066,10.);
#2157=VECTOR('',#7067,10.);
#2158=VECTOR('',#7068,10.);
#2159=VECTOR('',#7071,10.);
#2160=VECTOR('',#7072,10.);
#2161=VECTOR('',#7075,10.);
#2162=VECTOR('',#7076,10.);
#2163=VECTOR('',#7079,10.);
#2164=VECTOR('',#7080,10.);
#2165=VECTOR('',#7083,10.);
#2166=VECTOR('',#7084,10.);
#2167=VECTOR('',#7087,10.);
#2168=VECTOR('',#7088,10.);
#2169=VECTOR('',#7091,10.);
#2170=VECTOR('',#7092,10.);
#2171=VECTOR('',#7095,10.);
#2172=VECTOR('',#7096,10.);
#2173=VECTOR('',#7099,10.);
#2174=VECTOR('',#7100,10.);
#2175=VECTOR('',#7103,10.);
#2176=VECTOR('',#7104,10.);
#2177=VECTOR('',#7107,10.);
#2178=VECTOR('',#7108,10.);
#2179=VECTOR('',#7111,10.);
#2180=VECTOR('',#7112,10.);
#2181=VECTOR('',#7113,10.);
#2182=VECTOR('',#7114,10.);
#2183=VECTOR('',#7115,10.);
#2184=VECTOR('',#7116,10.);
#2185=VECTOR('',#7119,10.);
#2186=VECTOR('',#7122,10.);
#2187=VECTOR('',#7123,10.);
#2188=VECTOR('',#7124,10.);
#2189=VECTOR('',#7125,10.);
#2190=VECTOR('',#7126,10.);
#2191=VECTOR('',#7127,10.);
#2192=VECTOR('',#7128,10.);
#2193=VECTOR('',#7129,10.);
#2194=VECTOR('',#7130,10.);
#2195=VECTOR('',#7133,10.);
#2196=VECTOR('',#7134,10.);
#2197=VECTOR('',#7135,10.);
#2198=VECTOR('',#7138,10.);
#2199=VECTOR('',#7139,10.);
#2200=VECTOR('',#7142,10.);
#2201=VECTOR('',#7143,10.);
#2202=VECTOR('',#7144,10.);
#2203=VECTOR('',#7145,10.);
#2204=VECTOR('',#7146,10.);
#2205=VECTOR('',#7147,10.);
#2206=VECTOR('',#7148,10.);
#2207=VECTOR('',#7149,10.);
#2208=VECTOR('',#7152,10.);
#2209=VECTOR('',#7153,10.);
#2210=VECTOR('',#7156,10.);
#2211=VECTOR('',#7157,10.);
#2212=VECTOR('',#7160,10.);
#2213=VECTOR('',#7161,10.);
#2214=VECTOR('',#7164,10.);
#2215=VECTOR('',#7167,10.);
#2216=VECTOR('',#7168,10.);
#2217=VECTOR('',#7169,10.);
#2218=VECTOR('',#7170,10.);
#2219=VECTOR('',#7171,10.);
#2220=VECTOR('',#7174,10.);
#2221=VECTOR('',#7175,10.);
#2222=VECTOR('',#7176,10.);
#2223=VECTOR('',#7177,10.);
#2224=VECTOR('',#7178,10.);
#2225=VECTOR('',#7179,10.);
#2226=VECTOR('',#7180,10.);
#2227=VECTOR('',#7181,10.);
#2228=VECTOR('',#7182,10.);
#2229=VECTOR('',#7183,10.);
#2230=VECTOR('',#7184,10.);
#2231=VECTOR('',#7187,10.);
#2232=VECTOR('',#7188,10.);
#2233=VECTOR('',#7189,10.);
#2234=VECTOR('',#7190,10.);
#2235=VECTOR('',#7191,10.);
#2236=VECTOR('',#7192,10.);
#2237=VECTOR('',#7195,10.);
#2238=VECTOR('',#7196,10.);
#2239=VECTOR('',#7199,10.);
#2240=VECTOR('',#7200,10.);
#2241=VECTOR('',#7201,10.);
#2242=VECTOR('',#7202,10.);
#2243=VECTOR('',#7205,10.);
#2244=VECTOR('',#7206,10.);
#2245=VECTOR('',#7209,10.);
#2246=VECTOR('',#7210,10.);
#2247=VECTOR('',#7213,10.);
#2248=VECTOR('',#7214,10.);
#2249=VECTOR('',#7217,10.);
#2250=VECTOR('',#7218,10.);
#2251=VECTOR('',#7221,10.);
#2252=VECTOR('',#7222,10.);
#2253=VECTOR('',#7225,10.);
#2254=VECTOR('',#7226,10.);
#2255=VECTOR('',#7229,10.);
#2256=VECTOR('',#7230,10.);
#2257=VECTOR('',#7233,10.);
#2258=VECTOR('',#7234,10.);
#2259=VECTOR('',#7237,10.);
#2260=VECTOR('',#7238,10.);
#2261=VECTOR('',#7241,10.);
#2262=VECTOR('',#7242,10.);
#2263=VECTOR('',#7245,10.);
#2264=VECTOR('',#7246,10.);
#2265=VECTOR('',#7247,10.);
#2266=VECTOR('',#7248,10.);
#2267=VECTOR('',#7249,10.);
#2268=VECTOR('',#7250,10.);
#2269=VECTOR('',#7253,10.);
#2270=VECTOR('',#7268,10.);
#2271=VECTOR('',#7273,10.);
#2272=VECTOR('',#7278,10.);
#2273=VECTOR('',#7279,10.);
#2274=VECTOR('',#7282,10.);
#2275=VECTOR('',#7283,10.);
#2276=VECTOR('',#7284,10.);
#2277=VECTOR('',#7285,10.);
#2278=VECTOR('',#7286,10.);
#2279=VECTOR('',#7287,10.);
#2280=VECTOR('',#7288,10.);
#2281=VECTOR('',#7289,10.);
#2282=VECTOR('',#7306,10.);
#2283=VECTOR('',#7315,10.);
#2284=VECTOR('',#7326,10.);
#2285=VECTOR('',#7335,10.);
#2286=VECTOR('',#7338,10.);
#2287=VECTOR('',#7339,10.);
#2288=VECTOR('',#7340,10.);
#2289=VECTOR('',#7343,10.);
#2290=VECTOR('',#7348,10.);
#2291=VECTOR('',#7349,10.);
#2292=VECTOR('',#7352,10.);
#2293=VECTOR('',#7353,10.);
#2294=VECTOR('',#7354,10.);
#2295=VECTOR('',#7357,10.);
#2296=VECTOR('',#7362,10.);
#2297=VECTOR('',#7363,10.);
#2298=VECTOR('',#7366,10.);
#2299=VECTOR('',#7367,10.);
#2300=VECTOR('',#7370,10.);
#2301=VECTOR('',#7375,10.);
#2302=VECTOR('',#7376,10.);
#2303=VECTOR('',#7379,10.);
#2304=VERTEX_POINT('',#7384);
#2305=VERTEX_POINT('',#7385);
#2306=VERTEX_POINT('',#7387);
#2307=VERTEX_POINT('',#7389);
#2308=VERTEX_POINT('',#7393);
#2309=VERTEX_POINT('',#7394);
#2310=VERTEX_POINT('',#7396);
#2311=VERTEX_POINT('',#7398);
#2312=VERTEX_POINT('',#7402);
#2313=VERTEX_POINT('',#7404);
#2314=VERTEX_POINT('',#7408);
#2315=VERTEX_POINT('',#7410);
#2316=VERTEX_POINT('',#7418);
#2317=VERTEX_POINT('',#7419);
#2318=VERTEX_POINT('',#7421);
#2319=VERTEX_POINT('',#7423);
#2320=VERTEX_POINT('',#7427);
#2321=VERTEX_POINT('',#7428);
#2322=VERTEX_POINT('',#7430);
#2323=VERTEX_POINT('',#7432);
#2324=VERTEX_POINT('',#7436);
#2325=VERTEX_POINT('',#7437);
#2326=VERTEX_POINT('',#7442);
#2327=VERTEX_POINT('',#7443);
#2328=VERTEX_POINT('',#7448);
#2329=VERTEX_POINT('',#7449);
#2330=VERTEX_POINT('',#7454);
#2331=VERTEX_POINT('',#7455);
#2332=VERTEX_POINT('',#7460);
#2333=VERTEX_POINT('',#7462);
#2334=VERTEX_POINT('',#7464);
#2335=VERTEX_POINT('',#7466);
#2336=VERTEX_POINT('',#7470);
#2337=VERTEX_POINT('',#7472);
#2338=VERTEX_POINT('',#7476);
#2339=VERTEX_POINT('',#7478);
#2340=VERTEX_POINT('',#7480);
#2341=VERTEX_POINT('',#7482);
#2342=VERTEX_POINT('',#7494);
#2343=VERTEX_POINT('',#7496);
#2344=VERTEX_POINT('',#7499);
#2345=VERTEX_POINT('',#7501);
#2346=VERTEX_POINT('',#7505);
#2347=VERTEX_POINT('',#7506);
#2348=VERTEX_POINT('',#7511);
#2349=VERTEX_POINT('',#7515);
#2350=VERTEX_POINT('',#7516);
#2351=VERTEX_POINT('',#7518);
#2352=VERTEX_POINT('',#7520);
#2353=VERTEX_POINT('',#7524);
#2354=VERTEX_POINT('',#7526);
#2355=VERTEX_POINT('',#7528);
#2356=VERTEX_POINT('',#7530);
#2357=VERTEX_POINT('',#7533);
#2358=VERTEX_POINT('',#7534);
#2359=VERTEX_POINT('',#7536);
#2360=VERTEX_POINT('',#7538);
#2361=VERTEX_POINT('',#7542);
#2362=VERTEX_POINT('',#7546);
#2363=VERTEX_POINT('',#7550);
#2364=VERTEX_POINT('',#7554);
#2365=VERTEX_POINT('',#7557);
#2366=VERTEX_POINT('',#7561);
#2367=VERTEX_POINT('',#7565);
#2368=VERTEX_POINT('',#7569);
#2369=VERTEX_POINT('',#7573);
#2370=VERTEX_POINT('',#7574);
#2371=VERTEX_POINT('',#7576);
#2372=VERTEX_POINT('',#7578);
#2373=VERTEX_POINT('',#7580);
#2374=VERTEX_POINT('',#7584);
#2375=VERTEX_POINT('',#7589);
#2376=VERTEX_POINT('',#7593);
#2377=VERTEX_POINT('',#7597);
#2378=VERTEX_POINT('',#7603);
#2379=VERTEX_POINT('',#7604);
#2380=VERTEX_POINT('',#7606);
#2381=VERTEX_POINT('',#7608);
#2382=VERTEX_POINT('',#7610);
#2383=VERTEX_POINT('',#7614);
#2384=VERTEX_POINT('',#7615);
#2385=VERTEX_POINT('',#7620);
#2386=VERTEX_POINT('',#7624);
#2387=VERTEX_POINT('',#7628);
#2388=VERTEX_POINT('',#7651);
#2389=VERTEX_POINT('',#7652);
#2390=VERTEX_POINT('',#7657);
#2391=VERTEX_POINT('',#7661);
#2392=VERTEX_POINT('',#7665);
#2393=VERTEX_POINT('',#7666);
#2394=VERTEX_POINT('',#7669);
#2395=VERTEX_POINT('',#7680);
#2396=VERTEX_POINT('',#7684);
#2397=VERTEX_POINT('',#7688);
#2398=VERTEX_POINT('',#7722);
#2399=VERTEX_POINT('',#7723);
#2400=VERTEX_POINT('',#7725);
#2401=VERTEX_POINT('',#7727);
#2402=VERTEX_POINT('',#7731);
#2403=VERTEX_POINT('',#7733);
#2404=VERTEX_POINT('',#7737);
#2405=VERTEX_POINT('',#7738);
#2406=VERTEX_POINT('',#7740);
#2407=VERTEX_POINT('',#7742);
#2408=VERTEX_POINT('',#7744);
#2409=VERTEX_POINT('',#7746);
#2410=VERTEX_POINT('',#7748);
#2411=VERTEX_POINT('',#7750);
#2412=VERTEX_POINT('',#7754);
#2413=VERTEX_POINT('',#7756);
#2414=VERTEX_POINT('',#7762);
#2415=VERTEX_POINT('',#7763);
#2416=VERTEX_POINT('',#7769);
#2417=VERTEX_POINT('',#7771);
#2418=VERTEX_POINT('',#7773);
#2419=VERTEX_POINT('',#7775);
#2420=VERTEX_POINT('',#7781);
#2421=VERTEX_POINT('',#7787);
#2422=VERTEX_POINT('',#7793);
#2423=VERTEX_POINT('',#7799);
#2424=VERTEX_POINT('',#7801);
#2425=VERTEX_POINT('',#7803);
#2426=VERTEX_POINT('',#7805);
#2427=VERTEX_POINT('',#7807);
#2428=VERTEX_POINT('',#7809);
#2429=VERTEX_POINT('',#7815);
#2430=VERTEX_POINT('',#7826);
#2431=VERTEX_POINT('',#7827);
#2432=VERTEX_POINT('',#7833);
#2433=VERTEX_POINT('',#7839);
#2434=VERTEX_POINT('',#7845);
#2435=VERTEX_POINT('',#7851);
#2436=VERTEX_POINT('',#7857);
#2437=VERTEX_POINT('',#7863);
#2438=VERTEX_POINT('',#7874);
#2439=VERTEX_POINT('',#7875);
#2440=VERTEX_POINT('',#7881);
#2441=VERTEX_POINT('',#7887);
#2442=VERTEX_POINT('',#7893);
#2443=VERTEX_POINT('',#7899);
#2444=VERTEX_POINT('',#7905);
#2445=VERTEX_POINT('',#7911);
#2446=VERTEX_POINT('',#7922);
#2447=VERTEX_POINT('',#7923);
#2448=VERTEX_POINT('',#7929);
#2449=VERTEX_POINT('',#7935);
#2450=VERTEX_POINT('',#7937);
#2451=VERTEX_POINT('',#7943);
#2452=VERTEX_POINT('',#7949);
#2453=VERTEX_POINT('',#7955);
#2454=VERTEX_POINT('',#7957);
#2455=VERTEX_POINT('',#7959);
#2456=VERTEX_POINT('',#7961);
#2457=VERTEX_POINT('',#7963);
#2458=VERTEX_POINT('',#7966);
#2459=VERTEX_POINT('',#7967);
#2460=VERTEX_POINT('',#7969);
#2461=VERTEX_POINT('',#7975);
#2462=VERTEX_POINT('',#7982);
#2463=VERTEX_POINT('',#7983);
#2464=VERTEX_POINT('',#7989);
#2465=VERTEX_POINT('',#7995);
#2466=VERTEX_POINT('',#7997);
#2467=VERTEX_POINT('',#8003);
#2468=VERTEX_POINT('',#8009);
#2469=VERTEX_POINT('',#8015);
#2470=VERTEX_POINT('',#8021);
#2471=VERTEX_POINT('',#8023);
#2472=VERTEX_POINT('',#8029);
#2473=VERTEX_POINT('',#8035);
#2474=VERTEX_POINT('',#8041);
#2475=VERTEX_POINT('',#8047);
#2476=VERTEX_POINT('',#8053);
#2477=VERTEX_POINT('',#8064);
#2478=VERTEX_POINT('',#8065);
#2479=VERTEX_POINT('',#8071);
#2480=VERTEX_POINT('',#8073);
#2481=VERTEX_POINT('',#8075);
#2482=VERTEX_POINT('',#8077);
#2483=VERTEX_POINT('',#8083);
#2484=VERTEX_POINT('',#8089);
#2485=VERTEX_POINT('',#8095);
#2486=VERTEX_POINT('',#8101);
#2487=VERTEX_POINT('',#8107);
#2488=VERTEX_POINT('',#8109);
#2489=VERTEX_POINT('',#8111);
#2490=VERTEX_POINT('',#8113);
#2491=VERTEX_POINT('',#8115);
#2492=VERTEX_POINT('',#8117);
#2493=VERTEX_POINT('',#8119);
#2494=VERTEX_POINT('',#8125);
#2495=VERTEX_POINT('',#8131);
#2496=VERTEX_POINT('',#8137);
#2497=VERTEX_POINT('',#8148);
#2498=VERTEX_POINT('',#8149);
#2499=VERTEX_POINT('',#8155);
#2500=VERTEX_POINT('',#8161);
#2501=VERTEX_POINT('',#8163);
#2502=VERTEX_POINT('',#8169);
#2503=VERTEX_POINT('',#8175);
#2504=VERTEX_POINT('',#8181);
#2505=VERTEX_POINT('',#8187);
#2506=VERTEX_POINT('',#8189);
#2507=VERTEX_POINT('',#8195);
#2508=VERTEX_POINT('',#8201);
#2509=VERTEX_POINT('',#8207);
#2510=VERTEX_POINT('',#8213);
#2511=VERTEX_POINT('',#8219);
#2512=VERTEX_POINT('',#8230);
#2513=VERTEX_POINT('',#8231);
#2514=VERTEX_POINT('',#8237);
#2515=VERTEX_POINT('',#8239);
#2516=VERTEX_POINT('',#8245);
#2517=VERTEX_POINT('',#8251);
#2518=VERTEX_POINT('',#8257);
#2519=VERTEX_POINT('',#8263);
#2520=VERTEX_POINT('',#8265);
#2521=VERTEX_POINT('',#8267);
#2522=VERTEX_POINT('',#8269);
#2523=VERTEX_POINT('',#8271);
#2524=VERTEX_POINT('',#8273);
#2525=VERTEX_POINT('',#8275);
#2526=VERTEX_POINT('',#8277);
#2527=VERTEX_POINT('',#8279);
#2528=VERTEX_POINT('',#8281);
#2529=VERTEX_POINT('',#8283);
#2530=VERTEX_POINT('',#8285);
#2531=VERTEX_POINT('',#8296);
#2532=VERTEX_POINT('',#8297);
#2533=VERTEX_POINT('',#8299);
#2534=VERTEX_POINT('',#8301);
#2535=VERTEX_POINT('',#8303);
#2536=VERTEX_POINT('',#8305);
#2537=VERTEX_POINT('',#8307);
#2538=VERTEX_POINT('',#8313);
#2539=VERTEX_POINT('',#8319);
#2540=VERTEX_POINT('',#8325);
#2541=VERTEX_POINT('',#8331);
#2542=VERTEX_POINT('',#8337);
#2543=VERTEX_POINT('',#8343);
#2544=VERTEX_POINT('',#8346);
#2545=VERTEX_POINT('',#8347);
#2546=VERTEX_POINT('',#8353);
#2547=VERTEX_POINT('',#8359);
#2548=VERTEX_POINT('',#8361);
#2549=VERTEX_POINT('',#8367);
#2550=VERTEX_POINT('',#8373);
#2551=VERTEX_POINT('',#8379);
#2552=VERTEX_POINT('',#8385);
#2553=VERTEX_POINT('',#8387);
#2554=VERTEX_POINT('',#8393);
#2555=VERTEX_POINT('',#8399);
#2556=VERTEX_POINT('',#8405);
#2557=VERTEX_POINT('',#8411);
#2558=VERTEX_POINT('',#8417);
#2559=VERTEX_POINT('',#8428);
#2560=VERTEX_POINT('',#8429);
#2561=VERTEX_POINT('',#8435);
#2562=VERTEX_POINT('',#8437);
#2563=VERTEX_POINT('',#8443);
#2564=VERTEX_POINT('',#8449);
#2565=VERTEX_POINT('',#8455);
#2566=VERTEX_POINT('',#8461);
#2567=VERTEX_POINT('',#8463);
#2568=VERTEX_POINT('',#8465);
#2569=VERTEX_POINT('',#8467);
#2570=VERTEX_POINT('',#8469);
#2571=VERTEX_POINT('',#8471);
#2572=VERTEX_POINT('',#8473);
#2573=VERTEX_POINT('',#8475);
#2574=VERTEX_POINT('',#8477);
#2575=VERTEX_POINT('',#8479);
#2576=VERTEX_POINT('',#8481);
#2577=VERTEX_POINT('',#8483);
#2578=VERTEX_POINT('',#8495);
#2579=VERTEX_POINT('',#8496);
#2580=VERTEX_POINT('',#8498);
#2581=VERTEX_POINT('',#8500);
#2582=VERTEX_POINT('',#8504);
#2583=VERTEX_POINT('',#8506);
#2584=VERTEX_POINT('',#8508);
#2585=VERTEX_POINT('',#8510);
#2586=VERTEX_POINT('',#8512);
#2587=VERTEX_POINT('',#8515);
#2588=VERTEX_POINT('',#8519);
#2589=VERTEX_POINT('',#8521);
#2590=VERTEX_POINT('',#8525);
#2591=VERTEX_POINT('',#8529);
#2592=VERTEX_POINT('',#8530);
#2593=VERTEX_POINT('',#8532);
#2594=VERTEX_POINT('',#8534);
#2595=VERTEX_POINT('',#8538);
#2596=VERTEX_POINT('',#8539);
#2597=VERTEX_POINT('',#8541);
#2598=VERTEX_POINT('',#8543);
#2599=VERTEX_POINT('',#8553);
#2600=VERTEX_POINT('',#8557);
#2601=VERTEX_POINT('',#8561);
#2602=VERTEX_POINT('',#8563);
#2603=VERTEX_POINT('',#8565);
#2604=VERTEX_POINT('',#8567);
#2605=VERTEX_POINT('',#8571);
#2606=VERTEX_POINT('',#8573);
#2607=VERTEX_POINT('',#8579);
#2608=VERTEX_POINT('',#8583);
#2609=VERTEX_POINT('',#8585);
#2610=VERTEX_POINT('',#8587);
#2611=VERTEX_POINT('',#8589);
#2612=VERTEX_POINT('',#8591);
#2613=VERTEX_POINT('',#8604);
#2614=VERTEX_POINT('',#8606);
#2615=VERTEX_POINT('',#8623);
#2616=VERTEX_POINT('',#8640);
#2617=VERTEX_POINT('',#8657);
#2618=VERTEX_POINT('',#8665);
#2619=VERTEX_POINT('',#8669);
#2620=VERTEX_POINT('',#8673);
#2621=VERTEX_POINT('',#8677);
#2622=VERTEX_POINT('',#8681);
#2623=VERTEX_POINT('',#8694);
#2624=VERTEX_POINT('',#8711);
#2625=VERTEX_POINT('',#8728);
#2626=VERTEX_POINT('',#8745);
#2627=VERTEX_POINT('',#8753);
#2628=VERTEX_POINT('',#8757);
#2629=VERTEX_POINT('',#8773);
#2630=VERTEX_POINT('',#8774);
#2631=VERTEX_POINT('',#8780);
#2632=VERTEX_POINT('',#8782);
#2633=VERTEX_POINT('',#8799);
#2634=VERTEX_POINT('',#8805);
#2635=VERTEX_POINT('',#8822);
#2636=VERTEX_POINT('',#8828);
#2637=VERTEX_POINT('',#8845);
#2638=VERTEX_POINT('',#8851);
#2639=VERTEX_POINT('',#8868);
#2640=VERTEX_POINT('',#8874);
#2641=VERTEX_POINT('',#8891);
#2642=VERTEX_POINT('',#8897);
#2643=VERTEX_POINT('',#8914);
#2644=VERTEX_POINT('',#8920);
#2645=VERTEX_POINT('',#8957);
#2646=VERTEX_POINT('',#8959);
#2647=VERTEX_POINT('',#8976);
#2648=VERTEX_POINT('',#8993);
#2649=VERTEX_POINT('',#9010);
#2650=VERTEX_POINT('',#9027);
#2651=VERTEX_POINT('',#9044);
#2652=VERTEX_POINT('',#9061);
#2653=VERTEX_POINT('',#9094);
#2654=VERTEX_POINT('',#9095);
#2655=VERTEX_POINT('',#9101);
#2656=VERTEX_POINT('',#9103);
#2657=VERTEX_POINT('',#9120);
#2658=VERTEX_POINT('',#9126);
#2659=VERTEX_POINT('',#9143);
#2660=VERTEX_POINT('',#9149);
#2661=VERTEX_POINT('',#9166);
#2662=VERTEX_POINT('',#9172);
#2663=VERTEX_POINT('',#9189);
#2664=VERTEX_POINT('',#9195);
#2665=VERTEX_POINT('',#9212);
#2666=VERTEX_POINT('',#9218);
#2667=VERTEX_POINT('',#9235);
#2668=VERTEX_POINT('',#9241);
#2669=VERTEX_POINT('',#9278);
#2670=VERTEX_POINT('',#9280);
#2671=VERTEX_POINT('',#9297);
#2672=VERTEX_POINT('',#9314);
#2673=VERTEX_POINT('',#9331);
#2674=VERTEX_POINT('',#9348);
#2675=VERTEX_POINT('',#9365);
#2676=VERTEX_POINT('',#9382);
#2677=VERTEX_POINT('',#9415);
#2678=VERTEX_POINT('',#9417);
#2679=VERTEX_POINT('',#9425);
#2680=VERTEX_POINT('',#9429);
#2681=VERTEX_POINT('',#9433);
#2682=VERTEX_POINT('',#9437);
#2683=VERTEX_POINT('',#9441);
#2684=VERTEX_POINT('',#9445);
#2685=VERTEX_POINT('',#9458);
#2686=VERTEX_POINT('',#9475);
#2687=VERTEX_POINT('',#9492);
#2688=VERTEX_POINT('',#9500);
#2689=VERTEX_POINT('',#9520);
#2690=VERTEX_POINT('',#9522);
#2691=VERTEX_POINT('',#9535);
#2692=VERTEX_POINT('',#9543);
#2693=VERTEX_POINT('',#9572);
#2694=VERTEX_POINT('',#9573);
#2695=VERTEX_POINT('',#9579);
#2696=VERTEX_POINT('',#9581);
#2697=VERTEX_POINT('',#9598);
#2698=VERTEX_POINT('',#9604);
#2699=VERTEX_POINT('',#9621);
#2700=VERTEX_POINT('',#9627);
#2701=VERTEX_POINT('',#9644);
#2702=VERTEX_POINT('',#9650);
#2703=VERTEX_POINT('',#9670);
#2704=VERTEX_POINT('',#9672);
#2705=VERTEX_POINT('',#9689);
#2706=VERTEX_POINT('',#9706);
#2707=VERTEX_POINT('',#9723);
#2708=VERTEX_POINT('',#9740);
#2709=VERTEX_POINT('',#9757);
#2710=VERTEX_POINT('',#9774);
#2711=VERTEX_POINT('',#9791);
#2712=VERTEX_POINT('',#9799);
#2713=VERTEX_POINT('',#9812);
#2714=VERTEX_POINT('',#9829);
#2715=VERTEX_POINT('',#9846);
#2716=VERTEX_POINT('',#9863);
#2717=VERTEX_POINT('',#9871);
#2718=VERTEX_POINT('',#9900);
#2719=VERTEX_POINT('',#9902);
#2720=VERTEX_POINT('',#9919);
#2721=VERTEX_POINT('',#9936);
#2722=VERTEX_POINT('',#9953);
#2723=VERTEX_POINT('',#9970);
#2724=VERTEX_POINT('',#9987);
#2725=VERTEX_POINT('',#9995);
#2726=VERTEX_POINT('',#9999);
#2727=VERTEX_POINT('',#10003);
#2728=VERTEX_POINT('',#10007);
#2729=VERTEX_POINT('',#10011);
#2730=VERTEX_POINT('',#10015);
#2731=VERTEX_POINT('',#10028);
#2732=VERTEX_POINT('',#10045);
#2733=VERTEX_POINT('',#10062);
#2734=VERTEX_POINT('',#10079);
#2735=VERTEX_POINT('',#10096);
#2736=VERTEX_POINT('',#10104);
#2737=VERTEX_POINT('',#10108);
#2738=VERTEX_POINT('',#10124);
#2739=VERTEX_POINT('',#10125);
#2740=VERTEX_POINT('',#10131);
#2741=VERTEX_POINT('',#10133);
#2742=VERTEX_POINT('',#10150);
#2743=VERTEX_POINT('',#10156);
#2744=VERTEX_POINT('',#10173);
#2745=VERTEX_POINT('',#10179);
#2746=VERTEX_POINT('',#10196);
#2747=VERTEX_POINT('',#10202);
#2748=VERTEX_POINT('',#10222);
#2749=VERTEX_POINT('',#10224);
#2750=VERTEX_POINT('',#10241);
#2751=VERTEX_POINT('',#10258);
#2752=VERTEX_POINT('',#10275);
#2753=VERTEX_POINT('',#10292);
#2754=VERTEX_POINT('',#10309);
#2755=VERTEX_POINT('',#10326);
#2756=VERTEX_POINT('',#10343);
#2757=VERTEX_POINT('',#10351);
#2758=VERTEX_POINT('',#10364);
#2759=VERTEX_POINT('',#10381);
#2760=VERTEX_POINT('',#10398);
#2761=VERTEX_POINT('',#10415);
#2762=VERTEX_POINT('',#10423);
#2763=VERTEX_POINT('',#10452);
#2764=VERTEX_POINT('',#10454);
#2765=VERTEX_POINT('',#10471);
#2766=VERTEX_POINT('',#10488);
#2767=VERTEX_POINT('',#10496);
#2768=VERTEX_POINT('',#10500);
#2769=VERTEX_POINT('',#10504);
#2770=VERTEX_POINT('',#10508);
#2771=VERTEX_POINT('',#10512);
#2772=VERTEX_POINT('',#10516);
#2773=VERTEX_POINT('',#10520);
#2774=VERTEX_POINT('',#10524);
#2775=VERTEX_POINT('',#10528);
#2776=VERTEX_POINT('',#10532);
#2777=VERTEX_POINT('',#10536);
#2778=VERTEX_POINT('',#10549);
#2779=VERTEX_POINT('',#10566);
#2780=VERTEX_POINT('',#10583);
#2781=VERTEX_POINT('',#10600);
#2782=VERTEX_POINT('',#10620);
#2783=VERTEX_POINT('',#10621);
#2784=VERTEX_POINT('',#10627);
#2785=VERTEX_POINT('',#10629);
#2786=VERTEX_POINT('',#10646);
#2787=VERTEX_POINT('',#10652);
#2788=VERTEX_POINT('',#10669);
#2789=VERTEX_POINT('',#10675);
#2790=VERTEX_POINT('',#10692);
#2791=VERTEX_POINT('',#10698);
#2792=VERTEX_POINT('',#10715);
#2793=VERTEX_POINT('',#10721);
#2794=VERTEX_POINT('',#10738);
#2795=VERTEX_POINT('',#10744);
#2796=VERTEX_POINT('',#10761);
#2797=VERTEX_POINT('',#10767);
#2798=VERTEX_POINT('',#10784);
#2799=VERTEX_POINT('',#10790);
#2800=VERTEX_POINT('',#10818);
#2801=VERTEX_POINT('',#10820);
#2802=VERTEX_POINT('',#10824);
#2803=VERTEX_POINT('',#10828);
#2804=VERTEX_POINT('',#10841);
#2805=VERTEX_POINT('',#10858);
#2806=VERTEX_POINT('',#10875);
#2807=VERTEX_POINT('',#10892);
#2808=VERTEX_POINT('',#10909);
#2809=VERTEX_POINT('',#10926);
#2810=VERTEX_POINT('',#10934);
#2811=VERTEX_POINT('',#10938);
#2812=VERTEX_POINT('',#10942);
#2813=VERTEX_POINT('',#10958);
#2814=VERTEX_POINT('',#10959);
#2815=VERTEX_POINT('',#10965);
#2816=VERTEX_POINT('',#10967);
#2817=VERTEX_POINT('',#10984);
#2818=VERTEX_POINT('',#10990);
#2819=VERTEX_POINT('',#11007);
#2820=VERTEX_POINT('',#11013);
#2821=VERTEX_POINT('',#11030);
#2822=VERTEX_POINT('',#11036);
#2823=VERTEX_POINT('',#11056);
#2824=VERTEX_POINT('',#11058);
#2825=VERTEX_POINT('',#11075);
#2826=VERTEX_POINT('',#11092);
#2827=VERTEX_POINT('',#11109);
#2828=VERTEX_POINT('',#11126);
#2829=VERTEX_POINT('',#11143);
#2830=VERTEX_POINT('',#11160);
#2831=VERTEX_POINT('',#11177);
#2832=VERTEX_POINT('',#11185);
#2833=VERTEX_POINT('',#11198);
#2834=VERTEX_POINT('',#11215);
#2835=VERTEX_POINT('',#11232);
#2836=VERTEX_POINT('',#11249);
#2837=VERTEX_POINT('',#11257);
#2838=VERTEX_POINT('',#11286);
#2839=VERTEX_POINT('',#11288);
#2840=VERTEX_POINT('',#11305);
#2841=VERTEX_POINT('',#11322);
#2842=VERTEX_POINT('',#11330);
#2843=VERTEX_POINT('',#11334);
#2844=VERTEX_POINT('',#11338);
#2845=VERTEX_POINT('',#11342);
#2846=VERTEX_POINT('',#11346);
#2847=VERTEX_POINT('',#11350);
#2848=VERTEX_POINT('',#11354);
#2849=VERTEX_POINT('',#11358);
#2850=VERTEX_POINT('',#11362);
#2851=VERTEX_POINT('',#11366);
#2852=VERTEX_POINT('',#11370);
#2853=VERTEX_POINT('',#11383);
#2854=VERTEX_POINT('',#11400);
#2855=VERTEX_POINT('',#11417);
#2856=VERTEX_POINT('',#11434);
#2857=VERTEX_POINT('',#11452);
#2858=VERTEX_POINT('',#11454);
#2859=VERTEX_POINT('',#11461);
#2860=VERTEX_POINT('',#11463);
#2861=VERTEX_POINT('',#11465);
#2862=VERTEX_POINT('',#11467);
#2863=VERTEX_POINT('',#11469);
#2864=VERTEX_POINT('',#11482);
#2865=VERTEX_POINT('',#11488);
#2866=VERTEX_POINT('',#11492);
#2867=VERTEX_POINT('',#11498);
#2868=VERTEX_POINT('',#11504);
#2869=VERTEX_POINT('',#11506);
#2870=VERTEX_POINT('',#11510);
#2871=VERTEX_POINT('',#11514);
#2872=VERTEX_POINT('',#11518);
#2873=VERTEX_POINT('',#11520);
#2874=VERTEX_POINT('',#11524);
#2875=VERTEX_POINT('',#11528);
#2876=VERTEX_POINT('',#11532);
#2877=VERTEX_POINT('',#11539);
#2878=EDGE_CURVE('',#2304,#2305,#1284,.T.);
#2879=EDGE_CURVE('',#2306,#2304,#1285,.T.);
#2880=EDGE_CURVE('',#2307,#2306,#1286,.T.);
#2881=EDGE_CURVE('',#2305,#2307,#1287,.T.);
#2882=EDGE_CURVE('',#2308,#2309,#1288,.T.);
#2883=EDGE_CURVE('',#2310,#2308,#1289,.T.);
#2884=EDGE_CURVE('',#2311,#2310,#1290,.T.);
#2885=EDGE_CURVE('',#2309,#2311,#1291,.T.);
#2886=EDGE_CURVE('',#2310,#2312,#543,.T.);
#2887=EDGE_CURVE('',#2312,#2313,#1292,.T.);
#2888=EDGE_CURVE('',#2313,#2311,#544,.T.);
#2889=EDGE_CURVE('',#2307,#2314,#545,.T.);
#2890=EDGE_CURVE('',#2306,#2315,#546,.T.);
#2891=EDGE_CURVE('',#2315,#2314,#1293,.T.);
#2892=EDGE_CURVE('',#2314,#2312,#1294,.T.);
#2893=EDGE_CURVE('',#2313,#2315,#1295,.T.);
#2894=EDGE_CURVE('',#2305,#2308,#1296,.T.);
#2895=EDGE_CURVE('',#2316,#2317,#1297,.T.);
#2896=EDGE_CURVE('',#2317,#2318,#468,.T.);
#2897=EDGE_CURVE('',#2318,#2319,#1298,.T.);
#2898=EDGE_CURVE('',#2316,#2319,#469,.T.);
#2899=EDGE_CURVE('',#2320,#2321,#470,.T.);
#2900=EDGE_CURVE('',#2321,#2322,#1299,.T.);
#2901=EDGE_CURVE('',#2322,#2323,#471,.F.);
#2902=EDGE_CURVE('',#2323,#2320,#1300,.T.);
#2903=EDGE_CURVE('',#2324,#2325,#472,.T.);
#2904=EDGE_CURVE('',#2325,#2321,#473,.T.);
#2905=EDGE_CURVE('',#2320,#2324,#474,.T.);
#2906=EDGE_CURVE('',#2326,#2327,#475,.T.);
#2907=EDGE_CURVE('',#2327,#2325,#1301,.T.);
#2908=EDGE_CURVE('',#2324,#2326,#1302,.T.);
#2909=EDGE_CURVE('',#2328,#2329,#476,.T.);
#2910=EDGE_CURVE('',#2329,#2327,#477,.T.);
#2911=EDGE_CURVE('',#2326,#2328,#478,.T.);
#2912=EDGE_CURVE('',#2330,#2331,#479,.F.);
#2913=EDGE_CURVE('',#2331,#2329,#1303,.T.);
#2914=EDGE_CURVE('',#2328,#2330,#1304,.T.);
#2915=EDGE_CURVE('',#2332,#2323,#1305,.T.);
#2916=EDGE_CURVE('',#2333,#2332,#1306,.T.);
#2917=EDGE_CURVE('',#2334,#2333,#1307,.T.);
#2918=EDGE_CURVE('',#2335,#2334,#1308,.T.);
#2919=EDGE_CURVE('',#2330,#2335,#1309,.T.);
#2920=EDGE_CURVE('',#2325,#2336,#1310,.T.);
#2921=EDGE_CURVE('',#2336,#2337,#480,.T.);
#2922=EDGE_CURVE('',#2337,#2321,#1311,.T.);
#2923=EDGE_CURVE('',#2338,#2336,#1312,.T.);
#2924=EDGE_CURVE('',#2339,#2338,#481,.T.);
#2925=EDGE_CURVE('',#2340,#2339,#1313,.T.);
#2926=EDGE_CURVE('',#2341,#2340,#1314,.T.);
#2927=EDGE_CURVE('',#2337,#2341,#1315,.T.);
#2928=EDGE_CURVE('',#2338,#2327,#1316,.T.);
#2929=EDGE_CURVE('',#2329,#2339,#1317,.T.);
#2930=EDGE_CURVE('',#2340,#2331,#1318,.T.);
#2931=EDGE_CURVE('',#2322,#2341,#1319,.T.);
#2932=EDGE_CURVE('',#2309,#2342,#1320,.T.);
#2933=EDGE_CURVE('',#2343,#2342,#482,.T.);
#2934=EDGE_CURVE('',#2343,#2332,#1321,.F.);
#2935=EDGE_CURVE('',#2344,#2335,#1322,.T.);
#2936=EDGE_CURVE('',#2345,#2344,#483,.T.);
#2937=EDGE_CURVE('',#2345,#2304,#1323,.T.);
#2938=EDGE_CURVE('',#2346,#2347,#1324,.T.);
#2939=EDGE_CURVE('',#2334,#2346,#1325,.T.);
#2940=EDGE_CURVE('',#2347,#2333,#1326,.T.);
#2941=EDGE_CURVE('',#2347,#2348,#1327,.T.);
#2942=EDGE_CURVE('',#2348,#2343,#1328,.T.);
#2943=EDGE_CURVE('',#2349,#2350,#1329,.T.);
#2944=EDGE_CURVE('',#2350,#2351,#484,.T.);
#2945=EDGE_CURVE('',#2351,#2352,#1330,.T.);
#2946=EDGE_CURVE('',#2349,#2352,#485,.T.);
#2947=EDGE_CURVE('',#2353,#2351,#1331,.T.);
#2948=EDGE_CURVE('',#2354,#2353,#486,.T.);
#2949=EDGE_CURVE('',#2355,#2354,#1332,.T.);
#2950=EDGE_CURVE('',#2356,#2355,#487,.T.);
#2951=EDGE_CURVE('',#2352,#2356,#1333,.T.);
#2952=EDGE_CURVE('',#2357,#2358,#488,.T.);
#2953=EDGE_CURVE('',#2359,#2357,#1334,.T.);
#2954=EDGE_CURVE('',#2360,#2359,#489,.T.);
#2955=EDGE_CURVE('',#2358,#2360,#1335,.T.);
#2956=EDGE_CURVE('',#2361,#2346,#1336,.T.);
#2957=EDGE_CURVE('',#2344,#2361,#1337,.T.);
#2958=EDGE_CURVE('',#2342,#2362,#1338,.T.);
#2959=EDGE_CURVE('',#2362,#2348,#490,.T.);
#2960=EDGE_CURVE('',#2361,#2363,#491,.T.);
#2961=EDGE_CURVE('',#2363,#2345,#1339,.T.);
#2962=EDGE_CURVE('',#2364,#2349,#492,.T.);
#2963=EDGE_CURVE('',#2364,#2363,#1340,.T.);
#2964=EDGE_CURVE('',#2362,#2365,#1341,.T.);
#2965=EDGE_CURVE('',#2350,#2365,#493,.T.);
#2966=EDGE_CURVE('',#2365,#2366,#494,.T.);
#2967=EDGE_CURVE('',#2366,#2351,#495,.T.);
#2968=EDGE_CURVE('',#2366,#2367,#1342,.T.);
#2969=EDGE_CURVE('',#2353,#2367,#547,.T.);
#2970=EDGE_CURVE('',#2352,#2368,#496,.T.);
#2971=EDGE_CURVE('',#2368,#2364,#497,.T.);
#2972=EDGE_CURVE('',#2369,#2370,#1343,.T.);
#2973=EDGE_CURVE('',#2370,#2371,#1344,.T.);
#2974=EDGE_CURVE('',#2371,#2372,#1345,.T.);
#2975=EDGE_CURVE('',#2372,#2373,#1346,.T.);
#2976=EDGE_CURVE('',#2373,#2369,#498,.T.);
#2977=EDGE_CURVE('',#2367,#2374,#1347,.T.);
#2978=EDGE_CURVE('',#2367,#2370,#1348,.T.);
#2979=EDGE_CURVE('',#2369,#2374,#1349,.T.);
#2980=EDGE_CURVE('',#2367,#2375,#1350,.T.);
#2981=EDGE_CURVE('',#2375,#2371,#1351,.T.);
#2982=EDGE_CURVE('',#2375,#2376,#1352,.T.);
#2983=EDGE_CURVE('',#2376,#2372,#1353,.T.);
#2984=EDGE_CURVE('',#2377,#2376,#1354,.T.);
#2985=EDGE_CURVE('',#2373,#2377,#1355,.T.);
#2986=EDGE_CURVE('',#2374,#2377,#499,.T.);
#2987=EDGE_CURVE('',#2378,#2379,#500,.T.);
#2988=EDGE_CURVE('',#2379,#2380,#1356,.T.);
#2989=EDGE_CURVE('',#2380,#2381,#1357,.T.);
#2990=EDGE_CURVE('',#2381,#2382,#1358,.T.);
#2991=EDGE_CURVE('',#2382,#2378,#1359,.T.);
#2992=EDGE_CURVE('',#2383,#2384,#501,.T.);
#2993=EDGE_CURVE('',#2383,#2379,#1360,.T.);
#2994=EDGE_CURVE('',#2378,#2384,#1361,.T.);
#2995=EDGE_CURVE('',#2385,#2383,#1362,.T.);
#2996=EDGE_CURVE('',#2385,#2380,#1363,.T.);
#2997=EDGE_CURVE('',#2386,#2385,#1364,.T.);
#2998=EDGE_CURVE('',#2386,#2381,#1365,.T.);
#2999=EDGE_CURVE('',#2387,#2386,#1366,.T.);
#3000=EDGE_CURVE('',#2387,#2382,#1367,.T.);
#3001=EDGE_CURVE('',#2384,#2387,#1368,.T.);
#3002=EDGE_CURVE('',#2377,#2354,#502,.T.);
#3003=EDGE_CURVE('',#2354,#2376,#548,.T.);
#3004=EDGE_CURVE('',#2374,#2353,#503,.T.);
#3005=EDGE_CURVE('',#2384,#2356,#504,.T.);
#3006=EDGE_CURVE('',#2356,#2387,#549,.T.);
#3007=EDGE_CURVE('',#2383,#2355,#505,.T.);
#3008=EDGE_CURVE('',#2355,#2385,#550,.T.);
#3009=EDGE_CURVE('',#2387,#2368,#1369,.T.);
#3010=EDGE_CURVE('',#2376,#2385,#1370,.T.);
#3011=EDGE_CURVE('',#2388,#2389,#1371,.T.);
#3012=EDGE_CURVE('',#2317,#2388,#1372,.T.);
#3013=EDGE_CURVE('',#2389,#2316,#1373,.T.);
#3014=EDGE_CURVE('',#2389,#2390,#506,.T.);
#3015=EDGE_CURVE('',#2319,#2390,#1374,.T.);
#3016=EDGE_CURVE('',#2390,#2391,#1375,.T.);
#3017=EDGE_CURVE('',#2318,#2391,#1376,.T.);
#3018=EDGE_CURVE('',#2392,#2393,#1377,.T.);
#3019=EDGE_CURVE('',#2390,#2392,#1378,.T.);
#3020=EDGE_CURVE('',#2391,#2394,#551,.T.);
#3021=EDGE_CURVE('',#2393,#2394,#156,.T.);
#3022=EDGE_CURVE('',#2395,#2392,#507,.T.);
#3023=EDGE_CURVE('',#2389,#2395,#1379,.T.);
#3024=EDGE_CURVE('',#2394,#2396,#508,.T.);
#3025=EDGE_CURVE('',#2396,#2388,#552,.T.);
#3026=EDGE_CURVE('',#2397,#2395,#1380,.T.);
#3027=EDGE_CURVE('',#2396,#2397,#157,.T.);
#3028=EDGE_CURVE('',#2359,#2395,#509,.T.);
#3029=EDGE_CURVE('',#2357,#2397,#158,.T.);
#3030=EDGE_CURVE('',#2360,#2392,#510,.T.);
#3031=EDGE_CURVE('',#2358,#2393,#159,.T.);
#3032=EDGE_CURVE('',#2398,#2399,#1381,.T.);
#3033=EDGE_CURVE('',#2400,#2399,#1382,.T.);
#3034=EDGE_CURVE('',#2401,#2400,#1383,.T.);
#3035=EDGE_CURVE('',#2398,#2401,#1384,.T.);
#3036=EDGE_CURVE('',#2402,#2401,#553,.T.);
#3037=EDGE_CURVE('',#2400,#2403,#554,.T.);
#3038=EDGE_CURVE('',#2403,#2402,#1385,.T.);
#3039=EDGE_CURVE('',#2404,#2405,#1386,.T.);
#3040=EDGE_CURVE('',#2406,#2405,#1387,.T.);
#3041=EDGE_CURVE('',#2407,#2406,#1388,.T.);
#3042=EDGE_CURVE('',#2408,#2407,#1389,.T.);
#3043=EDGE_CURVE('',#2408,#2409,#1390,.T.);
#3044=EDGE_CURVE('',#2409,#2410,#1391,.T.);
#3045=EDGE_CURVE('',#2410,#2411,#1392,.T.);
#3046=EDGE_CURVE('',#2404,#2411,#1393,.T.);
#3047=EDGE_CURVE('',#2406,#2412,#555,.T.);
#3048=EDGE_CURVE('',#2412,#2413,#1394,.T.);
#3049=EDGE_CURVE('',#2413,#2407,#556,.T.);
#3050=EDGE_CURVE('',#2412,#2402,#1395,.T.);
#3051=EDGE_CURVE('',#2405,#2398,#1396,.T.);
#3052=EDGE_CURVE('',#2414,#2415,#160,.T.);
#3053=EDGE_CURVE('',#2415,#2416,#1397,.T.);
#3054=EDGE_CURVE('',#2416,#2417,#1398,.T.);
#3055=EDGE_CURVE('',#2417,#2418,#1399,.T.);
#3056=EDGE_CURVE('',#2418,#2419,#161,.T.);
#3057=EDGE_CURVE('',#2419,#2420,#162,.T.);
#3058=EDGE_CURVE('',#2420,#2421,#163,.T.);
#3059=EDGE_CURVE('',#2421,#2422,#164,.T.);
#3060=EDGE_CURVE('',#2422,#2423,#1400,.T.);
#3061=EDGE_CURVE('',#2423,#2424,#1401,.T.);
#3062=EDGE_CURVE('',#2424,#2425,#1402,.T.);
#3063=EDGE_CURVE('',#2425,#2426,#1403,.T.);
#3064=EDGE_CURVE('',#2426,#2427,#1404,.T.);
#3065=EDGE_CURVE('',#2427,#2428,#165,.T.);
#3066=EDGE_CURVE('',#2428,#2429,#166,.T.);
#3067=EDGE_CURVE('',#2429,#2414,#167,.T.);
#3068=EDGE_CURVE('',#2430,#2431,#168,.T.);
#3069=EDGE_CURVE('',#2431,#2432,#169,.T.);
#3070=EDGE_CURVE('',#2432,#2433,#170,.T.);
#3071=EDGE_CURVE('',#2433,#2434,#171,.T.);
#3072=EDGE_CURVE('',#2434,#2435,#172,.T.);
#3073=EDGE_CURVE('',#2435,#2436,#173,.T.);
#3074=EDGE_CURVE('',#2436,#2437,#174,.T.);
#3075=EDGE_CURVE('',#2437,#2430,#175,.T.);
#3076=EDGE_CURVE('',#2438,#2439,#176,.T.);
#3077=EDGE_CURVE('',#2439,#2440,#177,.T.);
#3078=EDGE_CURVE('',#2440,#2441,#178,.T.);
#3079=EDGE_CURVE('',#2441,#2442,#179,.T.);
#3080=EDGE_CURVE('',#2442,#2443,#180,.T.);
#3081=EDGE_CURVE('',#2443,#2444,#181,.T.);
#3082=EDGE_CURVE('',#2444,#2445,#182,.T.);
#3083=EDGE_CURVE('',#2445,#2438,#183,.T.);
#3084=EDGE_CURVE('',#2446,#2447,#184,.T.);
#3085=EDGE_CURVE('',#2447,#2448,#185,.T.);
#3086=EDGE_CURVE('',#2448,#2449,#1405,.T.);
#3087=EDGE_CURVE('',#2449,#2450,#186,.T.);
#3088=EDGE_CURVE('',#2450,#2451,#187,.T.);
#3089=EDGE_CURVE('',#2451,#2452,#188,.T.);
#3090=EDGE_CURVE('',#2452,#2453,#1406,.T.);
#3091=EDGE_CURVE('',#2453,#2454,#1407,.T.);
#3092=EDGE_CURVE('',#2454,#2455,#1408,.T.);
#3093=EDGE_CURVE('',#2455,#2456,#1409,.T.);
#3094=EDGE_CURVE('',#2456,#2457,#1410,.T.);
#3095=EDGE_CURVE('',#2457,#2446,#1411,.T.);
#3096=EDGE_CURVE('',#2458,#2459,#1412,.T.);
#3097=EDGE_CURVE('',#2459,#2460,#189,.T.);
#3098=EDGE_CURVE('',#2460,#2461,#1413,.T.);
#3099=EDGE_CURVE('',#2461,#2458,#190,.T.);
#3100=EDGE_CURVE('',#2462,#2463,#191,.T.);
#3101=EDGE_CURVE('',#2463,#2464,#192,.T.);
#3102=EDGE_CURVE('',#2464,#2465,#1414,.T.);
#3103=EDGE_CURVE('',#2465,#2466,#193,.T.);
#3104=EDGE_CURVE('',#2466,#2467,#194,.T.);
#3105=EDGE_CURVE('',#2467,#2468,#195,.T.);
#3106=EDGE_CURVE('',#2468,#2469,#196,.T.);
#3107=EDGE_CURVE('',#2469,#2470,#1415,.T.);
#3108=EDGE_CURVE('',#2470,#2471,#197,.T.);
#3109=EDGE_CURVE('',#2471,#2472,#198,.T.);
#3110=EDGE_CURVE('',#2472,#2473,#199,.T.);
#3111=EDGE_CURVE('',#2473,#2474,#200,.T.);
#3112=EDGE_CURVE('',#2474,#2475,#201,.T.);
#3113=EDGE_CURVE('',#2475,#2476,#202,.T.);
#3114=EDGE_CURVE('',#2476,#2462,#203,.T.);
#3115=EDGE_CURVE('',#2477,#2478,#204,.T.);
#3116=EDGE_CURVE('',#2478,#2479,#1416,.T.);
#3117=EDGE_CURVE('',#2479,#2480,#1417,.T.);
#3118=EDGE_CURVE('',#2480,#2481,#1418,.T.);
#3119=EDGE_CURVE('',#2481,#2482,#205,.T.);
#3120=EDGE_CURVE('',#2482,#2483,#206,.T.);
#3121=EDGE_CURVE('',#2483,#2484,#207,.T.);
#3122=EDGE_CURVE('',#2484,#2485,#208,.T.);
#3123=EDGE_CURVE('',#2485,#2486,#209,.T.);
#3124=EDGE_CURVE('',#2486,#2487,#1419,.T.);
#3125=EDGE_CURVE('',#2487,#2488,#1420,.T.);
#3126=EDGE_CURVE('',#2488,#2489,#1421,.T.);
#3127=EDGE_CURVE('',#2489,#2490,#1422,.T.);
#3128=EDGE_CURVE('',#2490,#2491,#1423,.T.);
#3129=EDGE_CURVE('',#2491,#2492,#1424,.T.);
#3130=EDGE_CURVE('',#2492,#2493,#210,.T.);
#3131=EDGE_CURVE('',#2493,#2494,#211,.T.);
#3132=EDGE_CURVE('',#2494,#2495,#212,.T.);
#3133=EDGE_CURVE('',#2495,#2496,#213,.T.);
#3134=EDGE_CURVE('',#2496,#2477,#214,.T.);
#3135=EDGE_CURVE('',#2497,#2498,#215,.T.);
#3136=EDGE_CURVE('',#2498,#2499,#216,.T.);
#3137=EDGE_CURVE('',#2499,#2500,#1425,.T.);
#3138=EDGE_CURVE('',#2500,#2501,#217,.T.);
#3139=EDGE_CURVE('',#2501,#2502,#218,.T.);
#3140=EDGE_CURVE('',#2502,#2503,#219,.T.);
#3141=EDGE_CURVE('',#2503,#2504,#220,.T.);
#3142=EDGE_CURVE('',#2504,#2505,#1426,.T.);
#3143=EDGE_CURVE('',#2505,#2506,#221,.T.);
#3144=EDGE_CURVE('',#2506,#2507,#222,.T.);
#3145=EDGE_CURVE('',#2507,#2508,#223,.T.);
#3146=EDGE_CURVE('',#2508,#2509,#224,.T.);
#3147=EDGE_CURVE('',#2509,#2510,#225,.T.);
#3148=EDGE_CURVE('',#2510,#2511,#226,.T.);
#3149=EDGE_CURVE('',#2511,#2497,#227,.T.);
#3150=EDGE_CURVE('',#2512,#2513,#228,.T.);
#3151=EDGE_CURVE('',#2513,#2514,#1427,.T.);
#3152=EDGE_CURVE('',#2514,#2515,#229,.T.);
#3153=EDGE_CURVE('',#2515,#2516,#230,.T.);
#3154=EDGE_CURVE('',#2516,#2517,#231,.T.);
#3155=EDGE_CURVE('',#2517,#2518,#232,.T.);
#3156=EDGE_CURVE('',#2518,#2519,#1428,.T.);
#3157=EDGE_CURVE('',#2519,#2520,#1429,.T.);
#3158=EDGE_CURVE('',#2520,#2521,#1430,.T.);
#3159=EDGE_CURVE('',#2521,#2522,#1431,.T.);
#3160=EDGE_CURVE('',#2522,#2523,#1432,.T.);
#3161=EDGE_CURVE('',#2523,#2524,#1433,.T.);
#3162=EDGE_CURVE('',#2524,#2525,#1434,.T.);
#3163=EDGE_CURVE('',#2525,#2526,#1435,.T.);
#3164=EDGE_CURVE('',#2526,#2527,#1436,.T.);
#3165=EDGE_CURVE('',#2527,#2528,#1437,.T.);
#3166=EDGE_CURVE('',#2528,#2529,#1438,.T.);
#3167=EDGE_CURVE('',#2529,#2530,#233,.T.);
#3168=EDGE_CURVE('',#2530,#2512,#234,.T.);
#3169=EDGE_CURVE('',#2531,#2532,#1439,.T.);
#3170=EDGE_CURVE('',#2532,#2533,#1440,.T.);
#3171=EDGE_CURVE('',#2533,#2534,#1441,.T.);
#3172=EDGE_CURVE('',#2534,#2535,#1442,.T.);
#3173=EDGE_CURVE('',#2535,#2536,#1443,.T.);
#3174=EDGE_CURVE('',#2536,#2537,#235,.T.);
#3175=EDGE_CURVE('',#2537,#2538,#236,.T.);
#3176=EDGE_CURVE('',#2538,#2539,#237,.T.);
#3177=EDGE_CURVE('',#2539,#2540,#238,.T.);
#3178=EDGE_CURVE('',#2540,#2541,#239,.T.);
#3179=EDGE_CURVE('',#2541,#2542,#240,.T.);
#3180=EDGE_CURVE('',#2542,#2543,#1444,.T.);
#3181=EDGE_CURVE('',#2543,#2531,#1445,.T.);
#3182=EDGE_CURVE('',#2544,#2545,#241,.T.);
#3183=EDGE_CURVE('',#2545,#2546,#242,.T.);
#3184=EDGE_CURVE('',#2546,#2547,#1446,.T.);
#3185=EDGE_CURVE('',#2547,#2548,#243,.T.);
#3186=EDGE_CURVE('',#2548,#2549,#244,.T.);
#3187=EDGE_CURVE('',#2549,#2550,#245,.T.);
#3188=EDGE_CURVE('',#2550,#2551,#246,.T.);
#3189=EDGE_CURVE('',#2551,#2552,#1447,.T.);
#3190=EDGE_CURVE('',#2552,#2553,#247,.T.);
#3191=EDGE_CURVE('',#2553,#2554,#248,.T.);
#3192=EDGE_CURVE('',#2554,#2555,#249,.T.);
#3193=EDGE_CURVE('',#2555,#2556,#250,.T.);
#3194=EDGE_CURVE('',#2556,#2557,#251,.T.);
#3195=EDGE_CURVE('',#2557,#2558,#252,.T.);
#3196=EDGE_CURVE('',#2558,#2544,#253,.T.);
#3197=EDGE_CURVE('',#2559,#2560,#254,.T.);
#3198=EDGE_CURVE('',#2560,#2561,#1448,.T.);
#3199=EDGE_CURVE('',#2561,#2562,#255,.T.);
#3200=EDGE_CURVE('',#2562,#2563,#256,.T.);
#3201=EDGE_CURVE('',#2563,#2564,#257,.T.);
#3202=EDGE_CURVE('',#2564,#2565,#258,.T.);
#3203=EDGE_CURVE('',#2565,#2566,#1449,.T.);
#3204=EDGE_CURVE('',#2566,#2567,#1450,.T.);
#3205=EDGE_CURVE('',#2567,#2568,#1451,.T.);
#3206=EDGE_CURVE('',#2568,#2569,#1452,.T.);
#3207=EDGE_CURVE('',#2569,#2570,#1453,.T.);
#3208=EDGE_CURVE('',#2570,#2571,#1454,.T.);
#3209=EDGE_CURVE('',#2571,#2572,#1455,.T.);
#3210=EDGE_CURVE('',#2572,#2573,#1456,.T.);
#3211=EDGE_CURVE('',#2573,#2574,#1457,.T.);
#3212=EDGE_CURVE('',#2574,#2575,#1458,.T.);
#3213=EDGE_CURVE('',#2575,#2576,#1459,.T.);
#3214=EDGE_CURVE('',#2576,#2577,#259,.T.);
#3215=EDGE_CURVE('',#2577,#2559,#260,.T.);
#3216=EDGE_CURVE('',#2578,#2579,#511,.T.);
#3217=EDGE_CURVE('',#2579,#2580,#1460,.T.);
#3218=EDGE_CURVE('',#2580,#2581,#512,.T.);
#3219=EDGE_CURVE('',#2581,#2578,#1461,.T.);
#3220=EDGE_CURVE('',#2404,#2582,#1462,.T.);
#3221=EDGE_CURVE('',#2583,#2582,#513,.T.);
#3222=EDGE_CURVE('',#2584,#2583,#514,.T.);
#3223=EDGE_CURVE('',#2584,#2585,#1463,.T.);
#3224=EDGE_CURVE('',#2586,#2585,#1464,.T.);
#3225=EDGE_CURVE('',#2586,#2581,#1465,.T.);
#3226=EDGE_CURVE('',#2587,#2580,#515,.T.);
#3227=EDGE_CURVE('',#2399,#2587,#1466,.T.);
#3228=EDGE_CURVE('',#2583,#2588,#1467,.T.);
#3229=EDGE_CURVE('',#2588,#2589,#516,.T.);
#3230=EDGE_CURVE('',#2584,#2589,#1468,.T.);
#3231=EDGE_CURVE('',#2582,#2590,#1469,.T.);
#3232=EDGE_CURVE('',#2590,#2588,#517,.T.);
#3233=EDGE_CURVE('',#2591,#2592,#518,.T.);
#3234=EDGE_CURVE('',#2592,#2593,#1470,.T.);
#3235=EDGE_CURVE('',#2594,#2593,#519,.T.);
#3236=EDGE_CURVE('',#2594,#2591,#1471,.T.);
#3237=EDGE_CURVE('',#2595,#2596,#520,.T.);
#3238=EDGE_CURVE('',#2596,#2597,#1472,.T.);
#3239=EDGE_CURVE('',#2597,#2598,#521,.T.);
#3240=EDGE_CURVE('',#2598,#2595,#1473,.T.);
#3241=EDGE_CURVE('',#2586,#2592,#1474,.T.);
#3242=EDGE_CURVE('',#2578,#2591,#1475,.T.);
#3243=EDGE_CURVE('',#2596,#2589,#1476,.T.);
#3244=EDGE_CURVE('',#2585,#2595,#1477,.T.);
#3245=EDGE_CURVE('',#2590,#2599,#1478,.T.);
#3246=EDGE_CURVE('',#2597,#2599,#522,.T.);
#3247=EDGE_CURVE('',#2579,#2600,#523,.T.);
#3248=EDGE_CURVE('',#2600,#2587,#1479,.T.);
#3249=EDGE_CURVE('',#2601,#2598,#1480,.T.);
#3250=EDGE_CURVE('',#2602,#2601,#524,.T.);
#3251=EDGE_CURVE('',#2603,#2602,#1481,.T.);
#3252=EDGE_CURVE('',#2604,#2603,#525,.T.);
#3253=EDGE_CURVE('',#2593,#2604,#1482,.T.);
#3254=EDGE_CURVE('',#2593,#2605,#526,.T.);
#3255=EDGE_CURVE('',#2605,#2606,#527,.T.);
#3256=EDGE_CURVE('',#2606,#2594,#528,.T.);
#3257=EDGE_CURVE('',#2606,#2600,#1483,.T.);
#3258=EDGE_CURVE('',#2599,#2607,#529,.T.);
#3259=EDGE_CURVE('',#2607,#2598,#530,.T.);
#3260=EDGE_CURVE('',#2607,#2608,#1484,.T.);
#3261=EDGE_CURVE('',#2608,#2609,#531,.T.);
#3262=EDGE_CURVE('',#2610,#2609,#1485,.T.);
#3263=EDGE_CURVE('',#2610,#2611,#532,.T.);
#3264=EDGE_CURVE('',#2611,#2612,#1486,.T.);
#3265=EDGE_CURVE('',#2601,#2612,#557,.T.);
#3266=EDGE_CURVE('',#2414,#2613,#1487,.T.);
#3267=EDGE_CURVE('',#2613,#2614,#261,.T.);
#3268=EDGE_CURVE('',#2415,#2614,#1488,.T.);
#3269=EDGE_CURVE('',#2429,#2615,#1489,.T.);
#3270=EDGE_CURVE('',#2615,#2613,#262,.T.);
#3271=EDGE_CURVE('',#2428,#2616,#1490,.T.);
#3272=EDGE_CURVE('',#2616,#2615,#263,.T.);
#3273=EDGE_CURVE('',#2427,#2617,#1491,.T.);
#3274=EDGE_CURVE('',#2617,#2616,#264,.T.);
#3275=EDGE_CURVE('',#2426,#2618,#1492,.T.);
#3276=EDGE_CURVE('',#2618,#2617,#1493,.T.);
#3277=EDGE_CURVE('',#2425,#2619,#1494,.T.);
#3278=EDGE_CURVE('',#2619,#2618,#1495,.T.);
#3279=EDGE_CURVE('',#2424,#2620,#1496,.T.);
#3280=EDGE_CURVE('',#2620,#2619,#1497,.T.);
#3281=EDGE_CURVE('',#2423,#2621,#1498,.T.);
#3282=EDGE_CURVE('',#2621,#2620,#1499,.T.);
#3283=EDGE_CURVE('',#2422,#2622,#1500,.T.);
#3284=EDGE_CURVE('',#2622,#2621,#1501,.T.);
#3285=EDGE_CURVE('',#2421,#2623,#1502,.T.);
#3286=EDGE_CURVE('',#2623,#2622,#265,.T.);
#3287=EDGE_CURVE('',#2420,#2624,#1503,.T.);
#3288=EDGE_CURVE('',#2624,#2623,#266,.T.);
#3289=EDGE_CURVE('',#2419,#2625,#1504,.T.);
#3290=EDGE_CURVE('',#2625,#2624,#267,.T.);
#3291=EDGE_CURVE('',#2418,#2626,#1505,.T.);
#3292=EDGE_CURVE('',#2626,#2625,#268,.T.);
#3293=EDGE_CURVE('',#2417,#2627,#1506,.T.);
#3294=EDGE_CURVE('',#2627,#2626,#1507,.T.);
#3295=EDGE_CURVE('',#2416,#2628,#1508,.T.);
#3296=EDGE_CURVE('',#2628,#2627,#1509,.T.);
#3297=EDGE_CURVE('',#2614,#2628,#1510,.T.);
#3298=EDGE_CURVE('',#2629,#2630,#269,.T.);
#3299=EDGE_CURVE('',#2629,#2631,#1511,.T.);
#3300=EDGE_CURVE('',#2631,#2632,#270,.T.);
#3301=EDGE_CURVE('',#2630,#2632,#1512,.T.);
#3302=EDGE_CURVE('',#2633,#2629,#271,.T.);
#3303=EDGE_CURVE('',#2633,#2634,#1513,.T.);
#3304=EDGE_CURVE('',#2634,#2631,#272,.T.);
#3305=EDGE_CURVE('',#2635,#2633,#273,.T.);
#3306=EDGE_CURVE('',#2635,#2636,#1514,.T.);
#3307=EDGE_CURVE('',#2636,#2634,#274,.T.);
#3308=EDGE_CURVE('',#2637,#2635,#275,.T.);
#3309=EDGE_CURVE('',#2637,#2638,#1515,.T.);
#3310=EDGE_CURVE('',#2638,#2636,#276,.T.);
#3311=EDGE_CURVE('',#2639,#2637,#277,.T.);
#3312=EDGE_CURVE('',#2639,#2640,#1516,.T.);
#3313=EDGE_CURVE('',#2640,#2638,#278,.T.);
#3314=EDGE_CURVE('',#2641,#2639,#279,.T.);
#3315=EDGE_CURVE('',#2641,#2642,#1517,.T.);
#3316=EDGE_CURVE('',#2642,#2640,#280,.T.);
#3317=EDGE_CURVE('',#2643,#2641,#281,.T.);
#3318=EDGE_CURVE('',#2643,#2644,#1518,.T.);
#3319=EDGE_CURVE('',#2644,#2642,#282,.T.);
#3320=EDGE_CURVE('',#2630,#2643,#283,.T.);
#3321=EDGE_CURVE('',#2632,#2644,#284,.T.);
#3322=EDGE_CURVE('',#2430,#2645,#1519,.T.);
#3323=EDGE_CURVE('',#2645,#2646,#285,.T.);
#3324=EDGE_CURVE('',#2431,#2646,#1520,.T.);
#3325=EDGE_CURVE('',#2437,#2647,#1521,.T.);
#3326=EDGE_CURVE('',#2647,#2645,#286,.T.);
#3327=EDGE_CURVE('',#2436,#2648,#1522,.T.);
#3328=EDGE_CURVE('',#2648,#2647,#287,.T.);
#3329=EDGE_CURVE('',#2435,#2649,#1523,.T.);
#3330=EDGE_CURVE('',#2649,#2648,#288,.T.);
#3331=EDGE_CURVE('',#2434,#2650,#1524,.T.);
#3332=EDGE_CURVE('',#2650,#2649,#289,.T.);
#3333=EDGE_CURVE('',#2433,#2651,#1525,.T.);
#3334=EDGE_CURVE('',#2651,#2650,#290,.T.);
#3335=EDGE_CURVE('',#2432,#2652,#1526,.T.);
#3336=EDGE_CURVE('',#2652,#2651,#291,.T.);
#3337=EDGE_CURVE('',#2646,#2652,#292,.T.);
#3338=EDGE_CURVE('',#2653,#2654,#293,.T.);
#3339=EDGE_CURVE('',#2653,#2655,#1527,.T.);
#3340=EDGE_CURVE('',#2655,#2656,#294,.T.);
#3341=EDGE_CURVE('',#2654,#2656,#1528,.T.);
#3342=EDGE_CURVE('',#2657,#2653,#295,.T.);
#3343=EDGE_CURVE('',#2657,#2658,#1529,.T.);
#3344=EDGE_CURVE('',#2658,#2655,#296,.T.);
#3345=EDGE_CURVE('',#2659,#2657,#297,.T.);
#3346=EDGE_CURVE('',#2659,#2660,#1530,.T.);
#3347=EDGE_CURVE('',#2660,#2658,#298,.T.);
#3348=EDGE_CURVE('',#2661,#2659,#299,.T.);
#3349=EDGE_CURVE('',#2661,#2662,#1531,.T.);
#3350=EDGE_CURVE('',#2662,#2660,#300,.T.);
#3351=EDGE_CURVE('',#2663,#2661,#301,.T.);
#3352=EDGE_CURVE('',#2663,#2664,#1532,.T.);
#3353=EDGE_CURVE('',#2664,#2662,#302,.T.);
#3354=EDGE_CURVE('',#2665,#2663,#303,.T.);
#3355=EDGE_CURVE('',#2665,#2666,#1533,.T.);
#3356=EDGE_CURVE('',#2666,#2664,#304,.T.);
#3357=EDGE_CURVE('',#2667,#2665,#305,.T.);
#3358=EDGE_CURVE('',#2667,#2668,#1534,.T.);
#3359=EDGE_CURVE('',#2668,#2666,#306,.T.);
#3360=EDGE_CURVE('',#2654,#2667,#307,.T.);
#3361=EDGE_CURVE('',#2656,#2668,#308,.T.);
#3362=EDGE_CURVE('',#2438,#2669,#1535,.T.);
#3363=EDGE_CURVE('',#2669,#2670,#309,.T.);
#3364=EDGE_CURVE('',#2439,#2670,#1536,.T.);
#3365=EDGE_CURVE('',#2445,#2671,#1537,.T.);
#3366=EDGE_CURVE('',#2671,#2669,#310,.T.);
#3367=EDGE_CURVE('',#2444,#2672,#1538,.T.);
#3368=EDGE_CURVE('',#2672,#2671,#311,.T.);
#3369=EDGE_CURVE('',#2443,#2673,#1539,.T.);
#3370=EDGE_CURVE('',#2673,#2672,#312,.T.);
#3371=EDGE_CURVE('',#2442,#2674,#1540,.T.);
#3372=EDGE_CURVE('',#2674,#2673,#313,.T.);
#3373=EDGE_CURVE('',#2441,#2675,#1541,.T.);
#3374=EDGE_CURVE('',#2675,#2674,#314,.T.);
#3375=EDGE_CURVE('',#2440,#2676,#1542,.T.);
#3376=EDGE_CURVE('',#2676,#2675,#315,.T.);
#3377=EDGE_CURVE('',#2670,#2676,#316,.T.);
#3378=EDGE_CURVE('',#2446,#2677,#1543,.T.);
#3379=EDGE_CURVE('',#2677,#2678,#317,.T.);
#3380=EDGE_CURVE('',#2447,#2678,#1544,.T.);
#3381=EDGE_CURVE('',#2457,#2679,#1545,.T.);
#3382=EDGE_CURVE('',#2679,#2677,#1546,.T.);
#3383=EDGE_CURVE('',#2456,#2680,#1547,.T.);
#3384=EDGE_CURVE('',#2680,#2679,#1548,.T.);
#3385=EDGE_CURVE('',#2455,#2681,#1549,.T.);
#3386=EDGE_CURVE('',#2681,#2680,#1550,.T.);
#3387=EDGE_CURVE('',#2454,#2682,#1551,.T.);
#3388=EDGE_CURVE('',#2682,#2681,#1552,.T.);
#3389=EDGE_CURVE('',#2453,#2683,#1553,.T.);
#3390=EDGE_CURVE('',#2683,#2682,#1554,.T.);
#3391=EDGE_CURVE('',#2452,#2684,#1555,.T.);
#3392=EDGE_CURVE('',#2684,#2683,#1556,.T.);
#3393=EDGE_CURVE('',#2451,#2685,#1557,.T.);
#3394=EDGE_CURVE('',#2685,#2684,#318,.T.);
#3395=EDGE_CURVE('',#2450,#2686,#1558,.T.);
#3396=EDGE_CURVE('',#2686,#2685,#319,.T.);
#3397=EDGE_CURVE('',#2449,#2687,#1559,.T.);
#3398=EDGE_CURVE('',#2687,#2686,#320,.T.);
#3399=EDGE_CURVE('',#2448,#2688,#1560,.T.);
#3400=EDGE_CURVE('',#2688,#2687,#1561,.T.);
#3401=EDGE_CURVE('',#2678,#2688,#321,.T.);
#3402=EDGE_CURVE('',#2458,#2689,#1562,.T.);
#3403=EDGE_CURVE('',#2689,#2690,#1563,.T.);
#3404=EDGE_CURVE('',#2459,#2690,#1564,.T.);
#3405=EDGE_CURVE('',#2461,#2691,#1565,.T.);
#3406=EDGE_CURVE('',#2691,#2689,#322,.T.);
#3407=EDGE_CURVE('',#2460,#2692,#1566,.T.);
#3408=EDGE_CURVE('',#2692,#2691,#1567,.T.);
#3409=EDGE_CURVE('',#2690,#2692,#323,.T.);
#3410=EDGE_CURVE('',#2693,#2694,#324,.T.);
#3411=EDGE_CURVE('',#2693,#2695,#1568,.T.);
#3412=EDGE_CURVE('',#2695,#2696,#325,.T.);
#3413=EDGE_CURVE('',#2694,#2696,#1569,.T.);
#3414=EDGE_CURVE('',#2697,#2693,#326,.T.);
#3415=EDGE_CURVE('',#2697,#2698,#1570,.T.);
#3416=EDGE_CURVE('',#2698,#2695,#327,.T.);
#3417=EDGE_CURVE('',#2699,#2697,#328,.T.);
#3418=EDGE_CURVE('',#2699,#2700,#1571,.T.);
#3419=EDGE_CURVE('',#2700,#2698,#329,.T.);
#3420=EDGE_CURVE('',#2701,#2699,#330,.T.);
#3421=EDGE_CURVE('',#2701,#2702,#1572,.T.);
#3422=EDGE_CURVE('',#2702,#2700,#331,.T.);
#3423=EDGE_CURVE('',#2694,#2701,#1573,.T.);
#3424=EDGE_CURVE('',#2696,#2702,#1574,.T.);
#3425=EDGE_CURVE('',#2462,#2703,#1575,.T.);
#3426=EDGE_CURVE('',#2703,#2704,#332,.T.);
#3427=EDGE_CURVE('',#2463,#2704,#1576,.T.);
#3428=EDGE_CURVE('',#2476,#2705,#1577,.T.);
#3429=EDGE_CURVE('',#2705,#2703,#333,.T.);
#3430=EDGE_CURVE('',#2475,#2706,#1578,.T.);
#3431=EDGE_CURVE('',#2706,#2705,#334,.T.);
#3432=EDGE_CURVE('',#2474,#2707,#1579,.T.);
#3433=EDGE_CURVE('',#2707,#2706,#335,.T.);
#3434=EDGE_CURVE('',#2473,#2708,#1580,.T.);
#3435=EDGE_CURVE('',#2708,#2707,#336,.T.);
#3436=EDGE_CURVE('',#2472,#2709,#1581,.T.);
#3437=EDGE_CURVE('',#2709,#2708,#337,.T.);
#3438=EDGE_CURVE('',#2471,#2710,#1582,.T.);
#3439=EDGE_CURVE('',#2710,#2709,#338,.T.);
#3440=EDGE_CURVE('',#2470,#2711,#1583,.T.);
#3441=EDGE_CURVE('',#2711,#2710,#339,.T.);
#3442=EDGE_CURVE('',#2469,#2712,#1584,.T.);
#3443=EDGE_CURVE('',#2712,#2711,#1585,.T.);
#3444=EDGE_CURVE('',#2468,#2713,#1586,.T.);
#3445=EDGE_CURVE('',#2713,#2712,#340,.T.);
#3446=EDGE_CURVE('',#2467,#2714,#1587,.T.);
#3447=EDGE_CURVE('',#2714,#2713,#341,.T.);
#3448=EDGE_CURVE('',#2466,#2715,#1588,.T.);
#3449=EDGE_CURVE('',#2715,#2714,#342,.T.);
#3450=EDGE_CURVE('',#2465,#2716,#1589,.T.);
#3451=EDGE_CURVE('',#2716,#2715,#343,.T.);
#3452=EDGE_CURVE('',#2464,#2717,#1590,.T.);
#3453=EDGE_CURVE('',#2717,#2716,#1591,.T.);
#3454=EDGE_CURVE('',#2704,#2717,#344,.T.);
#3455=EDGE_CURVE('',#2477,#2718,#1592,.T.);
#3456=EDGE_CURVE('',#2718,#2719,#345,.T.);
#3457=EDGE_CURVE('',#2478,#2719,#1593,.T.);
#3458=EDGE_CURVE('',#2496,#2720,#1594,.T.);
#3459=EDGE_CURVE('',#2720,#2718,#346,.T.);
#3460=EDGE_CURVE('',#2495,#2721,#1595,.T.);
#3461=EDGE_CURVE('',#2721,#2720,#347,.T.);
#3462=EDGE_CURVE('',#2494,#2722,#1596,.T.);
#3463=EDGE_CURVE('',#2722,#2721,#348,.T.);
#3464=EDGE_CURVE('',#2493,#2723,#1597,.T.);
#3465=EDGE_CURVE('',#2723,#2722,#349,.T.);
#3466=EDGE_CURVE('',#2492,#2724,#1598,.T.);
#3467=EDGE_CURVE('',#2724,#2723,#350,.T.);
#3468=EDGE_CURVE('',#2491,#2725,#1599,.T.);
#3469=EDGE_CURVE('',#2725,#2724,#1600,.T.);
#3470=EDGE_CURVE('',#2490,#2726,#1601,.T.);
#3471=EDGE_CURVE('',#2726,#2725,#1602,.T.);
#3472=EDGE_CURVE('',#2489,#2727,#1603,.T.);
#3473=EDGE_CURVE('',#2727,#2726,#1604,.T.);
#3474=EDGE_CURVE('',#2488,#2728,#1605,.T.);
#3475=EDGE_CURVE('',#2728,#2727,#1606,.T.);
#3476=EDGE_CURVE('',#2487,#2729,#1607,.T.);
#3477=EDGE_CURVE('',#2729,#2728,#1608,.T.);
#3478=EDGE_CURVE('',#2486,#2730,#1609,.T.);
#3479=EDGE_CURVE('',#2730,#2729,#1610,.T.);
#3480=EDGE_CURVE('',#2485,#2731,#1611,.T.);
#3481=EDGE_CURVE('',#2731,#2730,#351,.T.);
#3482=EDGE_CURVE('',#2484,#2732,#1612,.T.);
#3483=EDGE_CURVE('',#2732,#2731,#352,.T.);
#3484=EDGE_CURVE('',#2483,#2733,#1613,.T.);
#3485=EDGE_CURVE('',#2733,#2732,#353,.T.);
#3486=EDGE_CURVE('',#2482,#2734,#1614,.T.);
#3487=EDGE_CURVE('',#2734,#2733,#354,.T.);
#3488=EDGE_CURVE('',#2481,#2735,#1615,.T.);
#3489=EDGE_CURVE('',#2735,#2734,#355,.T.);
#3490=EDGE_CURVE('',#2480,#2736,#1616,.T.);
#3491=EDGE_CURVE('',#2736,#2735,#1617,.T.);
#3492=EDGE_CURVE('',#2479,#2737,#1618,.T.);
#3493=EDGE_CURVE('',#2737,#2736,#1619,.T.);
#3494=EDGE_CURVE('',#2719,#2737,#1620,.T.);
#3495=EDGE_CURVE('',#2738,#2739,#356,.T.);
#3496=EDGE_CURVE('',#2738,#2740,#1621,.T.);
#3497=EDGE_CURVE('',#2740,#2741,#357,.T.);
#3498=EDGE_CURVE('',#2739,#2741,#1622,.T.);
#3499=EDGE_CURVE('',#2742,#2738,#358,.T.);
#3500=EDGE_CURVE('',#2742,#2743,#1623,.T.);
#3501=EDGE_CURVE('',#2743,#2740,#359,.T.);
#3502=EDGE_CURVE('',#2744,#2742,#360,.T.);
#3503=EDGE_CURVE('',#2744,#2745,#1624,.T.);
#3504=EDGE_CURVE('',#2745,#2743,#361,.T.);
#3505=EDGE_CURVE('',#2746,#2744,#362,.T.);
#3506=EDGE_CURVE('',#2746,#2747,#1625,.T.);
#3507=EDGE_CURVE('',#2747,#2745,#363,.T.);
#3508=EDGE_CURVE('',#2739,#2746,#1626,.T.);
#3509=EDGE_CURVE('',#2741,#2747,#1627,.T.);
#3510=EDGE_CURVE('',#2497,#2748,#1628,.T.);
#3511=EDGE_CURVE('',#2748,#2749,#364,.T.);
#3512=EDGE_CURVE('',#2498,#2749,#1629,.T.);
#3513=EDGE_CURVE('',#2511,#2750,#1630,.T.);
#3514=EDGE_CURVE('',#2750,#2748,#365,.T.);
#3515=EDGE_CURVE('',#2510,#2751,#1631,.T.);
#3516=EDGE_CURVE('',#2751,#2750,#366,.T.);
#3517=EDGE_CURVE('',#2509,#2752,#1632,.T.);
#3518=EDGE_CURVE('',#2752,#2751,#367,.T.);
#3519=EDGE_CURVE('',#2508,#2753,#1633,.T.);
#3520=EDGE_CURVE('',#2753,#2752,#368,.T.);
#3521=EDGE_CURVE('',#2507,#2754,#1634,.T.);
#3522=EDGE_CURVE('',#2754,#2753,#369,.T.);
#3523=EDGE_CURVE('',#2506,#2755,#1635,.T.);
#3524=EDGE_CURVE('',#2755,#2754,#370,.T.);
#3525=EDGE_CURVE('',#2505,#2756,#1636,.T.);
#3526=EDGE_CURVE('',#2756,#2755,#371,.T.);
#3527=EDGE_CURVE('',#2504,#2757,#1637,.T.);
#3528=EDGE_CURVE('',#2757,#2756,#1638,.T.);
#3529=EDGE_CURVE('',#2503,#2758,#1639,.T.);
#3530=EDGE_CURVE('',#2758,#2757,#372,.T.);
#3531=EDGE_CURVE('',#2502,#2759,#1640,.T.);
#3532=EDGE_CURVE('',#2759,#2758,#373,.T.);
#3533=EDGE_CURVE('',#2501,#2760,#1641,.T.);
#3534=EDGE_CURVE('',#2760,#2759,#374,.T.);
#3535=EDGE_CURVE('',#2500,#2761,#1642,.T.);
#3536=EDGE_CURVE('',#2761,#2760,#375,.T.);
#3537=EDGE_CURVE('',#2499,#2762,#1643,.T.);
#3538=EDGE_CURVE('',#2762,#2761,#1644,.T.);
#3539=EDGE_CURVE('',#2749,#2762,#376,.T.);
#3540=EDGE_CURVE('',#2512,#2763,#1645,.T.);
#3541=EDGE_CURVE('',#2763,#2764,#377,.T.);
#3542=EDGE_CURVE('',#2513,#2764,#1646,.T.);
#3543=EDGE_CURVE('',#2530,#2765,#1647,.T.);
#3544=EDGE_CURVE('',#2765,#2763,#378,.T.);
#3545=EDGE_CURVE('',#2529,#2766,#1648,.T.);
#3546=EDGE_CURVE('',#2766,#2765,#379,.T.);
#3547=EDGE_CURVE('',#2528,#2767,#1649,.T.);
#3548=EDGE_CURVE('',#2767,#2766,#1650,.T.);
#3549=EDGE_CURVE('',#2527,#2768,#1651,.T.);
#3550=EDGE_CURVE('',#2768,#2767,#1652,.T.);
#3551=EDGE_CURVE('',#2526,#2769,#1653,.T.);
#3552=EDGE_CURVE('',#2769,#2768,#1654,.T.);
#3553=EDGE_CURVE('',#2525,#2770,#1655,.T.);
#3554=EDGE_CURVE('',#2770,#2769,#1656,.T.);
#3555=EDGE_CURVE('',#2524,#2771,#1657,.T.);
#3556=EDGE_CURVE('',#2771,#2770,#1658,.T.);
#3557=EDGE_CURVE('',#2523,#2772,#1659,.T.);
#3558=EDGE_CURVE('',#2772,#2771,#1660,.T.);
#3559=EDGE_CURVE('',#2522,#2773,#1661,.T.);
#3560=EDGE_CURVE('',#2773,#2772,#1662,.T.);
#3561=EDGE_CURVE('',#2521,#2774,#1663,.T.);
#3562=EDGE_CURVE('',#2774,#2773,#1664,.T.);
#3563=EDGE_CURVE('',#2520,#2775,#1665,.T.);
#3564=EDGE_CURVE('',#2775,#2774,#1666,.T.);
#3565=EDGE_CURVE('',#2519,#2776,#1667,.T.);
#3566=EDGE_CURVE('',#2776,#2775,#1668,.T.);
#3567=EDGE_CURVE('',#2518,#2777,#1669,.T.);
#3568=EDGE_CURVE('',#2777,#2776,#1670,.T.);
#3569=EDGE_CURVE('',#2517,#2778,#1671,.T.);
#3570=EDGE_CURVE('',#2778,#2777,#380,.T.);
#3571=EDGE_CURVE('',#2516,#2779,#1672,.T.);
#3572=EDGE_CURVE('',#2779,#2778,#381,.T.);
#3573=EDGE_CURVE('',#2515,#2780,#1673,.T.);
#3574=EDGE_CURVE('',#2780,#2779,#382,.T.);
#3575=EDGE_CURVE('',#2514,#2781,#1674,.T.);
#3576=EDGE_CURVE('',#2781,#2780,#383,.T.);
#3577=EDGE_CURVE('',#2764,#2781,#1675,.T.);
#3578=EDGE_CURVE('',#2782,#2783,#384,.T.);
#3579=EDGE_CURVE('',#2782,#2784,#1676,.T.);
#3580=EDGE_CURVE('',#2784,#2785,#385,.T.);
#3581=EDGE_CURVE('',#2783,#2785,#1677,.T.);
#3582=EDGE_CURVE('',#2786,#2782,#386,.T.);
#3583=EDGE_CURVE('',#2786,#2787,#1678,.T.);
#3584=EDGE_CURVE('',#2787,#2784,#387,.T.);
#3585=EDGE_CURVE('',#2788,#2786,#388,.T.);
#3586=EDGE_CURVE('',#2788,#2789,#1679,.T.);
#3587=EDGE_CURVE('',#2789,#2787,#389,.T.);
#3588=EDGE_CURVE('',#2790,#2788,#390,.T.);
#3589=EDGE_CURVE('',#2790,#2791,#1680,.T.);
#3590=EDGE_CURVE('',#2791,#2789,#391,.T.);
#3591=EDGE_CURVE('',#2792,#2790,#392,.T.);
#3592=EDGE_CURVE('',#2792,#2793,#1681,.T.);
#3593=EDGE_CURVE('',#2793,#2791,#393,.T.);
#3594=EDGE_CURVE('',#2794,#2792,#394,.T.);
#3595=EDGE_CURVE('',#2794,#2795,#1682,.T.);
#3596=EDGE_CURVE('',#2795,#2793,#395,.T.);
#3597=EDGE_CURVE('',#2796,#2794,#396,.T.);
#3598=EDGE_CURVE('',#2796,#2797,#1683,.T.);
#3599=EDGE_CURVE('',#2797,#2795,#397,.T.);
#3600=EDGE_CURVE('',#2798,#2796,#398,.T.);
#3601=EDGE_CURVE('',#2798,#2799,#1684,.T.);
#3602=EDGE_CURVE('',#2799,#2797,#399,.T.);
#3603=EDGE_CURVE('',#2783,#2798,#400,.T.);
#3604=EDGE_CURVE('',#2785,#2799,#401,.T.);
#3605=EDGE_CURVE('',#2531,#2800,#1685,.T.);
#3606=EDGE_CURVE('',#2800,#2801,#1686,.T.);
#3607=EDGE_CURVE('',#2532,#2801,#1687,.T.);
#3608=EDGE_CURVE('',#2543,#2802,#1688,.T.);
#3609=EDGE_CURVE('',#2802,#2800,#1689,.T.);
#3610=EDGE_CURVE('',#2542,#2803,#1690,.T.);
#3611=EDGE_CURVE('',#2803,#2802,#1691,.T.);
#3612=EDGE_CURVE('',#2541,#2804,#1692,.T.);
#3613=EDGE_CURVE('',#2804,#2803,#402,.T.);
#3614=EDGE_CURVE('',#2540,#2805,#1693,.T.);
#3615=EDGE_CURVE('',#2805,#2804,#403,.T.);
#3616=EDGE_CURVE('',#2539,#2806,#1694,.T.);
#3617=EDGE_CURVE('',#2806,#2805,#404,.T.);
#3618=EDGE_CURVE('',#2538,#2807,#1695,.T.);
#3619=EDGE_CURVE('',#2807,#2806,#405,.T.);
#3620=EDGE_CURVE('',#2537,#2808,#1696,.T.);
#3621=EDGE_CURVE('',#2808,#2807,#406,.T.);
#3622=EDGE_CURVE('',#2536,#2809,#1697,.T.);
#3623=EDGE_CURVE('',#2809,#2808,#407,.T.);
#3624=EDGE_CURVE('',#2535,#2810,#1698,.T.);
#3625=EDGE_CURVE('',#2810,#2809,#1699,.T.);
#3626=EDGE_CURVE('',#2534,#2811,#1700,.T.);
#3627=EDGE_CURVE('',#2811,#2810,#1701,.T.);
#3628=EDGE_CURVE('',#2533,#2812,#1702,.T.);
#3629=EDGE_CURVE('',#2812,#2811,#1703,.T.);
#3630=EDGE_CURVE('',#2801,#2812,#1704,.T.);
#3631=EDGE_CURVE('',#2813,#2814,#408,.T.);
#3632=EDGE_CURVE('',#2813,#2815,#1705,.T.);
#3633=EDGE_CURVE('',#2815,#2816,#409,.T.);
#3634=EDGE_CURVE('',#2814,#2816,#1706,.T.);
#3635=EDGE_CURVE('',#2817,#2813,#410,.T.);
#3636=EDGE_CURVE('',#2817,#2818,#1707,.T.);
#3637=EDGE_CURVE('',#2818,#2815,#411,.T.);
#3638=EDGE_CURVE('',#2819,#2817,#412,.T.);
#3639=EDGE_CURVE('',#2819,#2820,#1708,.T.);
#3640=EDGE_CURVE('',#2820,#2818,#413,.T.);
#3641=EDGE_CURVE('',#2821,#2819,#414,.T.);
#3642=EDGE_CURVE('',#2821,#2822,#1709,.T.);
#3643=EDGE_CURVE('',#2822,#2820,#415,.T.);
#3644=EDGE_CURVE('',#2814,#2821,#1710,.T.);
#3645=EDGE_CURVE('',#2816,#2822,#1711,.T.);
#3646=EDGE_CURVE('',#2544,#2823,#1712,.T.);
#3647=EDGE_CURVE('',#2823,#2824,#416,.T.);
#3648=EDGE_CURVE('',#2545,#2824,#1713,.T.);
#3649=EDGE_CURVE('',#2558,#2825,#1714,.T.);
#3650=EDGE_CURVE('',#2825,#2823,#417,.T.);
#3651=EDGE_CURVE('',#2557,#2826,#1715,.T.);
#3652=EDGE_CURVE('',#2826,#2825,#418,.T.);
#3653=EDGE_CURVE('',#2556,#2827,#1716,.T.);
#3654=EDGE_CURVE('',#2827,#2826,#419,.T.);
#3655=EDGE_CURVE('',#2555,#2828,#1717,.T.);
#3656=EDGE_CURVE('',#2828,#2827,#420,.T.);
#3657=EDGE_CURVE('',#2554,#2829,#1718,.T.);
#3658=EDGE_CURVE('',#2829,#2828,#421,.T.);
#3659=EDGE_CURVE('',#2553,#2830,#1719,.T.);
#3660=EDGE_CURVE('',#2830,#2829,#422,.T.);
#3661=EDGE_CURVE('',#2552,#2831,#1720,.T.);
#3662=EDGE_CURVE('',#2831,#2830,#423,.T.);
#3663=EDGE_CURVE('',#2551,#2832,#1721,.T.);
#3664=EDGE_CURVE('',#2832,#2831,#1722,.T.);
#3665=EDGE_CURVE('',#2550,#2833,#1723,.T.);
#3666=EDGE_CURVE('',#2833,#2832,#424,.T.);
#3667=EDGE_CURVE('',#2549,#2834,#1724,.T.);
#3668=EDGE_CURVE('',#2834,#2833,#425,.T.);
#3669=EDGE_CURVE('',#2548,#2835,#1725,.T.);
#3670=EDGE_CURVE('',#2835,#2834,#426,.T.);
#3671=EDGE_CURVE('',#2547,#2836,#1726,.T.);
#3672=EDGE_CURVE('',#2836,#2835,#427,.T.);
#3673=EDGE_CURVE('',#2546,#2837,#1727,.T.);
#3674=EDGE_CURVE('',#2837,#2836,#1728,.T.);
#3675=EDGE_CURVE('',#2824,#2837,#428,.T.);
#3676=EDGE_CURVE('',#2559,#2838,#1729,.T.);
#3677=EDGE_CURVE('',#2838,#2839,#429,.T.);
#3678=EDGE_CURVE('',#2560,#2839,#1730,.T.);
#3679=EDGE_CURVE('',#2577,#2840,#1731,.T.);
#3680=EDGE_CURVE('',#2840,#2838,#430,.T.);
#3681=EDGE_CURVE('',#2576,#2841,#1732,.T.);
#3682=EDGE_CURVE('',#2841,#2840,#431,.T.);
#3683=EDGE_CURVE('',#2575,#2842,#1733,.T.);
#3684=EDGE_CURVE('',#2842,#2841,#1734,.T.);
#3685=EDGE_CURVE('',#2574,#2843,#1735,.T.);
#3686=EDGE_CURVE('',#2843,#2842,#1736,.T.);
#3687=EDGE_CURVE('',#2573,#2844,#1737,.T.);
#3688=EDGE_CURVE('',#2844,#2843,#1738,.T.);
#3689=EDGE_CURVE('',#2572,#2845,#1739,.T.);
#3690=EDGE_CURVE('',#2845,#2844,#1740,.T.);
#3691=EDGE_CURVE('',#2571,#2846,#1741,.T.);
#3692=EDGE_CURVE('',#2846,#2845,#1742,.T.);
#3693=EDGE_CURVE('',#2570,#2847,#1743,.T.);
#3694=EDGE_CURVE('',#2847,#2846,#1744,.T.);
#3695=EDGE_CURVE('',#2569,#2848,#1745,.T.);
#3696=EDGE_CURVE('',#2848,#2847,#1746,.T.);
#3697=EDGE_CURVE('',#2568,#2849,#1747,.T.);
#3698=EDGE_CURVE('',#2849,#2848,#1748,.T.);
#3699=EDGE_CURVE('',#2567,#2850,#1749,.T.);
#3700=EDGE_CURVE('',#2850,#2849,#1750,.T.);
#3701=EDGE_CURVE('',#2566,#2851,#1751,.T.);
#3702=EDGE_CURVE('',#2851,#2850,#1752,.T.);
#3703=EDGE_CURVE('',#2565,#2852,#1753,.T.);
#3704=EDGE_CURVE('',#2852,#2851,#1754,.T.);
#3705=EDGE_CURVE('',#2564,#2853,#1755,.T.);
#3706=EDGE_CURVE('',#2853,#2852,#432,.T.);
#3707=EDGE_CURVE('',#2563,#2854,#1756,.T.);
#3708=EDGE_CURVE('',#2854,#2853,#433,.T.);
#3709=EDGE_CURVE('',#2562,#2855,#1757,.T.);
#3710=EDGE_CURVE('',#2855,#2854,#434,.T.);
#3711=EDGE_CURVE('',#2561,#2856,#1758,.T.);
#3712=EDGE_CURVE('',#2856,#2855,#435,.T.);
#3713=EDGE_CURVE('',#2839,#2856,#1759,.T.);
#3714=EDGE_CURVE('',#2411,#2608,#1760,.T.);
#3715=EDGE_CURVE('',#2609,#2857,#533,.F.);
#3716=EDGE_CURVE('',#2857,#2858,#1761,.T.);
#3717=EDGE_CURVE('',#2858,#2610,#534,.F.);
#3718=EDGE_CURVE('',#2410,#2857,#1762,.T.);
#3719=EDGE_CURVE('',#2858,#2409,#1763,.T.);
#3720=EDGE_CURVE('',#2859,#2605,#1764,.T.);
#3721=EDGE_CURVE('',#2859,#2860,#1765,.T.);
#3722=EDGE_CURVE('',#2860,#2861,#1766,.T.);
#3723=EDGE_CURVE('',#2862,#2861,#1767,.T.);
#3724=EDGE_CURVE('',#2863,#2862,#1768,.T.);
#3725=EDGE_CURVE('',#2612,#2863,#1769,.T.);
#3726=EDGE_CURVE('',#2611,#2408,#1770,.T.);
#3727=EDGE_CURVE('',#2413,#2403,#1771,.T.);
#3728=EDGE_CURVE('',#2604,#2859,#558,.T.);
#3729=EDGE_CURVE('',#2603,#2861,#559,.T.);
#3730=EDGE_CURVE('',#2861,#2864,#1772,.T.);
#3731=EDGE_CURVE('',#2864,#2603,#535,.T.);
#3732=EDGE_CURVE('',#2602,#2862,#560,.T.);
#3733=EDGE_CURVE('',#2612,#2865,#1773,.T.);
#3734=EDGE_CURVE('',#2865,#2601,#536,.T.);
#3735=EDGE_CURVE('',#2866,#2602,#537,.T.);
#3736=EDGE_CURVE('',#2865,#2866,#538,.T.);
#3737=EDGE_CURVE('',#2866,#2862,#1774,.T.);
#3738=EDGE_CURVE('',#2867,#2604,#539,.T.);
#3739=EDGE_CURVE('',#2864,#2867,#540,.T.);
#3740=EDGE_CURVE('',#2867,#2859,#1775,.T.);
#3741=EDGE_CURVE('',#2868,#2867,#1776,.T.);
#3742=EDGE_CURVE('',#2869,#2868,#1777,.T.);
#3743=EDGE_CURVE('',#2859,#2869,#1778,.T.);
#3744=EDGE_CURVE('',#2864,#2870,#1779,.T.);
#3745=EDGE_CURVE('',#2868,#2870,#541,.T.);
#3746=EDGE_CURVE('',#2861,#2871,#1780,.T.);
#3747=EDGE_CURVE('',#2870,#2871,#1781,.T.);
#3748=EDGE_CURVE('',#2872,#2866,#1782,.T.);
#3749=EDGE_CURVE('',#2873,#2872,#1783,.T.);
#3750=EDGE_CURVE('',#2862,#2873,#1784,.T.);
#3751=EDGE_CURVE('',#2874,#2865,#1785,.T.);
#3752=EDGE_CURVE('',#2872,#2874,#542,.T.);
#3753=EDGE_CURVE('',#2612,#2875,#1786,.T.);
#3754=EDGE_CURVE('',#2874,#2875,#1787,.T.);
#3755=EDGE_CURVE('',#2876,#2873,#1788,.T.);
#3756=EDGE_CURVE('',#2863,#2876,#1789,.T.);
#3757=EDGE_CURVE('',#2875,#2876,#1790,.T.);
#3758=EDGE_CURVE('',#2877,#2869,#1791,.T.);
#3759=EDGE_CURVE('',#2860,#2877,#1792,.T.);
#3760=EDGE_CURVE('',#2871,#2877,#1793,.T.);
#3761=ORIENTED_EDGE('',*,*,#2878,.F.);
#3762=ORIENTED_EDGE('',*,*,#2879,.F.);
#3763=ORIENTED_EDGE('',*,*,#2880,.F.);
#3764=ORIENTED_EDGE('',*,*,#2881,.F.);
#3765=ORIENTED_EDGE('',*,*,#2882,.F.);
#3766=ORIENTED_EDGE('',*,*,#2883,.F.);
#3767=ORIENTED_EDGE('',*,*,#2884,.F.);
#3768=ORIENTED_EDGE('',*,*,#2885,.F.);
#3769=ORIENTED_EDGE('',*,*,#2886,.T.);
#3770=ORIENTED_EDGE('',*,*,#2887,.T.);
#3771=ORIENTED_EDGE('',*,*,#2888,.T.);
#3772=ORIENTED_EDGE('',*,*,#2884,.T.);
#3773=ORIENTED_EDGE('',*,*,#2889,.F.);
#3774=ORIENTED_EDGE('',*,*,#2880,.T.);
#3775=ORIENTED_EDGE('',*,*,#2890,.T.);
#3776=ORIENTED_EDGE('',*,*,#2891,.T.);
#3777=ORIENTED_EDGE('',*,*,#2892,.F.);
#3778=ORIENTED_EDGE('',*,*,#2891,.F.);
#3779=ORIENTED_EDGE('',*,*,#2893,.F.);
#3780=ORIENTED_EDGE('',*,*,#2887,.F.);
#3781=ORIENTED_EDGE('',*,*,#2881,.T.);
#3782=ORIENTED_EDGE('',*,*,#2889,.T.);
#3783=ORIENTED_EDGE('',*,*,#2892,.T.);
#3784=ORIENTED_EDGE('',*,*,#2886,.F.);
#3785=ORIENTED_EDGE('',*,*,#2883,.T.);
#3786=ORIENTED_EDGE('',*,*,#2894,.F.);
#3787=ORIENTED_EDGE('',*,*,#2895,.T.);
#3788=ORIENTED_EDGE('',*,*,#2896,.T.);
#3789=ORIENTED_EDGE('',*,*,#2897,.T.);
#3790=ORIENTED_EDGE('',*,*,#2898,.F.);
#3791=ORIENTED_EDGE('',*,*,#2899,.T.);
#3792=ORIENTED_EDGE('',*,*,#2900,.T.);
#3793=ORIENTED_EDGE('',*,*,#2901,.T.);
#3794=ORIENTED_EDGE('',*,*,#2902,.T.);
#3795=ORIENTED_EDGE('',*,*,#2903,.T.);
#3796=ORIENTED_EDGE('',*,*,#2904,.T.);
#3797=ORIENTED_EDGE('',*,*,#2899,.F.);
#3798=ORIENTED_EDGE('',*,*,#2905,.T.);
#3799=ORIENTED_EDGE('',*,*,#2906,.T.);
#3800=ORIENTED_EDGE('',*,*,#2907,.T.);
#3801=ORIENTED_EDGE('',*,*,#2903,.F.);
#3802=ORIENTED_EDGE('',*,*,#2908,.T.);
#3803=ORIENTED_EDGE('',*,*,#2909,.T.);
#3804=ORIENTED_EDGE('',*,*,#2910,.T.);
#3805=ORIENTED_EDGE('',*,*,#2906,.F.);
#3806=ORIENTED_EDGE('',*,*,#2911,.T.);
#3807=ORIENTED_EDGE('',*,*,#2912,.T.);
#3808=ORIENTED_EDGE('',*,*,#2913,.T.);
#3809=ORIENTED_EDGE('',*,*,#2909,.F.);
#3810=ORIENTED_EDGE('',*,*,#2914,.T.);
#3811=ORIENTED_EDGE('',*,*,#2914,.F.);
#3812=ORIENTED_EDGE('',*,*,#2911,.F.);
#3813=ORIENTED_EDGE('',*,*,#2908,.F.);
#3814=ORIENTED_EDGE('',*,*,#2905,.F.);
#3815=ORIENTED_EDGE('',*,*,#2902,.F.);
#3816=ORIENTED_EDGE('',*,*,#2915,.F.);
#3817=ORIENTED_EDGE('',*,*,#2916,.F.);
#3818=ORIENTED_EDGE('',*,*,#2917,.F.);
#3819=ORIENTED_EDGE('',*,*,#2918,.F.);
#3820=ORIENTED_EDGE('',*,*,#2919,.F.);
#3821=ORIENTED_EDGE('',*,*,#2904,.F.);
#3822=ORIENTED_EDGE('',*,*,#2920,.T.);
#3823=ORIENTED_EDGE('',*,*,#2921,.T.);
#3824=ORIENTED_EDGE('',*,*,#2922,.T.);
#3825=ORIENTED_EDGE('',*,*,#2921,.F.);
#3826=ORIENTED_EDGE('',*,*,#2923,.F.);
#3827=ORIENTED_EDGE('',*,*,#2924,.F.);
#3828=ORIENTED_EDGE('',*,*,#2925,.F.);
#3829=ORIENTED_EDGE('',*,*,#2926,.F.);
#3830=ORIENTED_EDGE('',*,*,#2927,.F.);
#3831=ORIENTED_EDGE('',*,*,#2907,.F.);
#3832=ORIENTED_EDGE('',*,*,#2928,.F.);
#3833=ORIENTED_EDGE('',*,*,#2923,.T.);
#3834=ORIENTED_EDGE('',*,*,#2920,.F.);
#3835=ORIENTED_EDGE('',*,*,#2910,.F.);
#3836=ORIENTED_EDGE('',*,*,#2929,.T.);
#3837=ORIENTED_EDGE('',*,*,#2924,.T.);
#3838=ORIENTED_EDGE('',*,*,#2928,.T.);
#3839=ORIENTED_EDGE('',*,*,#2913,.F.);
#3840=ORIENTED_EDGE('',*,*,#2930,.F.);
#3841=ORIENTED_EDGE('',*,*,#2925,.T.);
#3842=ORIENTED_EDGE('',*,*,#2929,.F.);
#3843=ORIENTED_EDGE('',*,*,#2900,.F.);
#3844=ORIENTED_EDGE('',*,*,#2922,.F.);
#3845=ORIENTED_EDGE('',*,*,#2927,.T.);
#3846=ORIENTED_EDGE('',*,*,#2931,.F.);
#3847=ORIENTED_EDGE('',*,*,#2878,.T.);
#3848=ORIENTED_EDGE('',*,*,#2894,.T.);
#3849=ORIENTED_EDGE('',*,*,#2882,.T.);
#3850=ORIENTED_EDGE('',*,*,#2932,.T.);
#3851=ORIENTED_EDGE('',*,*,#2933,.F.);
#3852=ORIENTED_EDGE('',*,*,#2934,.T.);
#3853=ORIENTED_EDGE('',*,*,#2915,.T.);
#3854=ORIENTED_EDGE('',*,*,#2901,.F.);
#3855=ORIENTED_EDGE('',*,*,#2931,.T.);
#3856=ORIENTED_EDGE('',*,*,#2926,.T.);
#3857=ORIENTED_EDGE('',*,*,#2930,.T.);
#3858=ORIENTED_EDGE('',*,*,#2912,.F.);
#3859=ORIENTED_EDGE('',*,*,#2919,.T.);
#3860=ORIENTED_EDGE('',*,*,#2935,.F.);
#3861=ORIENTED_EDGE('',*,*,#2936,.F.);
#3862=ORIENTED_EDGE('',*,*,#2937,.T.);
#3863=ORIENTED_EDGE('',*,*,#2938,.F.);
#3864=ORIENTED_EDGE('',*,*,#2939,.F.);
#3865=ORIENTED_EDGE('',*,*,#2917,.T.);
#3866=ORIENTED_EDGE('',*,*,#2940,.F.);
#3867=ORIENTED_EDGE('',*,*,#2941,.F.);
#3868=ORIENTED_EDGE('',*,*,#2940,.T.);
#3869=ORIENTED_EDGE('',*,*,#2916,.T.);
#3870=ORIENTED_EDGE('',*,*,#2934,.F.);
#3871=ORIENTED_EDGE('',*,*,#2942,.F.);
#3872=ORIENTED_EDGE('',*,*,#2943,.T.);
#3873=ORIENTED_EDGE('',*,*,#2944,.T.);
#3874=ORIENTED_EDGE('',*,*,#2945,.T.);
#3875=ORIENTED_EDGE('',*,*,#2946,.F.);
#3876=ORIENTED_EDGE('',*,*,#2947,.F.);
#3877=ORIENTED_EDGE('',*,*,#2948,.F.);
#3878=ORIENTED_EDGE('',*,*,#2949,.F.);
#3879=ORIENTED_EDGE('',*,*,#2950,.F.);
#3880=ORIENTED_EDGE('',*,*,#2951,.F.);
#3881=ORIENTED_EDGE('',*,*,#2945,.F.);
#3882=ORIENTED_EDGE('',*,*,#2952,.F.);
#3883=ORIENTED_EDGE('',*,*,#2953,.F.);
#3884=ORIENTED_EDGE('',*,*,#2954,.F.);
#3885=ORIENTED_EDGE('',*,*,#2955,.F.);
#3886=ORIENTED_EDGE('',*,*,#2939,.T.);
#3887=ORIENTED_EDGE('',*,*,#2956,.F.);
#3888=ORIENTED_EDGE('',*,*,#2957,.F.);
#3889=ORIENTED_EDGE('',*,*,#2935,.T.);
#3890=ORIENTED_EDGE('',*,*,#2918,.T.);
#3891=ORIENTED_EDGE('',*,*,#2933,.T.);
#3892=ORIENTED_EDGE('',*,*,#2958,.T.);
#3893=ORIENTED_EDGE('',*,*,#2959,.T.);
#3894=ORIENTED_EDGE('',*,*,#2942,.T.);
#3895=ORIENTED_EDGE('',*,*,#2936,.T.);
#3896=ORIENTED_EDGE('',*,*,#2957,.T.);
#3897=ORIENTED_EDGE('',*,*,#2960,.T.);
#3898=ORIENTED_EDGE('',*,*,#2961,.T.);
#3899=ORIENTED_EDGE('',*,*,#2962,.F.);
#3900=ORIENTED_EDGE('',*,*,#2963,.T.);
#3901=ORIENTED_EDGE('',*,*,#2960,.F.);
#3902=ORIENTED_EDGE('',*,*,#2956,.T.);
#3903=ORIENTED_EDGE('',*,*,#2938,.T.);
#3904=ORIENTED_EDGE('',*,*,#2941,.T.);
#3905=ORIENTED_EDGE('',*,*,#2959,.F.);
#3906=ORIENTED_EDGE('',*,*,#2964,.T.);
#3907=ORIENTED_EDGE('',*,*,#2965,.F.);
#3908=ORIENTED_EDGE('',*,*,#2943,.F.);
#3909=ORIENTED_EDGE('',*,*,#2966,.T.);
#3910=ORIENTED_EDGE('',*,*,#2967,.T.);
#3911=ORIENTED_EDGE('',*,*,#2944,.F.);
#3912=ORIENTED_EDGE('',*,*,#2965,.T.);
#3913=ORIENTED_EDGE('',*,*,#2967,.F.);
#3914=ORIENTED_EDGE('',*,*,#2968,.T.);
#3915=ORIENTED_EDGE('',*,*,#2969,.F.);
#3916=ORIENTED_EDGE('',*,*,#2947,.T.);
#3917=ORIENTED_EDGE('',*,*,#2946,.T.);
#3918=ORIENTED_EDGE('',*,*,#2970,.T.);
#3919=ORIENTED_EDGE('',*,*,#2971,.T.);
#3920=ORIENTED_EDGE('',*,*,#2962,.T.);
#3921=ORIENTED_EDGE('',*,*,#2972,.T.);
#3922=ORIENTED_EDGE('',*,*,#2973,.T.);
#3923=ORIENTED_EDGE('',*,*,#2974,.T.);
#3924=ORIENTED_EDGE('',*,*,#2975,.T.);
#3925=ORIENTED_EDGE('',*,*,#2976,.T.);
#3926=ORIENTED_EDGE('',*,*,#2977,.F.);
#3927=ORIENTED_EDGE('',*,*,#2978,.T.);
#3928=ORIENTED_EDGE('',*,*,#2972,.F.);
#3929=ORIENTED_EDGE('',*,*,#2979,.T.);
#3930=ORIENTED_EDGE('',*,*,#2980,.T.);
#3931=ORIENTED_EDGE('',*,*,#2981,.T.);
#3932=ORIENTED_EDGE('',*,*,#2973,.F.);
#3933=ORIENTED_EDGE('',*,*,#2978,.F.);
#3934=ORIENTED_EDGE('',*,*,#2982,.T.);
#3935=ORIENTED_EDGE('',*,*,#2983,.T.);
#3936=ORIENTED_EDGE('',*,*,#2974,.F.);
#3937=ORIENTED_EDGE('',*,*,#2981,.F.);
#3938=ORIENTED_EDGE('',*,*,#2984,.F.);
#3939=ORIENTED_EDGE('',*,*,#2985,.F.);
#3940=ORIENTED_EDGE('',*,*,#2975,.F.);
#3941=ORIENTED_EDGE('',*,*,#2983,.F.);
#3942=ORIENTED_EDGE('',*,*,#2986,.F.);
#3943=ORIENTED_EDGE('',*,*,#2979,.F.);
#3944=ORIENTED_EDGE('',*,*,#2976,.F.);
#3945=ORIENTED_EDGE('',*,*,#2985,.T.);
#3946=ORIENTED_EDGE('',*,*,#2987,.T.);
#3947=ORIENTED_EDGE('',*,*,#2988,.T.);
#3948=ORIENTED_EDGE('',*,*,#2989,.T.);
#3949=ORIENTED_EDGE('',*,*,#2990,.T.);
#3950=ORIENTED_EDGE('',*,*,#2991,.T.);
#3951=ORIENTED_EDGE('',*,*,#2992,.F.);
#3952=ORIENTED_EDGE('',*,*,#2993,.T.);
#3953=ORIENTED_EDGE('',*,*,#2987,.F.);
#3954=ORIENTED_EDGE('',*,*,#2994,.T.);
#3955=ORIENTED_EDGE('',*,*,#2995,.F.);
#3956=ORIENTED_EDGE('',*,*,#2996,.T.);
#3957=ORIENTED_EDGE('',*,*,#2988,.F.);
#3958=ORIENTED_EDGE('',*,*,#2993,.F.);
#3959=ORIENTED_EDGE('',*,*,#2997,.F.);
#3960=ORIENTED_EDGE('',*,*,#2998,.T.);
#3961=ORIENTED_EDGE('',*,*,#2989,.F.);
#3962=ORIENTED_EDGE('',*,*,#2996,.F.);
#3963=ORIENTED_EDGE('',*,*,#2999,.F.);
#3964=ORIENTED_EDGE('',*,*,#3000,.T.);
#3965=ORIENTED_EDGE('',*,*,#2990,.F.);
#3966=ORIENTED_EDGE('',*,*,#2998,.F.);
#3967=ORIENTED_EDGE('',*,*,#3001,.F.);
#3968=ORIENTED_EDGE('',*,*,#2994,.F.);
#3969=ORIENTED_EDGE('',*,*,#2991,.F.);
#3970=ORIENTED_EDGE('',*,*,#3000,.F.);
#3971=ORIENTED_EDGE('',*,*,#3002,.F.);
#3972=ORIENTED_EDGE('',*,*,#2984,.T.);
#3973=ORIENTED_EDGE('',*,*,#3003,.F.);
#3974=ORIENTED_EDGE('',*,*,#3002,.T.);
#3975=ORIENTED_EDGE('',*,*,#2948,.T.);
#3976=ORIENTED_EDGE('',*,*,#3004,.F.);
#3977=ORIENTED_EDGE('',*,*,#2986,.T.);
#3978=ORIENTED_EDGE('',*,*,#3005,.F.);
#3979=ORIENTED_EDGE('',*,*,#3001,.T.);
#3980=ORIENTED_EDGE('',*,*,#3006,.F.);
#3981=ORIENTED_EDGE('',*,*,#3005,.T.);
#3982=ORIENTED_EDGE('',*,*,#2950,.T.);
#3983=ORIENTED_EDGE('',*,*,#3007,.F.);
#3984=ORIENTED_EDGE('',*,*,#2992,.T.);
#3985=ORIENTED_EDGE('',*,*,#3008,.T.);
#3986=ORIENTED_EDGE('',*,*,#2995,.T.);
#3987=ORIENTED_EDGE('',*,*,#3007,.T.);
#3988=ORIENTED_EDGE('',*,*,#2970,.F.);
#3989=ORIENTED_EDGE('',*,*,#2951,.T.);
#3990=ORIENTED_EDGE('',*,*,#3006,.T.);
#3991=ORIENTED_EDGE('',*,*,#3009,.T.);
#3992=ORIENTED_EDGE('',*,*,#2969,.T.);
#3993=ORIENTED_EDGE('',*,*,#2977,.T.);
#3994=ORIENTED_EDGE('',*,*,#3004,.T.);
#3995=ORIENTED_EDGE('',*,*,#2949,.T.);
#3996=ORIENTED_EDGE('',*,*,#3003,.T.);
#3997=ORIENTED_EDGE('',*,*,#3010,.T.);
#3998=ORIENTED_EDGE('',*,*,#3008,.F.);
#3999=ORIENTED_EDGE('',*,*,#3011,.F.);
#4000=ORIENTED_EDGE('',*,*,#3012,.F.);
#4001=ORIENTED_EDGE('',*,*,#2895,.F.);
#4002=ORIENTED_EDGE('',*,*,#3013,.F.);
#4003=ORIENTED_EDGE('',*,*,#3014,.F.);
#4004=ORIENTED_EDGE('',*,*,#3013,.T.);
#4005=ORIENTED_EDGE('',*,*,#2898,.T.);
#4006=ORIENTED_EDGE('',*,*,#3015,.T.);
#4007=ORIENTED_EDGE('',*,*,#3016,.F.);
#4008=ORIENTED_EDGE('',*,*,#3015,.F.);
#4009=ORIENTED_EDGE('',*,*,#2897,.F.);
#4010=ORIENTED_EDGE('',*,*,#3017,.T.);
#4011=ORIENTED_EDGE('',*,*,#3018,.F.);
#4012=ORIENTED_EDGE('',*,*,#3019,.F.);
#4013=ORIENTED_EDGE('',*,*,#3016,.T.);
#4014=ORIENTED_EDGE('',*,*,#3020,.T.);
#4015=ORIENTED_EDGE('',*,*,#3021,.F.);
#4016=ORIENTED_EDGE('',*,*,#3022,.F.);
#4017=ORIENTED_EDGE('',*,*,#3023,.F.);
#4018=ORIENTED_EDGE('',*,*,#3014,.T.);
#4019=ORIENTED_EDGE('',*,*,#3019,.T.);
#4020=ORIENTED_EDGE('',*,*,#3024,.F.);
#4021=ORIENTED_EDGE('',*,*,#3020,.F.);
#4022=ORIENTED_EDGE('',*,*,#3017,.F.);
#4023=ORIENTED_EDGE('',*,*,#2896,.F.);
#4024=ORIENTED_EDGE('',*,*,#3012,.T.);
#4025=ORIENTED_EDGE('',*,*,#3025,.F.);
#4026=ORIENTED_EDGE('',*,*,#3026,.F.);
#4027=ORIENTED_EDGE('',*,*,#3027,.F.);
#4028=ORIENTED_EDGE('',*,*,#3025,.T.);
#4029=ORIENTED_EDGE('',*,*,#3011,.T.);
#4030=ORIENTED_EDGE('',*,*,#3023,.T.);
#4031=ORIENTED_EDGE('',*,*,#3026,.T.);
#4032=ORIENTED_EDGE('',*,*,#3028,.F.);
#4033=ORIENTED_EDGE('',*,*,#2953,.T.);
#4034=ORIENTED_EDGE('',*,*,#3029,.T.);
#4035=ORIENTED_EDGE('',*,*,#3028,.T.);
#4036=ORIENTED_EDGE('',*,*,#3022,.T.);
#4037=ORIENTED_EDGE('',*,*,#3030,.F.);
#4038=ORIENTED_EDGE('',*,*,#2954,.T.);
#4039=ORIENTED_EDGE('',*,*,#2955,.T.);
#4040=ORIENTED_EDGE('',*,*,#3030,.T.);
#4041=ORIENTED_EDGE('',*,*,#3018,.T.);
#4042=ORIENTED_EDGE('',*,*,#3031,.F.);
#4043=ORIENTED_EDGE('',*,*,#2952,.T.);
#4044=ORIENTED_EDGE('',*,*,#3031,.T.);
#4045=ORIENTED_EDGE('',*,*,#3021,.T.);
#4046=ORIENTED_EDGE('',*,*,#3024,.T.);
#4047=ORIENTED_EDGE('',*,*,#3027,.T.);
#4048=ORIENTED_EDGE('',*,*,#3029,.F.);
#4049=ORIENTED_EDGE('',*,*,#2958,.F.);
#4050=ORIENTED_EDGE('',*,*,#2932,.F.);
#4051=ORIENTED_EDGE('',*,*,#2885,.T.);
#4052=ORIENTED_EDGE('',*,*,#2888,.F.);
#4053=ORIENTED_EDGE('',*,*,#2893,.T.);
#4054=ORIENTED_EDGE('',*,*,#2890,.F.);
#4055=ORIENTED_EDGE('',*,*,#2879,.T.);
#4056=ORIENTED_EDGE('',*,*,#2937,.F.);
#4057=ORIENTED_EDGE('',*,*,#2961,.F.);
#4058=ORIENTED_EDGE('',*,*,#2963,.F.);
#4059=ORIENTED_EDGE('',*,*,#2971,.F.);
#4060=ORIENTED_EDGE('',*,*,#3009,.F.);
#4061=ORIENTED_EDGE('',*,*,#2999,.T.);
#4062=ORIENTED_EDGE('',*,*,#2997,.T.);
#4063=ORIENTED_EDGE('',*,*,#3010,.F.);
#4064=ORIENTED_EDGE('',*,*,#2982,.F.);
#4065=ORIENTED_EDGE('',*,*,#2980,.F.);
#4066=ORIENTED_EDGE('',*,*,#2968,.F.);
#4067=ORIENTED_EDGE('',*,*,#2966,.F.);
#4068=ORIENTED_EDGE('',*,*,#2964,.F.);
#4069=ORIENTED_EDGE('',*,*,#3032,.T.);
#4070=ORIENTED_EDGE('',*,*,#3033,.F.);
#4071=ORIENTED_EDGE('',*,*,#3034,.F.);
#4072=ORIENTED_EDGE('',*,*,#3035,.F.);
#4073=ORIENTED_EDGE('',*,*,#3036,.T.);
#4074=ORIENTED_EDGE('',*,*,#3034,.T.);
#4075=ORIENTED_EDGE('',*,*,#3037,.T.);
#4076=ORIENTED_EDGE('',*,*,#3038,.T.);
#4077=ORIENTED_EDGE('',*,*,#3039,.T.);
#4078=ORIENTED_EDGE('',*,*,#3040,.F.);
#4079=ORIENTED_EDGE('',*,*,#3041,.F.);
#4080=ORIENTED_EDGE('',*,*,#3042,.F.);
#4081=ORIENTED_EDGE('',*,*,#3043,.T.);
#4082=ORIENTED_EDGE('',*,*,#3044,.T.);
#4083=ORIENTED_EDGE('',*,*,#3045,.T.);
#4084=ORIENTED_EDGE('',*,*,#3046,.F.);
#4085=ORIENTED_EDGE('',*,*,#3047,.T.);
#4086=ORIENTED_EDGE('',*,*,#3048,.T.);
#4087=ORIENTED_EDGE('',*,*,#3049,.T.);
#4088=ORIENTED_EDGE('',*,*,#3041,.T.);
#4089=ORIENTED_EDGE('',*,*,#3036,.F.);
#4090=ORIENTED_EDGE('',*,*,#3050,.F.);
#4091=ORIENTED_EDGE('',*,*,#3047,.F.);
#4092=ORIENTED_EDGE('',*,*,#3040,.T.);
#4093=ORIENTED_EDGE('',*,*,#3051,.T.);
#4094=ORIENTED_EDGE('',*,*,#3035,.T.);
#4095=ORIENTED_EDGE('',*,*,#3052,.T.);
#4096=ORIENTED_EDGE('',*,*,#3053,.T.);
#4097=ORIENTED_EDGE('',*,*,#3054,.T.);
#4098=ORIENTED_EDGE('',*,*,#3055,.T.);
#4099=ORIENTED_EDGE('',*,*,#3056,.T.);
#4100=ORIENTED_EDGE('',*,*,#3057,.T.);
#4101=ORIENTED_EDGE('',*,*,#3058,.T.);
#4102=ORIENTED_EDGE('',*,*,#3059,.T.);
#4103=ORIENTED_EDGE('',*,*,#3060,.T.);
#4104=ORIENTED_EDGE('',*,*,#3061,.T.);
#4105=ORIENTED_EDGE('',*,*,#3062,.T.);
#4106=ORIENTED_EDGE('',*,*,#3063,.T.);
#4107=ORIENTED_EDGE('',*,*,#3064,.T.);
#4108=ORIENTED_EDGE('',*,*,#3065,.T.);
#4109=ORIENTED_EDGE('',*,*,#3066,.T.);
#4110=ORIENTED_EDGE('',*,*,#3067,.T.);
#4111=ORIENTED_EDGE('',*,*,#3068,.T.);
#4112=ORIENTED_EDGE('',*,*,#3069,.T.);
#4113=ORIENTED_EDGE('',*,*,#3070,.T.);
#4114=ORIENTED_EDGE('',*,*,#3071,.T.);
#4115=ORIENTED_EDGE('',*,*,#3072,.T.);
#4116=ORIENTED_EDGE('',*,*,#3073,.T.);
#4117=ORIENTED_EDGE('',*,*,#3074,.T.);
#4118=ORIENTED_EDGE('',*,*,#3075,.T.);
#4119=ORIENTED_EDGE('',*,*,#3076,.T.);
#4120=ORIENTED_EDGE('',*,*,#3077,.T.);
#4121=ORIENTED_EDGE('',*,*,#3078,.T.);
#4122=ORIENTED_EDGE('',*,*,#3079,.T.);
#4123=ORIENTED_EDGE('',*,*,#3080,.T.);
#4124=ORIENTED_EDGE('',*,*,#3081,.T.);
#4125=ORIENTED_EDGE('',*,*,#3082,.T.);
#4126=ORIENTED_EDGE('',*,*,#3083,.T.);
#4127=ORIENTED_EDGE('',*,*,#3084,.T.);
#4128=ORIENTED_EDGE('',*,*,#3085,.T.);
#4129=ORIENTED_EDGE('',*,*,#3086,.T.);
#4130=ORIENTED_EDGE('',*,*,#3087,.T.);
#4131=ORIENTED_EDGE('',*,*,#3088,.T.);
#4132=ORIENTED_EDGE('',*,*,#3089,.T.);
#4133=ORIENTED_EDGE('',*,*,#3090,.T.);
#4134=ORIENTED_EDGE('',*,*,#3091,.T.);
#4135=ORIENTED_EDGE('',*,*,#3092,.T.);
#4136=ORIENTED_EDGE('',*,*,#3093,.T.);
#4137=ORIENTED_EDGE('',*,*,#3094,.T.);
#4138=ORIENTED_EDGE('',*,*,#3095,.T.);
#4139=ORIENTED_EDGE('',*,*,#3096,.T.);
#4140=ORIENTED_EDGE('',*,*,#3097,.T.);
#4141=ORIENTED_EDGE('',*,*,#3098,.T.);
#4142=ORIENTED_EDGE('',*,*,#3099,.T.);
#4143=ORIENTED_EDGE('',*,*,#3100,.T.);
#4144=ORIENTED_EDGE('',*,*,#3101,.T.);
#4145=ORIENTED_EDGE('',*,*,#3102,.T.);
#4146=ORIENTED_EDGE('',*,*,#3103,.T.);
#4147=ORIENTED_EDGE('',*,*,#3104,.T.);
#4148=ORIENTED_EDGE('',*,*,#3105,.T.);
#4149=ORIENTED_EDGE('',*,*,#3106,.T.);
#4150=ORIENTED_EDGE('',*,*,#3107,.T.);
#4151=ORIENTED_EDGE('',*,*,#3108,.T.);
#4152=ORIENTED_EDGE('',*,*,#3109,.T.);
#4153=ORIENTED_EDGE('',*,*,#3110,.T.);
#4154=ORIENTED_EDGE('',*,*,#3111,.T.);
#4155=ORIENTED_EDGE('',*,*,#3112,.T.);
#4156=ORIENTED_EDGE('',*,*,#3113,.T.);
#4157=ORIENTED_EDGE('',*,*,#3114,.T.);
#4158=ORIENTED_EDGE('',*,*,#3115,.T.);
#4159=ORIENTED_EDGE('',*,*,#3116,.T.);
#4160=ORIENTED_EDGE('',*,*,#3117,.T.);
#4161=ORIENTED_EDGE('',*,*,#3118,.T.);
#4162=ORIENTED_EDGE('',*,*,#3119,.T.);
#4163=ORIENTED_EDGE('',*,*,#3120,.T.);
#4164=ORIENTED_EDGE('',*,*,#3121,.T.);
#4165=ORIENTED_EDGE('',*,*,#3122,.T.);
#4166=ORIENTED_EDGE('',*,*,#3123,.T.);
#4167=ORIENTED_EDGE('',*,*,#3124,.T.);
#4168=ORIENTED_EDGE('',*,*,#3125,.T.);
#4169=ORIENTED_EDGE('',*,*,#3126,.T.);
#4170=ORIENTED_EDGE('',*,*,#3127,.T.);
#4171=ORIENTED_EDGE('',*,*,#3128,.T.);
#4172=ORIENTED_EDGE('',*,*,#3129,.T.);
#4173=ORIENTED_EDGE('',*,*,#3130,.T.);
#4174=ORIENTED_EDGE('',*,*,#3131,.T.);
#4175=ORIENTED_EDGE('',*,*,#3132,.T.);
#4176=ORIENTED_EDGE('',*,*,#3133,.T.);
#4177=ORIENTED_EDGE('',*,*,#3134,.T.);
#4178=ORIENTED_EDGE('',*,*,#3135,.T.);
#4179=ORIENTED_EDGE('',*,*,#3136,.T.);
#4180=ORIENTED_EDGE('',*,*,#3137,.T.);
#4181=ORIENTED_EDGE('',*,*,#3138,.T.);
#4182=ORIENTED_EDGE('',*,*,#3139,.T.);
#4183=ORIENTED_EDGE('',*,*,#3140,.T.);
#4184=ORIENTED_EDGE('',*,*,#3141,.T.);
#4185=ORIENTED_EDGE('',*,*,#3142,.T.);
#4186=ORIENTED_EDGE('',*,*,#3143,.T.);
#4187=ORIENTED_EDGE('',*,*,#3144,.T.);
#4188=ORIENTED_EDGE('',*,*,#3145,.T.);
#4189=ORIENTED_EDGE('',*,*,#3146,.T.);
#4190=ORIENTED_EDGE('',*,*,#3147,.T.);
#4191=ORIENTED_EDGE('',*,*,#3148,.T.);
#4192=ORIENTED_EDGE('',*,*,#3149,.T.);
#4193=ORIENTED_EDGE('',*,*,#3150,.T.);
#4194=ORIENTED_EDGE('',*,*,#3151,.T.);
#4195=ORIENTED_EDGE('',*,*,#3152,.T.);
#4196=ORIENTED_EDGE('',*,*,#3153,.T.);
#4197=ORIENTED_EDGE('',*,*,#3154,.T.);
#4198=ORIENTED_EDGE('',*,*,#3155,.T.);
#4199=ORIENTED_EDGE('',*,*,#3156,.T.);
#4200=ORIENTED_EDGE('',*,*,#3157,.T.);
#4201=ORIENTED_EDGE('',*,*,#3158,.T.);
#4202=ORIENTED_EDGE('',*,*,#3159,.T.);
#4203=ORIENTED_EDGE('',*,*,#3160,.T.);
#4204=ORIENTED_EDGE('',*,*,#3161,.T.);
#4205=ORIENTED_EDGE('',*,*,#3162,.T.);
#4206=ORIENTED_EDGE('',*,*,#3163,.T.);
#4207=ORIENTED_EDGE('',*,*,#3164,.T.);
#4208=ORIENTED_EDGE('',*,*,#3165,.T.);
#4209=ORIENTED_EDGE('',*,*,#3166,.T.);
#4210=ORIENTED_EDGE('',*,*,#3167,.T.);
#4211=ORIENTED_EDGE('',*,*,#3168,.T.);
#4212=ORIENTED_EDGE('',*,*,#3169,.T.);
#4213=ORIENTED_EDGE('',*,*,#3170,.T.);
#4214=ORIENTED_EDGE('',*,*,#3171,.T.);
#4215=ORIENTED_EDGE('',*,*,#3172,.T.);
#4216=ORIENTED_EDGE('',*,*,#3173,.T.);
#4217=ORIENTED_EDGE('',*,*,#3174,.T.);
#4218=ORIENTED_EDGE('',*,*,#3175,.T.);
#4219=ORIENTED_EDGE('',*,*,#3176,.T.);
#4220=ORIENTED_EDGE('',*,*,#3177,.T.);
#4221=ORIENTED_EDGE('',*,*,#3178,.T.);
#4222=ORIENTED_EDGE('',*,*,#3179,.T.);
#4223=ORIENTED_EDGE('',*,*,#3180,.T.);
#4224=ORIENTED_EDGE('',*,*,#3181,.T.);
#4225=ORIENTED_EDGE('',*,*,#3182,.T.);
#4226=ORIENTED_EDGE('',*,*,#3183,.T.);
#4227=ORIENTED_EDGE('',*,*,#3184,.T.);
#4228=ORIENTED_EDGE('',*,*,#3185,.T.);
#4229=ORIENTED_EDGE('',*,*,#3186,.T.);
#4230=ORIENTED_EDGE('',*,*,#3187,.T.);
#4231=ORIENTED_EDGE('',*,*,#3188,.T.);
#4232=ORIENTED_EDGE('',*,*,#3189,.T.);
#4233=ORIENTED_EDGE('',*,*,#3190,.T.);
#4234=ORIENTED_EDGE('',*,*,#3191,.T.);
#4235=ORIENTED_EDGE('',*,*,#3192,.T.);
#4236=ORIENTED_EDGE('',*,*,#3193,.T.);
#4237=ORIENTED_EDGE('',*,*,#3194,.T.);
#4238=ORIENTED_EDGE('',*,*,#3195,.T.);
#4239=ORIENTED_EDGE('',*,*,#3196,.T.);
#4240=ORIENTED_EDGE('',*,*,#3197,.T.);
#4241=ORIENTED_EDGE('',*,*,#3198,.T.);
#4242=ORIENTED_EDGE('',*,*,#3199,.T.);
#4243=ORIENTED_EDGE('',*,*,#3200,.T.);
#4244=ORIENTED_EDGE('',*,*,#3201,.T.);
#4245=ORIENTED_EDGE('',*,*,#3202,.T.);
#4246=ORIENTED_EDGE('',*,*,#3203,.T.);
#4247=ORIENTED_EDGE('',*,*,#3204,.T.);
#4248=ORIENTED_EDGE('',*,*,#3205,.T.);
#4249=ORIENTED_EDGE('',*,*,#3206,.T.);
#4250=ORIENTED_EDGE('',*,*,#3207,.T.);
#4251=ORIENTED_EDGE('',*,*,#3208,.T.);
#4252=ORIENTED_EDGE('',*,*,#3209,.T.);
#4253=ORIENTED_EDGE('',*,*,#3210,.T.);
#4254=ORIENTED_EDGE('',*,*,#3211,.T.);
#4255=ORIENTED_EDGE('',*,*,#3212,.T.);
#4256=ORIENTED_EDGE('',*,*,#3213,.T.);
#4257=ORIENTED_EDGE('',*,*,#3214,.T.);
#4258=ORIENTED_EDGE('',*,*,#3215,.T.);
#4259=ORIENTED_EDGE('',*,*,#3216,.T.);
#4260=ORIENTED_EDGE('',*,*,#3217,.T.);
#4261=ORIENTED_EDGE('',*,*,#3218,.T.);
#4262=ORIENTED_EDGE('',*,*,#3219,.T.);
#4263=ORIENTED_EDGE('',*,*,#3032,.F.);
#4264=ORIENTED_EDGE('',*,*,#3051,.F.);
#4265=ORIENTED_EDGE('',*,*,#3039,.F.);
#4266=ORIENTED_EDGE('',*,*,#3220,.T.);
#4267=ORIENTED_EDGE('',*,*,#3221,.F.);
#4268=ORIENTED_EDGE('',*,*,#3222,.F.);
#4269=ORIENTED_EDGE('',*,*,#3223,.T.);
#4270=ORIENTED_EDGE('',*,*,#3224,.F.);
#4271=ORIENTED_EDGE('',*,*,#3225,.T.);
#4272=ORIENTED_EDGE('',*,*,#3218,.F.);
#4273=ORIENTED_EDGE('',*,*,#3226,.F.);
#4274=ORIENTED_EDGE('',*,*,#3227,.F.);
#4275=ORIENTED_EDGE('',*,*,#3222,.T.);
#4276=ORIENTED_EDGE('',*,*,#3228,.T.);
#4277=ORIENTED_EDGE('',*,*,#3229,.T.);
#4278=ORIENTED_EDGE('',*,*,#3230,.F.);
#4279=ORIENTED_EDGE('',*,*,#3228,.F.);
#4280=ORIENTED_EDGE('',*,*,#3221,.T.);
#4281=ORIENTED_EDGE('',*,*,#3231,.T.);
#4282=ORIENTED_EDGE('',*,*,#3232,.T.);
#4283=ORIENTED_EDGE('',*,*,#3233,.T.);
#4284=ORIENTED_EDGE('',*,*,#3234,.T.);
#4285=ORIENTED_EDGE('',*,*,#3235,.F.);
#4286=ORIENTED_EDGE('',*,*,#3236,.T.);
#4287=ORIENTED_EDGE('',*,*,#3237,.T.);
#4288=ORIENTED_EDGE('',*,*,#3238,.T.);
#4289=ORIENTED_EDGE('',*,*,#3239,.T.);
#4290=ORIENTED_EDGE('',*,*,#3240,.T.);
#4291=ORIENTED_EDGE('',*,*,#3225,.F.);
#4292=ORIENTED_EDGE('',*,*,#3241,.T.);
#4293=ORIENTED_EDGE('',*,*,#3233,.F.);
#4294=ORIENTED_EDGE('',*,*,#3242,.F.);
#4295=ORIENTED_EDGE('',*,*,#3219,.F.);
#4296=ORIENTED_EDGE('',*,*,#3223,.F.);
#4297=ORIENTED_EDGE('',*,*,#3230,.T.);
#4298=ORIENTED_EDGE('',*,*,#3243,.F.);
#4299=ORIENTED_EDGE('',*,*,#3237,.F.);
#4300=ORIENTED_EDGE('',*,*,#3244,.F.);
#4301=ORIENTED_EDGE('',*,*,#3229,.F.);
#4302=ORIENTED_EDGE('',*,*,#3232,.F.);
#4303=ORIENTED_EDGE('',*,*,#3245,.T.);
#4304=ORIENTED_EDGE('',*,*,#3246,.F.);
#4305=ORIENTED_EDGE('',*,*,#3238,.F.);
#4306=ORIENTED_EDGE('',*,*,#3243,.T.);
#4307=ORIENTED_EDGE('',*,*,#3217,.F.);
#4308=ORIENTED_EDGE('',*,*,#3247,.T.);
#4309=ORIENTED_EDGE('',*,*,#3248,.T.);
#4310=ORIENTED_EDGE('',*,*,#3226,.T.);
#4311=ORIENTED_EDGE('',*,*,#3241,.F.);
#4312=ORIENTED_EDGE('',*,*,#3224,.T.);
#4313=ORIENTED_EDGE('',*,*,#3244,.T.);
#4314=ORIENTED_EDGE('',*,*,#3240,.F.);
#4315=ORIENTED_EDGE('',*,*,#3249,.F.);
#4316=ORIENTED_EDGE('',*,*,#3250,.F.);
#4317=ORIENTED_EDGE('',*,*,#3251,.F.);
#4318=ORIENTED_EDGE('',*,*,#3252,.F.);
#4319=ORIENTED_EDGE('',*,*,#3253,.F.);
#4320=ORIENTED_EDGE('',*,*,#3234,.F.);
#4321=ORIENTED_EDGE('',*,*,#3235,.T.);
#4322=ORIENTED_EDGE('',*,*,#3254,.T.);
#4323=ORIENTED_EDGE('',*,*,#3255,.T.);
#4324=ORIENTED_EDGE('',*,*,#3256,.T.);
#4325=ORIENTED_EDGE('',*,*,#3216,.F.);
#4326=ORIENTED_EDGE('',*,*,#3242,.T.);
#4327=ORIENTED_EDGE('',*,*,#3236,.F.);
#4328=ORIENTED_EDGE('',*,*,#3256,.F.);
#4329=ORIENTED_EDGE('',*,*,#3257,.T.);
#4330=ORIENTED_EDGE('',*,*,#3247,.F.);
#4331=ORIENTED_EDGE('',*,*,#3258,.T.);
#4332=ORIENTED_EDGE('',*,*,#3259,.T.);
#4333=ORIENTED_EDGE('',*,*,#3239,.F.);
#4334=ORIENTED_EDGE('',*,*,#3246,.T.);
#4335=ORIENTED_EDGE('',*,*,#3259,.F.);
#4336=ORIENTED_EDGE('',*,*,#3260,.T.);
#4337=ORIENTED_EDGE('',*,*,#3261,.T.);
#4338=ORIENTED_EDGE('',*,*,#3262,.F.);
#4339=ORIENTED_EDGE('',*,*,#3263,.T.);
#4340=ORIENTED_EDGE('',*,*,#3264,.T.);
#4341=ORIENTED_EDGE('',*,*,#3265,.F.);
#4342=ORIENTED_EDGE('',*,*,#3249,.T.);
#4343=ORIENTED_EDGE('',*,*,#3052,.F.);
#4344=ORIENTED_EDGE('',*,*,#3266,.T.);
#4345=ORIENTED_EDGE('',*,*,#3267,.T.);
#4346=ORIENTED_EDGE('',*,*,#3268,.F.);
#4347=ORIENTED_EDGE('',*,*,#3067,.F.);
#4348=ORIENTED_EDGE('',*,*,#3269,.T.);
#4349=ORIENTED_EDGE('',*,*,#3270,.T.);
#4350=ORIENTED_EDGE('',*,*,#3266,.F.);
#4351=ORIENTED_EDGE('',*,*,#3066,.F.);
#4352=ORIENTED_EDGE('',*,*,#3271,.T.);
#4353=ORIENTED_EDGE('',*,*,#3272,.T.);
#4354=ORIENTED_EDGE('',*,*,#3269,.F.);
#4355=ORIENTED_EDGE('',*,*,#3065,.F.);
#4356=ORIENTED_EDGE('',*,*,#3273,.T.);
#4357=ORIENTED_EDGE('',*,*,#3274,.T.);
#4358=ORIENTED_EDGE('',*,*,#3271,.F.);
#4359=ORIENTED_EDGE('',*,*,#3064,.F.);
#4360=ORIENTED_EDGE('',*,*,#3275,.T.);
#4361=ORIENTED_EDGE('',*,*,#3276,.T.);
#4362=ORIENTED_EDGE('',*,*,#3273,.F.);
#4363=ORIENTED_EDGE('',*,*,#3063,.F.);
#4364=ORIENTED_EDGE('',*,*,#3277,.T.);
#4365=ORIENTED_EDGE('',*,*,#3278,.T.);
#4366=ORIENTED_EDGE('',*,*,#3275,.F.);
#4367=ORIENTED_EDGE('',*,*,#3062,.F.);
#4368=ORIENTED_EDGE('',*,*,#3279,.T.);
#4369=ORIENTED_EDGE('',*,*,#3280,.T.);
#4370=ORIENTED_EDGE('',*,*,#3277,.F.);
#4371=ORIENTED_EDGE('',*,*,#3061,.F.);
#4372=ORIENTED_EDGE('',*,*,#3281,.T.);
#4373=ORIENTED_EDGE('',*,*,#3282,.T.);
#4374=ORIENTED_EDGE('',*,*,#3279,.F.);
#4375=ORIENTED_EDGE('',*,*,#3060,.F.);
#4376=ORIENTED_EDGE('',*,*,#3283,.T.);
#4377=ORIENTED_EDGE('',*,*,#3284,.T.);
#4378=ORIENTED_EDGE('',*,*,#3281,.F.);
#4379=ORIENTED_EDGE('',*,*,#3059,.F.);
#4380=ORIENTED_EDGE('',*,*,#3285,.T.);
#4381=ORIENTED_EDGE('',*,*,#3286,.T.);
#4382=ORIENTED_EDGE('',*,*,#3283,.F.);
#4383=ORIENTED_EDGE('',*,*,#3058,.F.);
#4384=ORIENTED_EDGE('',*,*,#3287,.T.);
#4385=ORIENTED_EDGE('',*,*,#3288,.T.);
#4386=ORIENTED_EDGE('',*,*,#3285,.F.);
#4387=ORIENTED_EDGE('',*,*,#3057,.F.);
#4388=ORIENTED_EDGE('',*,*,#3289,.T.);
#4389=ORIENTED_EDGE('',*,*,#3290,.T.);
#4390=ORIENTED_EDGE('',*,*,#3287,.F.);
#4391=ORIENTED_EDGE('',*,*,#3056,.F.);
#4392=ORIENTED_EDGE('',*,*,#3291,.T.);
#4393=ORIENTED_EDGE('',*,*,#3292,.T.);
#4394=ORIENTED_EDGE('',*,*,#3289,.F.);
#4395=ORIENTED_EDGE('',*,*,#3055,.F.);
#4396=ORIENTED_EDGE('',*,*,#3293,.T.);
#4397=ORIENTED_EDGE('',*,*,#3294,.T.);
#4398=ORIENTED_EDGE('',*,*,#3291,.F.);
#4399=ORIENTED_EDGE('',*,*,#3054,.F.);
#4400=ORIENTED_EDGE('',*,*,#3295,.T.);
#4401=ORIENTED_EDGE('',*,*,#3296,.T.);
#4402=ORIENTED_EDGE('',*,*,#3293,.F.);
#4403=ORIENTED_EDGE('',*,*,#3053,.F.);
#4404=ORIENTED_EDGE('',*,*,#3268,.T.);
#4405=ORIENTED_EDGE('',*,*,#3297,.T.);
#4406=ORIENTED_EDGE('',*,*,#3295,.F.);
#4407=ORIENTED_EDGE('',*,*,#3297,.F.);
#4408=ORIENTED_EDGE('',*,*,#3267,.F.);
#4409=ORIENTED_EDGE('',*,*,#3270,.F.);
#4410=ORIENTED_EDGE('',*,*,#3272,.F.);
#4411=ORIENTED_EDGE('',*,*,#3274,.F.);
#4412=ORIENTED_EDGE('',*,*,#3276,.F.);
#4413=ORIENTED_EDGE('',*,*,#3278,.F.);
#4414=ORIENTED_EDGE('',*,*,#3280,.F.);
#4415=ORIENTED_EDGE('',*,*,#3282,.F.);
#4416=ORIENTED_EDGE('',*,*,#3284,.F.);
#4417=ORIENTED_EDGE('',*,*,#3286,.F.);
#4418=ORIENTED_EDGE('',*,*,#3288,.F.);
#4419=ORIENTED_EDGE('',*,*,#3290,.F.);
#4420=ORIENTED_EDGE('',*,*,#3292,.F.);
#4421=ORIENTED_EDGE('',*,*,#3294,.F.);
#4422=ORIENTED_EDGE('',*,*,#3296,.F.);
#4423=ORIENTED_EDGE('',*,*,#3298,.F.);
#4424=ORIENTED_EDGE('',*,*,#3299,.T.);
#4425=ORIENTED_EDGE('',*,*,#3300,.T.);
#4426=ORIENTED_EDGE('',*,*,#3301,.F.);
#4427=ORIENTED_EDGE('',*,*,#3302,.F.);
#4428=ORIENTED_EDGE('',*,*,#3303,.T.);
#4429=ORIENTED_EDGE('',*,*,#3304,.T.);
#4430=ORIENTED_EDGE('',*,*,#3299,.F.);
#4431=ORIENTED_EDGE('',*,*,#3305,.F.);
#4432=ORIENTED_EDGE('',*,*,#3306,.T.);
#4433=ORIENTED_EDGE('',*,*,#3307,.T.);
#4434=ORIENTED_EDGE('',*,*,#3303,.F.);
#4435=ORIENTED_EDGE('',*,*,#3308,.F.);
#4436=ORIENTED_EDGE('',*,*,#3309,.T.);
#4437=ORIENTED_EDGE('',*,*,#3310,.T.);
#4438=ORIENTED_EDGE('',*,*,#3306,.F.);
#4439=ORIENTED_EDGE('',*,*,#3311,.F.);
#4440=ORIENTED_EDGE('',*,*,#3312,.T.);
#4441=ORIENTED_EDGE('',*,*,#3313,.T.);
#4442=ORIENTED_EDGE('',*,*,#3309,.F.);
#4443=ORIENTED_EDGE('',*,*,#3314,.F.);
#4444=ORIENTED_EDGE('',*,*,#3315,.T.);
#4445=ORIENTED_EDGE('',*,*,#3316,.T.);
#4446=ORIENTED_EDGE('',*,*,#3312,.F.);
#4447=ORIENTED_EDGE('',*,*,#3317,.F.);
#4448=ORIENTED_EDGE('',*,*,#3318,.T.);
#4449=ORIENTED_EDGE('',*,*,#3319,.T.);
#4450=ORIENTED_EDGE('',*,*,#3315,.F.);
#4451=ORIENTED_EDGE('',*,*,#3320,.F.);
#4452=ORIENTED_EDGE('',*,*,#3301,.T.);
#4453=ORIENTED_EDGE('',*,*,#3321,.T.);
#4454=ORIENTED_EDGE('',*,*,#3318,.F.);
#4455=ORIENTED_EDGE('',*,*,#3068,.F.);
#4456=ORIENTED_EDGE('',*,*,#3322,.T.);
#4457=ORIENTED_EDGE('',*,*,#3323,.T.);
#4458=ORIENTED_EDGE('',*,*,#3324,.F.);
#4459=ORIENTED_EDGE('',*,*,#3075,.F.);
#4460=ORIENTED_EDGE('',*,*,#3325,.T.);
#4461=ORIENTED_EDGE('',*,*,#3326,.T.);
#4462=ORIENTED_EDGE('',*,*,#3322,.F.);
#4463=ORIENTED_EDGE('',*,*,#3074,.F.);
#4464=ORIENTED_EDGE('',*,*,#3327,.T.);
#4465=ORIENTED_EDGE('',*,*,#3328,.T.);
#4466=ORIENTED_EDGE('',*,*,#3325,.F.);
#4467=ORIENTED_EDGE('',*,*,#3073,.F.);
#4468=ORIENTED_EDGE('',*,*,#3329,.T.);
#4469=ORIENTED_EDGE('',*,*,#3330,.T.);
#4470=ORIENTED_EDGE('',*,*,#3327,.F.);
#4471=ORIENTED_EDGE('',*,*,#3072,.F.);
#4472=ORIENTED_EDGE('',*,*,#3331,.T.);
#4473=ORIENTED_EDGE('',*,*,#3332,.T.);
#4474=ORIENTED_EDGE('',*,*,#3329,.F.);
#4475=ORIENTED_EDGE('',*,*,#3071,.F.);
#4476=ORIENTED_EDGE('',*,*,#3333,.T.);
#4477=ORIENTED_EDGE('',*,*,#3334,.T.);
#4478=ORIENTED_EDGE('',*,*,#3331,.F.);
#4479=ORIENTED_EDGE('',*,*,#3070,.F.);
#4480=ORIENTED_EDGE('',*,*,#3335,.T.);
#4481=ORIENTED_EDGE('',*,*,#3336,.T.);
#4482=ORIENTED_EDGE('',*,*,#3333,.F.);
#4483=ORIENTED_EDGE('',*,*,#3069,.F.);
#4484=ORIENTED_EDGE('',*,*,#3324,.T.);
#4485=ORIENTED_EDGE('',*,*,#3337,.T.);
#4486=ORIENTED_EDGE('',*,*,#3335,.F.);
#4487=ORIENTED_EDGE('',*,*,#3337,.F.);
#4488=ORIENTED_EDGE('',*,*,#3323,.F.);
#4489=ORIENTED_EDGE('',*,*,#3326,.F.);
#4490=ORIENTED_EDGE('',*,*,#3328,.F.);
#4491=ORIENTED_EDGE('',*,*,#3330,.F.);
#4492=ORIENTED_EDGE('',*,*,#3332,.F.);
#4493=ORIENTED_EDGE('',*,*,#3334,.F.);
#4494=ORIENTED_EDGE('',*,*,#3336,.F.);
#4495=ORIENTED_EDGE('',*,*,#3321,.F.);
#4496=ORIENTED_EDGE('',*,*,#3300,.F.);
#4497=ORIENTED_EDGE('',*,*,#3304,.F.);
#4498=ORIENTED_EDGE('',*,*,#3307,.F.);
#4499=ORIENTED_EDGE('',*,*,#3310,.F.);
#4500=ORIENTED_EDGE('',*,*,#3313,.F.);
#4501=ORIENTED_EDGE('',*,*,#3316,.F.);
#4502=ORIENTED_EDGE('',*,*,#3319,.F.);
#4503=ORIENTED_EDGE('',*,*,#3338,.F.);
#4504=ORIENTED_EDGE('',*,*,#3339,.T.);
#4505=ORIENTED_EDGE('',*,*,#3340,.T.);
#4506=ORIENTED_EDGE('',*,*,#3341,.F.);
#4507=ORIENTED_EDGE('',*,*,#3342,.F.);
#4508=ORIENTED_EDGE('',*,*,#3343,.T.);
#4509=ORIENTED_EDGE('',*,*,#3344,.T.);
#4510=ORIENTED_EDGE('',*,*,#3339,.F.);
#4511=ORIENTED_EDGE('',*,*,#3345,.F.);
#4512=ORIENTED_EDGE('',*,*,#3346,.T.);
#4513=ORIENTED_EDGE('',*,*,#3347,.T.);
#4514=ORIENTED_EDGE('',*,*,#3343,.F.);
#4515=ORIENTED_EDGE('',*,*,#3348,.F.);
#4516=ORIENTED_EDGE('',*,*,#3349,.T.);
#4517=ORIENTED_EDGE('',*,*,#3350,.T.);
#4518=ORIENTED_EDGE('',*,*,#3346,.F.);
#4519=ORIENTED_EDGE('',*,*,#3351,.F.);
#4520=ORIENTED_EDGE('',*,*,#3352,.T.);
#4521=ORIENTED_EDGE('',*,*,#3353,.T.);
#4522=ORIENTED_EDGE('',*,*,#3349,.F.);
#4523=ORIENTED_EDGE('',*,*,#3354,.F.);
#4524=ORIENTED_EDGE('',*,*,#3355,.T.);
#4525=ORIENTED_EDGE('',*,*,#3356,.T.);
#4526=ORIENTED_EDGE('',*,*,#3352,.F.);
#4527=ORIENTED_EDGE('',*,*,#3357,.F.);
#4528=ORIENTED_EDGE('',*,*,#3358,.T.);
#4529=ORIENTED_EDGE('',*,*,#3359,.T.);
#4530=ORIENTED_EDGE('',*,*,#3355,.F.);
#4531=ORIENTED_EDGE('',*,*,#3360,.F.);
#4532=ORIENTED_EDGE('',*,*,#3341,.T.);
#4533=ORIENTED_EDGE('',*,*,#3361,.T.);
#4534=ORIENTED_EDGE('',*,*,#3358,.F.);
#4535=ORIENTED_EDGE('',*,*,#3076,.F.);
#4536=ORIENTED_EDGE('',*,*,#3362,.T.);
#4537=ORIENTED_EDGE('',*,*,#3363,.T.);
#4538=ORIENTED_EDGE('',*,*,#3364,.F.);
#4539=ORIENTED_EDGE('',*,*,#3083,.F.);
#4540=ORIENTED_EDGE('',*,*,#3365,.T.);
#4541=ORIENTED_EDGE('',*,*,#3366,.T.);
#4542=ORIENTED_EDGE('',*,*,#3362,.F.);
#4543=ORIENTED_EDGE('',*,*,#3082,.F.);
#4544=ORIENTED_EDGE('',*,*,#3367,.T.);
#4545=ORIENTED_EDGE('',*,*,#3368,.T.);
#4546=ORIENTED_EDGE('',*,*,#3365,.F.);
#4547=ORIENTED_EDGE('',*,*,#3081,.F.);
#4548=ORIENTED_EDGE('',*,*,#3369,.T.);
#4549=ORIENTED_EDGE('',*,*,#3370,.T.);
#4550=ORIENTED_EDGE('',*,*,#3367,.F.);
#4551=ORIENTED_EDGE('',*,*,#3080,.F.);
#4552=ORIENTED_EDGE('',*,*,#3371,.T.);
#4553=ORIENTED_EDGE('',*,*,#3372,.T.);
#4554=ORIENTED_EDGE('',*,*,#3369,.F.);
#4555=ORIENTED_EDGE('',*,*,#3079,.F.);
#4556=ORIENTED_EDGE('',*,*,#3373,.T.);
#4557=ORIENTED_EDGE('',*,*,#3374,.T.);
#4558=ORIENTED_EDGE('',*,*,#3371,.F.);
#4559=ORIENTED_EDGE('',*,*,#3078,.F.);
#4560=ORIENTED_EDGE('',*,*,#3375,.T.);
#4561=ORIENTED_EDGE('',*,*,#3376,.T.);
#4562=ORIENTED_EDGE('',*,*,#3373,.F.);
#4563=ORIENTED_EDGE('',*,*,#3077,.F.);
#4564=ORIENTED_EDGE('',*,*,#3364,.T.);
#4565=ORIENTED_EDGE('',*,*,#3377,.T.);
#4566=ORIENTED_EDGE('',*,*,#3375,.F.);
#4567=ORIENTED_EDGE('',*,*,#3377,.F.);
#4568=ORIENTED_EDGE('',*,*,#3363,.F.);
#4569=ORIENTED_EDGE('',*,*,#3366,.F.);
#4570=ORIENTED_EDGE('',*,*,#3368,.F.);
#4571=ORIENTED_EDGE('',*,*,#3370,.F.);
#4572=ORIENTED_EDGE('',*,*,#3372,.F.);
#4573=ORIENTED_EDGE('',*,*,#3374,.F.);
#4574=ORIENTED_EDGE('',*,*,#3376,.F.);
#4575=ORIENTED_EDGE('',*,*,#3361,.F.);
#4576=ORIENTED_EDGE('',*,*,#3340,.F.);
#4577=ORIENTED_EDGE('',*,*,#3344,.F.);
#4578=ORIENTED_EDGE('',*,*,#3347,.F.);
#4579=ORIENTED_EDGE('',*,*,#3350,.F.);
#4580=ORIENTED_EDGE('',*,*,#3353,.F.);
#4581=ORIENTED_EDGE('',*,*,#3356,.F.);
#4582=ORIENTED_EDGE('',*,*,#3359,.F.);
#4583=ORIENTED_EDGE('',*,*,#3084,.F.);
#4584=ORIENTED_EDGE('',*,*,#3378,.T.);
#4585=ORIENTED_EDGE('',*,*,#3379,.T.);
#4586=ORIENTED_EDGE('',*,*,#3380,.F.);
#4587=ORIENTED_EDGE('',*,*,#3095,.F.);
#4588=ORIENTED_EDGE('',*,*,#3381,.T.);
#4589=ORIENTED_EDGE('',*,*,#3382,.T.);
#4590=ORIENTED_EDGE('',*,*,#3378,.F.);
#4591=ORIENTED_EDGE('',*,*,#3094,.F.);
#4592=ORIENTED_EDGE('',*,*,#3383,.T.);
#4593=ORIENTED_EDGE('',*,*,#3384,.T.);
#4594=ORIENTED_EDGE('',*,*,#3381,.F.);
#4595=ORIENTED_EDGE('',*,*,#3093,.F.);
#4596=ORIENTED_EDGE('',*,*,#3385,.T.);
#4597=ORIENTED_EDGE('',*,*,#3386,.T.);
#4598=ORIENTED_EDGE('',*,*,#3383,.F.);
#4599=ORIENTED_EDGE('',*,*,#3092,.F.);
#4600=ORIENTED_EDGE('',*,*,#3387,.T.);
#4601=ORIENTED_EDGE('',*,*,#3388,.T.);
#4602=ORIENTED_EDGE('',*,*,#3385,.F.);
#4603=ORIENTED_EDGE('',*,*,#3091,.F.);
#4604=ORIENTED_EDGE('',*,*,#3389,.T.);
#4605=ORIENTED_EDGE('',*,*,#3390,.T.);
#4606=ORIENTED_EDGE('',*,*,#3387,.F.);
#4607=ORIENTED_EDGE('',*,*,#3090,.F.);
#4608=ORIENTED_EDGE('',*,*,#3391,.T.);
#4609=ORIENTED_EDGE('',*,*,#3392,.T.);
#4610=ORIENTED_EDGE('',*,*,#3389,.F.);
#4611=ORIENTED_EDGE('',*,*,#3089,.F.);
#4612=ORIENTED_EDGE('',*,*,#3393,.T.);
#4613=ORIENTED_EDGE('',*,*,#3394,.T.);
#4614=ORIENTED_EDGE('',*,*,#3391,.F.);
#4615=ORIENTED_EDGE('',*,*,#3088,.F.);
#4616=ORIENTED_EDGE('',*,*,#3395,.T.);
#4617=ORIENTED_EDGE('',*,*,#3396,.T.);
#4618=ORIENTED_EDGE('',*,*,#3393,.F.);
#4619=ORIENTED_EDGE('',*,*,#3087,.F.);
#4620=ORIENTED_EDGE('',*,*,#3397,.T.);
#4621=ORIENTED_EDGE('',*,*,#3398,.T.);
#4622=ORIENTED_EDGE('',*,*,#3395,.F.);
#4623=ORIENTED_EDGE('',*,*,#3086,.F.);
#4624=ORIENTED_EDGE('',*,*,#3399,.T.);
#4625=ORIENTED_EDGE('',*,*,#3400,.T.);
#4626=ORIENTED_EDGE('',*,*,#3397,.F.);
#4627=ORIENTED_EDGE('',*,*,#3085,.F.);
#4628=ORIENTED_EDGE('',*,*,#3380,.T.);
#4629=ORIENTED_EDGE('',*,*,#3401,.T.);
#4630=ORIENTED_EDGE('',*,*,#3399,.F.);
#4631=ORIENTED_EDGE('',*,*,#3401,.F.);
#4632=ORIENTED_EDGE('',*,*,#3379,.F.);
#4633=ORIENTED_EDGE('',*,*,#3382,.F.);
#4634=ORIENTED_EDGE('',*,*,#3384,.F.);
#4635=ORIENTED_EDGE('',*,*,#3386,.F.);
#4636=ORIENTED_EDGE('',*,*,#3388,.F.);
#4637=ORIENTED_EDGE('',*,*,#3390,.F.);
#4638=ORIENTED_EDGE('',*,*,#3392,.F.);
#4639=ORIENTED_EDGE('',*,*,#3394,.F.);
#4640=ORIENTED_EDGE('',*,*,#3396,.F.);
#4641=ORIENTED_EDGE('',*,*,#3398,.F.);
#4642=ORIENTED_EDGE('',*,*,#3400,.F.);
#4643=ORIENTED_EDGE('',*,*,#3096,.F.);
#4644=ORIENTED_EDGE('',*,*,#3402,.T.);
#4645=ORIENTED_EDGE('',*,*,#3403,.T.);
#4646=ORIENTED_EDGE('',*,*,#3404,.F.);
#4647=ORIENTED_EDGE('',*,*,#3099,.F.);
#4648=ORIENTED_EDGE('',*,*,#3405,.T.);
#4649=ORIENTED_EDGE('',*,*,#3406,.T.);
#4650=ORIENTED_EDGE('',*,*,#3402,.F.);
#4651=ORIENTED_EDGE('',*,*,#3098,.F.);
#4652=ORIENTED_EDGE('',*,*,#3407,.T.);
#4653=ORIENTED_EDGE('',*,*,#3408,.T.);
#4654=ORIENTED_EDGE('',*,*,#3405,.F.);
#4655=ORIENTED_EDGE('',*,*,#3097,.F.);
#4656=ORIENTED_EDGE('',*,*,#3404,.T.);
#4657=ORIENTED_EDGE('',*,*,#3409,.T.);
#4658=ORIENTED_EDGE('',*,*,#3407,.F.);
#4659=ORIENTED_EDGE('',*,*,#3409,.F.);
#4660=ORIENTED_EDGE('',*,*,#3403,.F.);
#4661=ORIENTED_EDGE('',*,*,#3406,.F.);
#4662=ORIENTED_EDGE('',*,*,#3408,.F.);
#4663=ORIENTED_EDGE('',*,*,#3410,.F.);
#4664=ORIENTED_EDGE('',*,*,#3411,.T.);
#4665=ORIENTED_EDGE('',*,*,#3412,.T.);
#4666=ORIENTED_EDGE('',*,*,#3413,.F.);
#4667=ORIENTED_EDGE('',*,*,#3414,.F.);
#4668=ORIENTED_EDGE('',*,*,#3415,.T.);
#4669=ORIENTED_EDGE('',*,*,#3416,.T.);
#4670=ORIENTED_EDGE('',*,*,#3411,.F.);
#4671=ORIENTED_EDGE('',*,*,#3417,.F.);
#4672=ORIENTED_EDGE('',*,*,#3418,.T.);
#4673=ORIENTED_EDGE('',*,*,#3419,.T.);
#4674=ORIENTED_EDGE('',*,*,#3415,.F.);
#4675=ORIENTED_EDGE('',*,*,#3420,.F.);
#4676=ORIENTED_EDGE('',*,*,#3421,.T.);
#4677=ORIENTED_EDGE('',*,*,#3422,.T.);
#4678=ORIENTED_EDGE('',*,*,#3418,.F.);
#4679=ORIENTED_EDGE('',*,*,#3423,.F.);
#4680=ORIENTED_EDGE('',*,*,#3413,.T.);
#4681=ORIENTED_EDGE('',*,*,#3424,.T.);
#4682=ORIENTED_EDGE('',*,*,#3421,.F.);
#4683=ORIENTED_EDGE('',*,*,#3100,.F.);
#4684=ORIENTED_EDGE('',*,*,#3425,.T.);
#4685=ORIENTED_EDGE('',*,*,#3426,.T.);
#4686=ORIENTED_EDGE('',*,*,#3427,.F.);
#4687=ORIENTED_EDGE('',*,*,#3114,.F.);
#4688=ORIENTED_EDGE('',*,*,#3428,.T.);
#4689=ORIENTED_EDGE('',*,*,#3429,.T.);
#4690=ORIENTED_EDGE('',*,*,#3425,.F.);
#4691=ORIENTED_EDGE('',*,*,#3113,.F.);
#4692=ORIENTED_EDGE('',*,*,#3430,.T.);
#4693=ORIENTED_EDGE('',*,*,#3431,.T.);
#4694=ORIENTED_EDGE('',*,*,#3428,.F.);
#4695=ORIENTED_EDGE('',*,*,#3112,.F.);
#4696=ORIENTED_EDGE('',*,*,#3432,.T.);
#4697=ORIENTED_EDGE('',*,*,#3433,.T.);
#4698=ORIENTED_EDGE('',*,*,#3430,.F.);
#4699=ORIENTED_EDGE('',*,*,#3111,.F.);
#4700=ORIENTED_EDGE('',*,*,#3434,.T.);
#4701=ORIENTED_EDGE('',*,*,#3435,.T.);
#4702=ORIENTED_EDGE('',*,*,#3432,.F.);
#4703=ORIENTED_EDGE('',*,*,#3110,.F.);
#4704=ORIENTED_EDGE('',*,*,#3436,.T.);
#4705=ORIENTED_EDGE('',*,*,#3437,.T.);
#4706=ORIENTED_EDGE('',*,*,#3434,.F.);
#4707=ORIENTED_EDGE('',*,*,#3109,.F.);
#4708=ORIENTED_EDGE('',*,*,#3438,.T.);
#4709=ORIENTED_EDGE('',*,*,#3439,.T.);
#4710=ORIENTED_EDGE('',*,*,#3436,.F.);
#4711=ORIENTED_EDGE('',*,*,#3108,.F.);
#4712=ORIENTED_EDGE('',*,*,#3440,.T.);
#4713=ORIENTED_EDGE('',*,*,#3441,.T.);
#4714=ORIENTED_EDGE('',*,*,#3438,.F.);
#4715=ORIENTED_EDGE('',*,*,#3107,.F.);
#4716=ORIENTED_EDGE('',*,*,#3442,.T.);
#4717=ORIENTED_EDGE('',*,*,#3443,.T.);
#4718=ORIENTED_EDGE('',*,*,#3440,.F.);
#4719=ORIENTED_EDGE('',*,*,#3106,.F.);
#4720=ORIENTED_EDGE('',*,*,#3444,.T.);
#4721=ORIENTED_EDGE('',*,*,#3445,.T.);
#4722=ORIENTED_EDGE('',*,*,#3442,.F.);
#4723=ORIENTED_EDGE('',*,*,#3105,.F.);
#4724=ORIENTED_EDGE('',*,*,#3446,.T.);
#4725=ORIENTED_EDGE('',*,*,#3447,.T.);
#4726=ORIENTED_EDGE('',*,*,#3444,.F.);
#4727=ORIENTED_EDGE('',*,*,#3104,.F.);
#4728=ORIENTED_EDGE('',*,*,#3448,.T.);
#4729=ORIENTED_EDGE('',*,*,#3449,.T.);
#4730=ORIENTED_EDGE('',*,*,#3446,.F.);
#4731=ORIENTED_EDGE('',*,*,#3103,.F.);
#4732=ORIENTED_EDGE('',*,*,#3450,.T.);
#4733=ORIENTED_EDGE('',*,*,#3451,.T.);
#4734=ORIENTED_EDGE('',*,*,#3448,.F.);
#4735=ORIENTED_EDGE('',*,*,#3102,.F.);
#4736=ORIENTED_EDGE('',*,*,#3452,.T.);
#4737=ORIENTED_EDGE('',*,*,#3453,.T.);
#4738=ORIENTED_EDGE('',*,*,#3450,.F.);
#4739=ORIENTED_EDGE('',*,*,#3101,.F.);
#4740=ORIENTED_EDGE('',*,*,#3427,.T.);
#4741=ORIENTED_EDGE('',*,*,#3454,.T.);
#4742=ORIENTED_EDGE('',*,*,#3452,.F.);
#4743=ORIENTED_EDGE('',*,*,#3454,.F.);
#4744=ORIENTED_EDGE('',*,*,#3426,.F.);
#4745=ORIENTED_EDGE('',*,*,#3429,.F.);
#4746=ORIENTED_EDGE('',*,*,#3431,.F.);
#4747=ORIENTED_EDGE('',*,*,#3433,.F.);
#4748=ORIENTED_EDGE('',*,*,#3435,.F.);
#4749=ORIENTED_EDGE('',*,*,#3437,.F.);
#4750=ORIENTED_EDGE('',*,*,#3439,.F.);
#4751=ORIENTED_EDGE('',*,*,#3441,.F.);
#4752=ORIENTED_EDGE('',*,*,#3443,.F.);
#4753=ORIENTED_EDGE('',*,*,#3445,.F.);
#4754=ORIENTED_EDGE('',*,*,#3447,.F.);
#4755=ORIENTED_EDGE('',*,*,#3449,.F.);
#4756=ORIENTED_EDGE('',*,*,#3451,.F.);
#4757=ORIENTED_EDGE('',*,*,#3453,.F.);
#4758=ORIENTED_EDGE('',*,*,#3424,.F.);
#4759=ORIENTED_EDGE('',*,*,#3412,.F.);
#4760=ORIENTED_EDGE('',*,*,#3416,.F.);
#4761=ORIENTED_EDGE('',*,*,#3419,.F.);
#4762=ORIENTED_EDGE('',*,*,#3422,.F.);
#4763=ORIENTED_EDGE('',*,*,#3115,.F.);
#4764=ORIENTED_EDGE('',*,*,#3455,.T.);
#4765=ORIENTED_EDGE('',*,*,#3456,.T.);
#4766=ORIENTED_EDGE('',*,*,#3457,.F.);
#4767=ORIENTED_EDGE('',*,*,#3134,.F.);
#4768=ORIENTED_EDGE('',*,*,#3458,.T.);
#4769=ORIENTED_EDGE('',*,*,#3459,.T.);
#4770=ORIENTED_EDGE('',*,*,#3455,.F.);
#4771=ORIENTED_EDGE('',*,*,#3133,.F.);
#4772=ORIENTED_EDGE('',*,*,#3460,.T.);
#4773=ORIENTED_EDGE('',*,*,#3461,.T.);
#4774=ORIENTED_EDGE('',*,*,#3458,.F.);
#4775=ORIENTED_EDGE('',*,*,#3132,.F.);
#4776=ORIENTED_EDGE('',*,*,#3462,.T.);
#4777=ORIENTED_EDGE('',*,*,#3463,.T.);
#4778=ORIENTED_EDGE('',*,*,#3460,.F.);
#4779=ORIENTED_EDGE('',*,*,#3131,.F.);
#4780=ORIENTED_EDGE('',*,*,#3464,.T.);
#4781=ORIENTED_EDGE('',*,*,#3465,.T.);
#4782=ORIENTED_EDGE('',*,*,#3462,.F.);
#4783=ORIENTED_EDGE('',*,*,#3130,.F.);
#4784=ORIENTED_EDGE('',*,*,#3466,.T.);
#4785=ORIENTED_EDGE('',*,*,#3467,.T.);
#4786=ORIENTED_EDGE('',*,*,#3464,.F.);
#4787=ORIENTED_EDGE('',*,*,#3129,.F.);
#4788=ORIENTED_EDGE('',*,*,#3468,.T.);
#4789=ORIENTED_EDGE('',*,*,#3469,.T.);
#4790=ORIENTED_EDGE('',*,*,#3466,.F.);
#4791=ORIENTED_EDGE('',*,*,#3128,.F.);
#4792=ORIENTED_EDGE('',*,*,#3470,.T.);
#4793=ORIENTED_EDGE('',*,*,#3471,.T.);
#4794=ORIENTED_EDGE('',*,*,#3468,.F.);
#4795=ORIENTED_EDGE('',*,*,#3127,.F.);
#4796=ORIENTED_EDGE('',*,*,#3472,.T.);
#4797=ORIENTED_EDGE('',*,*,#3473,.T.);
#4798=ORIENTED_EDGE('',*,*,#3470,.F.);
#4799=ORIENTED_EDGE('',*,*,#3126,.F.);
#4800=ORIENTED_EDGE('',*,*,#3474,.T.);
#4801=ORIENTED_EDGE('',*,*,#3475,.T.);
#4802=ORIENTED_EDGE('',*,*,#3472,.F.);
#4803=ORIENTED_EDGE('',*,*,#3125,.F.);
#4804=ORIENTED_EDGE('',*,*,#3476,.T.);
#4805=ORIENTED_EDGE('',*,*,#3477,.T.);
#4806=ORIENTED_EDGE('',*,*,#3474,.F.);
#4807=ORIENTED_EDGE('',*,*,#3124,.F.);
#4808=ORIENTED_EDGE('',*,*,#3478,.T.);
#4809=ORIENTED_EDGE('',*,*,#3479,.T.);
#4810=ORIENTED_EDGE('',*,*,#3476,.F.);
#4811=ORIENTED_EDGE('',*,*,#3123,.F.);
#4812=ORIENTED_EDGE('',*,*,#3480,.T.);
#4813=ORIENTED_EDGE('',*,*,#3481,.T.);
#4814=ORIENTED_EDGE('',*,*,#3478,.F.);
#4815=ORIENTED_EDGE('',*,*,#3122,.F.);
#4816=ORIENTED_EDGE('',*,*,#3482,.T.);
#4817=ORIENTED_EDGE('',*,*,#3483,.T.);
#4818=ORIENTED_EDGE('',*,*,#3480,.F.);
#4819=ORIENTED_EDGE('',*,*,#3121,.F.);
#4820=ORIENTED_EDGE('',*,*,#3484,.T.);
#4821=ORIENTED_EDGE('',*,*,#3485,.T.);
#4822=ORIENTED_EDGE('',*,*,#3482,.F.);
#4823=ORIENTED_EDGE('',*,*,#3120,.F.);
#4824=ORIENTED_EDGE('',*,*,#3486,.T.);
#4825=ORIENTED_EDGE('',*,*,#3487,.T.);
#4826=ORIENTED_EDGE('',*,*,#3484,.F.);
#4827=ORIENTED_EDGE('',*,*,#3119,.F.);
#4828=ORIENTED_EDGE('',*,*,#3488,.T.);
#4829=ORIENTED_EDGE('',*,*,#3489,.T.);
#4830=ORIENTED_EDGE('',*,*,#3486,.F.);
#4831=ORIENTED_EDGE('',*,*,#3118,.F.);
#4832=ORIENTED_EDGE('',*,*,#3490,.T.);
#4833=ORIENTED_EDGE('',*,*,#3491,.T.);
#4834=ORIENTED_EDGE('',*,*,#3488,.F.);
#4835=ORIENTED_EDGE('',*,*,#3117,.F.);
#4836=ORIENTED_EDGE('',*,*,#3492,.T.);
#4837=ORIENTED_EDGE('',*,*,#3493,.T.);
#4838=ORIENTED_EDGE('',*,*,#3490,.F.);
#4839=ORIENTED_EDGE('',*,*,#3116,.F.);
#4840=ORIENTED_EDGE('',*,*,#3457,.T.);
#4841=ORIENTED_EDGE('',*,*,#3494,.T.);
#4842=ORIENTED_EDGE('',*,*,#3492,.F.);
#4843=ORIENTED_EDGE('',*,*,#3494,.F.);
#4844=ORIENTED_EDGE('',*,*,#3456,.F.);
#4845=ORIENTED_EDGE('',*,*,#3459,.F.);
#4846=ORIENTED_EDGE('',*,*,#3461,.F.);
#4847=ORIENTED_EDGE('',*,*,#3463,.F.);
#4848=ORIENTED_EDGE('',*,*,#3465,.F.);
#4849=ORIENTED_EDGE('',*,*,#3467,.F.);
#4850=ORIENTED_EDGE('',*,*,#3469,.F.);
#4851=ORIENTED_EDGE('',*,*,#3471,.F.);
#4852=ORIENTED_EDGE('',*,*,#3473,.F.);
#4853=ORIENTED_EDGE('',*,*,#3475,.F.);
#4854=ORIENTED_EDGE('',*,*,#3477,.F.);
#4855=ORIENTED_EDGE('',*,*,#3479,.F.);
#4856=ORIENTED_EDGE('',*,*,#3481,.F.);
#4857=ORIENTED_EDGE('',*,*,#3483,.F.);
#4858=ORIENTED_EDGE('',*,*,#3485,.F.);
#4859=ORIENTED_EDGE('',*,*,#3487,.F.);
#4860=ORIENTED_EDGE('',*,*,#3489,.F.);
#4861=ORIENTED_EDGE('',*,*,#3491,.F.);
#4862=ORIENTED_EDGE('',*,*,#3493,.F.);
#4863=ORIENTED_EDGE('',*,*,#3495,.F.);
#4864=ORIENTED_EDGE('',*,*,#3496,.T.);
#4865=ORIENTED_EDGE('',*,*,#3497,.T.);
#4866=ORIENTED_EDGE('',*,*,#3498,.F.);
#4867=ORIENTED_EDGE('',*,*,#3499,.F.);
#4868=ORIENTED_EDGE('',*,*,#3500,.T.);
#4869=ORIENTED_EDGE('',*,*,#3501,.T.);
#4870=ORIENTED_EDGE('',*,*,#3496,.F.);
#4871=ORIENTED_EDGE('',*,*,#3502,.F.);
#4872=ORIENTED_EDGE('',*,*,#3503,.T.);
#4873=ORIENTED_EDGE('',*,*,#3504,.T.);
#4874=ORIENTED_EDGE('',*,*,#3500,.F.);
#4875=ORIENTED_EDGE('',*,*,#3505,.F.);
#4876=ORIENTED_EDGE('',*,*,#3506,.T.);
#4877=ORIENTED_EDGE('',*,*,#3507,.T.);
#4878=ORIENTED_EDGE('',*,*,#3503,.F.);
#4879=ORIENTED_EDGE('',*,*,#3508,.F.);
#4880=ORIENTED_EDGE('',*,*,#3498,.T.);
#4881=ORIENTED_EDGE('',*,*,#3509,.T.);
#4882=ORIENTED_EDGE('',*,*,#3506,.F.);
#4883=ORIENTED_EDGE('',*,*,#3135,.F.);
#4884=ORIENTED_EDGE('',*,*,#3510,.T.);
#4885=ORIENTED_EDGE('',*,*,#3511,.T.);
#4886=ORIENTED_EDGE('',*,*,#3512,.F.);
#4887=ORIENTED_EDGE('',*,*,#3149,.F.);
#4888=ORIENTED_EDGE('',*,*,#3513,.T.);
#4889=ORIENTED_EDGE('',*,*,#3514,.T.);
#4890=ORIENTED_EDGE('',*,*,#3510,.F.);
#4891=ORIENTED_EDGE('',*,*,#3148,.F.);
#4892=ORIENTED_EDGE('',*,*,#3515,.T.);
#4893=ORIENTED_EDGE('',*,*,#3516,.T.);
#4894=ORIENTED_EDGE('',*,*,#3513,.F.);
#4895=ORIENTED_EDGE('',*,*,#3147,.F.);
#4896=ORIENTED_EDGE('',*,*,#3517,.T.);
#4897=ORIENTED_EDGE('',*,*,#3518,.T.);
#4898=ORIENTED_EDGE('',*,*,#3515,.F.);
#4899=ORIENTED_EDGE('',*,*,#3146,.F.);
#4900=ORIENTED_EDGE('',*,*,#3519,.T.);
#4901=ORIENTED_EDGE('',*,*,#3520,.T.);
#4902=ORIENTED_EDGE('',*,*,#3517,.F.);
#4903=ORIENTED_EDGE('',*,*,#3145,.F.);
#4904=ORIENTED_EDGE('',*,*,#3521,.T.);
#4905=ORIENTED_EDGE('',*,*,#3522,.T.);
#4906=ORIENTED_EDGE('',*,*,#3519,.F.);
#4907=ORIENTED_EDGE('',*,*,#3144,.F.);
#4908=ORIENTED_EDGE('',*,*,#3523,.T.);
#4909=ORIENTED_EDGE('',*,*,#3524,.T.);
#4910=ORIENTED_EDGE('',*,*,#3521,.F.);
#4911=ORIENTED_EDGE('',*,*,#3143,.F.);
#4912=ORIENTED_EDGE('',*,*,#3525,.T.);
#4913=ORIENTED_EDGE('',*,*,#3526,.T.);
#4914=ORIENTED_EDGE('',*,*,#3523,.F.);
#4915=ORIENTED_EDGE('',*,*,#3142,.F.);
#4916=ORIENTED_EDGE('',*,*,#3527,.T.);
#4917=ORIENTED_EDGE('',*,*,#3528,.T.);
#4918=ORIENTED_EDGE('',*,*,#3525,.F.);
#4919=ORIENTED_EDGE('',*,*,#3141,.F.);
#4920=ORIENTED_EDGE('',*,*,#3529,.T.);
#4921=ORIENTED_EDGE('',*,*,#3530,.T.);
#4922=ORIENTED_EDGE('',*,*,#3527,.F.);
#4923=ORIENTED_EDGE('',*,*,#3140,.F.);
#4924=ORIENTED_EDGE('',*,*,#3531,.T.);
#4925=ORIENTED_EDGE('',*,*,#3532,.T.);
#4926=ORIENTED_EDGE('',*,*,#3529,.F.);
#4927=ORIENTED_EDGE('',*,*,#3139,.F.);
#4928=ORIENTED_EDGE('',*,*,#3533,.T.);
#4929=ORIENTED_EDGE('',*,*,#3534,.T.);
#4930=ORIENTED_EDGE('',*,*,#3531,.F.);
#4931=ORIENTED_EDGE('',*,*,#3138,.F.);
#4932=ORIENTED_EDGE('',*,*,#3535,.T.);
#4933=ORIENTED_EDGE('',*,*,#3536,.T.);
#4934=ORIENTED_EDGE('',*,*,#3533,.F.);
#4935=ORIENTED_EDGE('',*,*,#3137,.F.);
#4936=ORIENTED_EDGE('',*,*,#3537,.T.);
#4937=ORIENTED_EDGE('',*,*,#3538,.T.);
#4938=ORIENTED_EDGE('',*,*,#3535,.F.);
#4939=ORIENTED_EDGE('',*,*,#3136,.F.);
#4940=ORIENTED_EDGE('',*,*,#3512,.T.);
#4941=ORIENTED_EDGE('',*,*,#3539,.T.);
#4942=ORIENTED_EDGE('',*,*,#3537,.F.);
#4943=ORIENTED_EDGE('',*,*,#3539,.F.);
#4944=ORIENTED_EDGE('',*,*,#3511,.F.);
#4945=ORIENTED_EDGE('',*,*,#3514,.F.);
#4946=ORIENTED_EDGE('',*,*,#3516,.F.);
#4947=ORIENTED_EDGE('',*,*,#3518,.F.);
#4948=ORIENTED_EDGE('',*,*,#3520,.F.);
#4949=ORIENTED_EDGE('',*,*,#3522,.F.);
#4950=ORIENTED_EDGE('',*,*,#3524,.F.);
#4951=ORIENTED_EDGE('',*,*,#3526,.F.);
#4952=ORIENTED_EDGE('',*,*,#3528,.F.);
#4953=ORIENTED_EDGE('',*,*,#3530,.F.);
#4954=ORIENTED_EDGE('',*,*,#3532,.F.);
#4955=ORIENTED_EDGE('',*,*,#3534,.F.);
#4956=ORIENTED_EDGE('',*,*,#3536,.F.);
#4957=ORIENTED_EDGE('',*,*,#3538,.F.);
#4958=ORIENTED_EDGE('',*,*,#3509,.F.);
#4959=ORIENTED_EDGE('',*,*,#3497,.F.);
#4960=ORIENTED_EDGE('',*,*,#3501,.F.);
#4961=ORIENTED_EDGE('',*,*,#3504,.F.);
#4962=ORIENTED_EDGE('',*,*,#3507,.F.);
#4963=ORIENTED_EDGE('',*,*,#3150,.F.);
#4964=ORIENTED_EDGE('',*,*,#3540,.T.);
#4965=ORIENTED_EDGE('',*,*,#3541,.T.);
#4966=ORIENTED_EDGE('',*,*,#3542,.F.);
#4967=ORIENTED_EDGE('',*,*,#3168,.F.);
#4968=ORIENTED_EDGE('',*,*,#3543,.T.);
#4969=ORIENTED_EDGE('',*,*,#3544,.T.);
#4970=ORIENTED_EDGE('',*,*,#3540,.F.);
#4971=ORIENTED_EDGE('',*,*,#3167,.F.);
#4972=ORIENTED_EDGE('',*,*,#3545,.T.);
#4973=ORIENTED_EDGE('',*,*,#3546,.T.);
#4974=ORIENTED_EDGE('',*,*,#3543,.F.);
#4975=ORIENTED_EDGE('',*,*,#3166,.F.);
#4976=ORIENTED_EDGE('',*,*,#3547,.T.);
#4977=ORIENTED_EDGE('',*,*,#3548,.T.);
#4978=ORIENTED_EDGE('',*,*,#3545,.F.);
#4979=ORIENTED_EDGE('',*,*,#3165,.F.);
#4980=ORIENTED_EDGE('',*,*,#3549,.T.);
#4981=ORIENTED_EDGE('',*,*,#3550,.T.);
#4982=ORIENTED_EDGE('',*,*,#3547,.F.);
#4983=ORIENTED_EDGE('',*,*,#3164,.F.);
#4984=ORIENTED_EDGE('',*,*,#3551,.T.);
#4985=ORIENTED_EDGE('',*,*,#3552,.T.);
#4986=ORIENTED_EDGE('',*,*,#3549,.F.);
#4987=ORIENTED_EDGE('',*,*,#3163,.F.);
#4988=ORIENTED_EDGE('',*,*,#3553,.T.);
#4989=ORIENTED_EDGE('',*,*,#3554,.T.);
#4990=ORIENTED_EDGE('',*,*,#3551,.F.);
#4991=ORIENTED_EDGE('',*,*,#3162,.F.);
#4992=ORIENTED_EDGE('',*,*,#3555,.T.);
#4993=ORIENTED_EDGE('',*,*,#3556,.T.);
#4994=ORIENTED_EDGE('',*,*,#3553,.F.);
#4995=ORIENTED_EDGE('',*,*,#3161,.F.);
#4996=ORIENTED_EDGE('',*,*,#3557,.T.);
#4997=ORIENTED_EDGE('',*,*,#3558,.T.);
#4998=ORIENTED_EDGE('',*,*,#3555,.F.);
#4999=ORIENTED_EDGE('',*,*,#3160,.F.);
#5000=ORIENTED_EDGE('',*,*,#3559,.T.);
#5001=ORIENTED_EDGE('',*,*,#3560,.T.);
#5002=ORIENTED_EDGE('',*,*,#3557,.F.);
#5003=ORIENTED_EDGE('',*,*,#3159,.F.);
#5004=ORIENTED_EDGE('',*,*,#3561,.T.);
#5005=ORIENTED_EDGE('',*,*,#3562,.T.);
#5006=ORIENTED_EDGE('',*,*,#3559,.F.);
#5007=ORIENTED_EDGE('',*,*,#3158,.F.);
#5008=ORIENTED_EDGE('',*,*,#3563,.T.);
#5009=ORIENTED_EDGE('',*,*,#3564,.T.);
#5010=ORIENTED_EDGE('',*,*,#3561,.F.);
#5011=ORIENTED_EDGE('',*,*,#3157,.F.);
#5012=ORIENTED_EDGE('',*,*,#3565,.T.);
#5013=ORIENTED_EDGE('',*,*,#3566,.T.);
#5014=ORIENTED_EDGE('',*,*,#3563,.F.);
#5015=ORIENTED_EDGE('',*,*,#3156,.F.);
#5016=ORIENTED_EDGE('',*,*,#3567,.T.);
#5017=ORIENTED_EDGE('',*,*,#3568,.T.);
#5018=ORIENTED_EDGE('',*,*,#3565,.F.);
#5019=ORIENTED_EDGE('',*,*,#3155,.F.);
#5020=ORIENTED_EDGE('',*,*,#3569,.T.);
#5021=ORIENTED_EDGE('',*,*,#3570,.T.);
#5022=ORIENTED_EDGE('',*,*,#3567,.F.);
#5023=ORIENTED_EDGE('',*,*,#3154,.F.);
#5024=ORIENTED_EDGE('',*,*,#3571,.T.);
#5025=ORIENTED_EDGE('',*,*,#3572,.T.);
#5026=ORIENTED_EDGE('',*,*,#3569,.F.);
#5027=ORIENTED_EDGE('',*,*,#3153,.F.);
#5028=ORIENTED_EDGE('',*,*,#3573,.T.);
#5029=ORIENTED_EDGE('',*,*,#3574,.T.);
#5030=ORIENTED_EDGE('',*,*,#3571,.F.);
#5031=ORIENTED_EDGE('',*,*,#3152,.F.);
#5032=ORIENTED_EDGE('',*,*,#3575,.T.);
#5033=ORIENTED_EDGE('',*,*,#3576,.T.);
#5034=ORIENTED_EDGE('',*,*,#3573,.F.);
#5035=ORIENTED_EDGE('',*,*,#3151,.F.);
#5036=ORIENTED_EDGE('',*,*,#3542,.T.);
#5037=ORIENTED_EDGE('',*,*,#3577,.T.);
#5038=ORIENTED_EDGE('',*,*,#3575,.F.);
#5039=ORIENTED_EDGE('',*,*,#3577,.F.);
#5040=ORIENTED_EDGE('',*,*,#3541,.F.);
#5041=ORIENTED_EDGE('',*,*,#3544,.F.);
#5042=ORIENTED_EDGE('',*,*,#3546,.F.);
#5043=ORIENTED_EDGE('',*,*,#3548,.F.);
#5044=ORIENTED_EDGE('',*,*,#3550,.F.);
#5045=ORIENTED_EDGE('',*,*,#3552,.F.);
#5046=ORIENTED_EDGE('',*,*,#3554,.F.);
#5047=ORIENTED_EDGE('',*,*,#3556,.F.);
#5048=ORIENTED_EDGE('',*,*,#3558,.F.);
#5049=ORIENTED_EDGE('',*,*,#3560,.F.);
#5050=ORIENTED_EDGE('',*,*,#3562,.F.);
#5051=ORIENTED_EDGE('',*,*,#3564,.F.);
#5052=ORIENTED_EDGE('',*,*,#3566,.F.);
#5053=ORIENTED_EDGE('',*,*,#3568,.F.);
#5054=ORIENTED_EDGE('',*,*,#3570,.F.);
#5055=ORIENTED_EDGE('',*,*,#3572,.F.);
#5056=ORIENTED_EDGE('',*,*,#3574,.F.);
#5057=ORIENTED_EDGE('',*,*,#3576,.F.);
#5058=ORIENTED_EDGE('',*,*,#3578,.F.);
#5059=ORIENTED_EDGE('',*,*,#3579,.T.);
#5060=ORIENTED_EDGE('',*,*,#3580,.T.);
#5061=ORIENTED_EDGE('',*,*,#3581,.F.);
#5062=ORIENTED_EDGE('',*,*,#3582,.F.);
#5063=ORIENTED_EDGE('',*,*,#3583,.T.);
#5064=ORIENTED_EDGE('',*,*,#3584,.T.);
#5065=ORIENTED_EDGE('',*,*,#3579,.F.);
#5066=ORIENTED_EDGE('',*,*,#3585,.F.);
#5067=ORIENTED_EDGE('',*,*,#3586,.T.);
#5068=ORIENTED_EDGE('',*,*,#3587,.T.);
#5069=ORIENTED_EDGE('',*,*,#3583,.F.);
#5070=ORIENTED_EDGE('',*,*,#3588,.F.);
#5071=ORIENTED_EDGE('',*,*,#3589,.T.);
#5072=ORIENTED_EDGE('',*,*,#3590,.T.);
#5073=ORIENTED_EDGE('',*,*,#3586,.F.);
#5074=ORIENTED_EDGE('',*,*,#3591,.F.);
#5075=ORIENTED_EDGE('',*,*,#3592,.T.);
#5076=ORIENTED_EDGE('',*,*,#3593,.T.);
#5077=ORIENTED_EDGE('',*,*,#3589,.F.);
#5078=ORIENTED_EDGE('',*,*,#3594,.F.);
#5079=ORIENTED_EDGE('',*,*,#3595,.T.);
#5080=ORIENTED_EDGE('',*,*,#3596,.T.);
#5081=ORIENTED_EDGE('',*,*,#3592,.F.);
#5082=ORIENTED_EDGE('',*,*,#3597,.F.);
#5083=ORIENTED_EDGE('',*,*,#3598,.T.);
#5084=ORIENTED_EDGE('',*,*,#3599,.T.);
#5085=ORIENTED_EDGE('',*,*,#3595,.F.);
#5086=ORIENTED_EDGE('',*,*,#3600,.F.);
#5087=ORIENTED_EDGE('',*,*,#3601,.T.);
#5088=ORIENTED_EDGE('',*,*,#3602,.T.);
#5089=ORIENTED_EDGE('',*,*,#3598,.F.);
#5090=ORIENTED_EDGE('',*,*,#3603,.F.);
#5091=ORIENTED_EDGE('',*,*,#3581,.T.);
#5092=ORIENTED_EDGE('',*,*,#3604,.T.);
#5093=ORIENTED_EDGE('',*,*,#3601,.F.);
#5094=ORIENTED_EDGE('',*,*,#3169,.F.);
#5095=ORIENTED_EDGE('',*,*,#3605,.T.);
#5096=ORIENTED_EDGE('',*,*,#3606,.T.);
#5097=ORIENTED_EDGE('',*,*,#3607,.F.);
#5098=ORIENTED_EDGE('',*,*,#3181,.F.);
#5099=ORIENTED_EDGE('',*,*,#3608,.T.);
#5100=ORIENTED_EDGE('',*,*,#3609,.T.);
#5101=ORIENTED_EDGE('',*,*,#3605,.F.);
#5102=ORIENTED_EDGE('',*,*,#3180,.F.);
#5103=ORIENTED_EDGE('',*,*,#3610,.T.);
#5104=ORIENTED_EDGE('',*,*,#3611,.T.);
#5105=ORIENTED_EDGE('',*,*,#3608,.F.);
#5106=ORIENTED_EDGE('',*,*,#3179,.F.);
#5107=ORIENTED_EDGE('',*,*,#3612,.T.);
#5108=ORIENTED_EDGE('',*,*,#3613,.T.);
#5109=ORIENTED_EDGE('',*,*,#3610,.F.);
#5110=ORIENTED_EDGE('',*,*,#3178,.F.);
#5111=ORIENTED_EDGE('',*,*,#3614,.T.);
#5112=ORIENTED_EDGE('',*,*,#3615,.T.);
#5113=ORIENTED_EDGE('',*,*,#3612,.F.);
#5114=ORIENTED_EDGE('',*,*,#3177,.F.);
#5115=ORIENTED_EDGE('',*,*,#3616,.T.);
#5116=ORIENTED_EDGE('',*,*,#3617,.T.);
#5117=ORIENTED_EDGE('',*,*,#3614,.F.);
#5118=ORIENTED_EDGE('',*,*,#3176,.F.);
#5119=ORIENTED_EDGE('',*,*,#3618,.T.);
#5120=ORIENTED_EDGE('',*,*,#3619,.T.);
#5121=ORIENTED_EDGE('',*,*,#3616,.F.);
#5122=ORIENTED_EDGE('',*,*,#3175,.F.);
#5123=ORIENTED_EDGE('',*,*,#3620,.T.);
#5124=ORIENTED_EDGE('',*,*,#3621,.T.);
#5125=ORIENTED_EDGE('',*,*,#3618,.F.);
#5126=ORIENTED_EDGE('',*,*,#3174,.F.);
#5127=ORIENTED_EDGE('',*,*,#3622,.T.);
#5128=ORIENTED_EDGE('',*,*,#3623,.T.);
#5129=ORIENTED_EDGE('',*,*,#3620,.F.);
#5130=ORIENTED_EDGE('',*,*,#3173,.F.);
#5131=ORIENTED_EDGE('',*,*,#3624,.T.);
#5132=ORIENTED_EDGE('',*,*,#3625,.T.);
#5133=ORIENTED_EDGE('',*,*,#3622,.F.);
#5134=ORIENTED_EDGE('',*,*,#3172,.F.);
#5135=ORIENTED_EDGE('',*,*,#3626,.T.);
#5136=ORIENTED_EDGE('',*,*,#3627,.T.);
#5137=ORIENTED_EDGE('',*,*,#3624,.F.);
#5138=ORIENTED_EDGE('',*,*,#3171,.F.);
#5139=ORIENTED_EDGE('',*,*,#3628,.T.);
#5140=ORIENTED_EDGE('',*,*,#3629,.T.);
#5141=ORIENTED_EDGE('',*,*,#3626,.F.);
#5142=ORIENTED_EDGE('',*,*,#3170,.F.);
#5143=ORIENTED_EDGE('',*,*,#3607,.T.);
#5144=ORIENTED_EDGE('',*,*,#3630,.T.);
#5145=ORIENTED_EDGE('',*,*,#3628,.F.);
#5146=ORIENTED_EDGE('',*,*,#3630,.F.);
#5147=ORIENTED_EDGE('',*,*,#3606,.F.);
#5148=ORIENTED_EDGE('',*,*,#3609,.F.);
#5149=ORIENTED_EDGE('',*,*,#3611,.F.);
#5150=ORIENTED_EDGE('',*,*,#3613,.F.);
#5151=ORIENTED_EDGE('',*,*,#3615,.F.);
#5152=ORIENTED_EDGE('',*,*,#3617,.F.);
#5153=ORIENTED_EDGE('',*,*,#3619,.F.);
#5154=ORIENTED_EDGE('',*,*,#3621,.F.);
#5155=ORIENTED_EDGE('',*,*,#3623,.F.);
#5156=ORIENTED_EDGE('',*,*,#3625,.F.);
#5157=ORIENTED_EDGE('',*,*,#3627,.F.);
#5158=ORIENTED_EDGE('',*,*,#3629,.F.);
#5159=ORIENTED_EDGE('',*,*,#3604,.F.);
#5160=ORIENTED_EDGE('',*,*,#3580,.F.);
#5161=ORIENTED_EDGE('',*,*,#3584,.F.);
#5162=ORIENTED_EDGE('',*,*,#3587,.F.);
#5163=ORIENTED_EDGE('',*,*,#3590,.F.);
#5164=ORIENTED_EDGE('',*,*,#3593,.F.);
#5165=ORIENTED_EDGE('',*,*,#3596,.F.);
#5166=ORIENTED_EDGE('',*,*,#3599,.F.);
#5167=ORIENTED_EDGE('',*,*,#3602,.F.);
#5168=ORIENTED_EDGE('',*,*,#3631,.F.);
#5169=ORIENTED_EDGE('',*,*,#3632,.T.);
#5170=ORIENTED_EDGE('',*,*,#3633,.T.);
#5171=ORIENTED_EDGE('',*,*,#3634,.F.);
#5172=ORIENTED_EDGE('',*,*,#3635,.F.);
#5173=ORIENTED_EDGE('',*,*,#3636,.T.);
#5174=ORIENTED_EDGE('',*,*,#3637,.T.);
#5175=ORIENTED_EDGE('',*,*,#3632,.F.);
#5176=ORIENTED_EDGE('',*,*,#3638,.F.);
#5177=ORIENTED_EDGE('',*,*,#3639,.T.);
#5178=ORIENTED_EDGE('',*,*,#3640,.T.);
#5179=ORIENTED_EDGE('',*,*,#3636,.F.);
#5180=ORIENTED_EDGE('',*,*,#3641,.F.);
#5181=ORIENTED_EDGE('',*,*,#3642,.T.);
#5182=ORIENTED_EDGE('',*,*,#3643,.T.);
#5183=ORIENTED_EDGE('',*,*,#3639,.F.);
#5184=ORIENTED_EDGE('',*,*,#3644,.F.);
#5185=ORIENTED_EDGE('',*,*,#3634,.T.);
#5186=ORIENTED_EDGE('',*,*,#3645,.T.);
#5187=ORIENTED_EDGE('',*,*,#3642,.F.);
#5188=ORIENTED_EDGE('',*,*,#3182,.F.);
#5189=ORIENTED_EDGE('',*,*,#3646,.T.);
#5190=ORIENTED_EDGE('',*,*,#3647,.T.);
#5191=ORIENTED_EDGE('',*,*,#3648,.F.);
#5192=ORIENTED_EDGE('',*,*,#3196,.F.);
#5193=ORIENTED_EDGE('',*,*,#3649,.T.);
#5194=ORIENTED_EDGE('',*,*,#3650,.T.);
#5195=ORIENTED_EDGE('',*,*,#3646,.F.);
#5196=ORIENTED_EDGE('',*,*,#3195,.F.);
#5197=ORIENTED_EDGE('',*,*,#3651,.T.);
#5198=ORIENTED_EDGE('',*,*,#3652,.T.);
#5199=ORIENTED_EDGE('',*,*,#3649,.F.);
#5200=ORIENTED_EDGE('',*,*,#3194,.F.);
#5201=ORIENTED_EDGE('',*,*,#3653,.T.);
#5202=ORIENTED_EDGE('',*,*,#3654,.T.);
#5203=ORIENTED_EDGE('',*,*,#3651,.F.);
#5204=ORIENTED_EDGE('',*,*,#3193,.F.);
#5205=ORIENTED_EDGE('',*,*,#3655,.T.);
#5206=ORIENTED_EDGE('',*,*,#3656,.T.);
#5207=ORIENTED_EDGE('',*,*,#3653,.F.);
#5208=ORIENTED_EDGE('',*,*,#3192,.F.);
#5209=ORIENTED_EDGE('',*,*,#3657,.T.);
#5210=ORIENTED_EDGE('',*,*,#3658,.T.);
#5211=ORIENTED_EDGE('',*,*,#3655,.F.);
#5212=ORIENTED_EDGE('',*,*,#3191,.F.);
#5213=ORIENTED_EDGE('',*,*,#3659,.T.);
#5214=ORIENTED_EDGE('',*,*,#3660,.T.);
#5215=ORIENTED_EDGE('',*,*,#3657,.F.);
#5216=ORIENTED_EDGE('',*,*,#3190,.F.);
#5217=ORIENTED_EDGE('',*,*,#3661,.T.);
#5218=ORIENTED_EDGE('',*,*,#3662,.T.);
#5219=ORIENTED_EDGE('',*,*,#3659,.F.);
#5220=ORIENTED_EDGE('',*,*,#3189,.F.);
#5221=ORIENTED_EDGE('',*,*,#3663,.T.);
#5222=ORIENTED_EDGE('',*,*,#3664,.T.);
#5223=ORIENTED_EDGE('',*,*,#3661,.F.);
#5224=ORIENTED_EDGE('',*,*,#3188,.F.);
#5225=ORIENTED_EDGE('',*,*,#3665,.T.);
#5226=ORIENTED_EDGE('',*,*,#3666,.T.);
#5227=ORIENTED_EDGE('',*,*,#3663,.F.);
#5228=ORIENTED_EDGE('',*,*,#3187,.F.);
#5229=ORIENTED_EDGE('',*,*,#3667,.T.);
#5230=ORIENTED_EDGE('',*,*,#3668,.T.);
#5231=ORIENTED_EDGE('',*,*,#3665,.F.);
#5232=ORIENTED_EDGE('',*,*,#3186,.F.);
#5233=ORIENTED_EDGE('',*,*,#3669,.T.);
#5234=ORIENTED_EDGE('',*,*,#3670,.T.);
#5235=ORIENTED_EDGE('',*,*,#3667,.F.);
#5236=ORIENTED_EDGE('',*,*,#3185,.F.);
#5237=ORIENTED_EDGE('',*,*,#3671,.T.);
#5238=ORIENTED_EDGE('',*,*,#3672,.T.);
#5239=ORIENTED_EDGE('',*,*,#3669,.F.);
#5240=ORIENTED_EDGE('',*,*,#3184,.F.);
#5241=ORIENTED_EDGE('',*,*,#3673,.T.);
#5242=ORIENTED_EDGE('',*,*,#3674,.T.);
#5243=ORIENTED_EDGE('',*,*,#3671,.F.);
#5244=ORIENTED_EDGE('',*,*,#3183,.F.);
#5245=ORIENTED_EDGE('',*,*,#3648,.T.);
#5246=ORIENTED_EDGE('',*,*,#3675,.T.);
#5247=ORIENTED_EDGE('',*,*,#3673,.F.);
#5248=ORIENTED_EDGE('',*,*,#3675,.F.);
#5249=ORIENTED_EDGE('',*,*,#3647,.F.);
#5250=ORIENTED_EDGE('',*,*,#3650,.F.);
#5251=ORIENTED_EDGE('',*,*,#3652,.F.);
#5252=ORIENTED_EDGE('',*,*,#3654,.F.);
#5253=ORIENTED_EDGE('',*,*,#3656,.F.);
#5254=ORIENTED_EDGE('',*,*,#3658,.F.);
#5255=ORIENTED_EDGE('',*,*,#3660,.F.);
#5256=ORIENTED_EDGE('',*,*,#3662,.F.);
#5257=ORIENTED_EDGE('',*,*,#3664,.F.);
#5258=ORIENTED_EDGE('',*,*,#3666,.F.);
#5259=ORIENTED_EDGE('',*,*,#3668,.F.);
#5260=ORIENTED_EDGE('',*,*,#3670,.F.);
#5261=ORIENTED_EDGE('',*,*,#3672,.F.);
#5262=ORIENTED_EDGE('',*,*,#3674,.F.);
#5263=ORIENTED_EDGE('',*,*,#3645,.F.);
#5264=ORIENTED_EDGE('',*,*,#3633,.F.);
#5265=ORIENTED_EDGE('',*,*,#3637,.F.);
#5266=ORIENTED_EDGE('',*,*,#3640,.F.);
#5267=ORIENTED_EDGE('',*,*,#3643,.F.);
#5268=ORIENTED_EDGE('',*,*,#3197,.F.);
#5269=ORIENTED_EDGE('',*,*,#3676,.T.);
#5270=ORIENTED_EDGE('',*,*,#3677,.T.);
#5271=ORIENTED_EDGE('',*,*,#3678,.F.);
#5272=ORIENTED_EDGE('',*,*,#3215,.F.);
#5273=ORIENTED_EDGE('',*,*,#3679,.T.);
#5274=ORIENTED_EDGE('',*,*,#3680,.T.);
#5275=ORIENTED_EDGE('',*,*,#3676,.F.);
#5276=ORIENTED_EDGE('',*,*,#3214,.F.);
#5277=ORIENTED_EDGE('',*,*,#3681,.T.);
#5278=ORIENTED_EDGE('',*,*,#3682,.T.);
#5279=ORIENTED_EDGE('',*,*,#3679,.F.);
#5280=ORIENTED_EDGE('',*,*,#3213,.F.);
#5281=ORIENTED_EDGE('',*,*,#3683,.T.);
#5282=ORIENTED_EDGE('',*,*,#3684,.T.);
#5283=ORIENTED_EDGE('',*,*,#3681,.F.);
#5284=ORIENTED_EDGE('',*,*,#3212,.F.);
#5285=ORIENTED_EDGE('',*,*,#3685,.T.);
#5286=ORIENTED_EDGE('',*,*,#3686,.T.);
#5287=ORIENTED_EDGE('',*,*,#3683,.F.);
#5288=ORIENTED_EDGE('',*,*,#3211,.F.);
#5289=ORIENTED_EDGE('',*,*,#3687,.T.);
#5290=ORIENTED_EDGE('',*,*,#3688,.T.);
#5291=ORIENTED_EDGE('',*,*,#3685,.F.);
#5292=ORIENTED_EDGE('',*,*,#3210,.F.);
#5293=ORIENTED_EDGE('',*,*,#3689,.T.);
#5294=ORIENTED_EDGE('',*,*,#3690,.T.);
#5295=ORIENTED_EDGE('',*,*,#3687,.F.);
#5296=ORIENTED_EDGE('',*,*,#3209,.F.);
#5297=ORIENTED_EDGE('',*,*,#3691,.T.);
#5298=ORIENTED_EDGE('',*,*,#3692,.T.);
#5299=ORIENTED_EDGE('',*,*,#3689,.F.);
#5300=ORIENTED_EDGE('',*,*,#3208,.F.);
#5301=ORIENTED_EDGE('',*,*,#3693,.T.);
#5302=ORIENTED_EDGE('',*,*,#3694,.T.);
#5303=ORIENTED_EDGE('',*,*,#3691,.F.);
#5304=ORIENTED_EDGE('',*,*,#3207,.F.);
#5305=ORIENTED_EDGE('',*,*,#3695,.T.);
#5306=ORIENTED_EDGE('',*,*,#3696,.T.);
#5307=ORIENTED_EDGE('',*,*,#3693,.F.);
#5308=ORIENTED_EDGE('',*,*,#3206,.F.);
#5309=ORIENTED_EDGE('',*,*,#3697,.T.);
#5310=ORIENTED_EDGE('',*,*,#3698,.T.);
#5311=ORIENTED_EDGE('',*,*,#3695,.F.);
#5312=ORIENTED_EDGE('',*,*,#3205,.F.);
#5313=ORIENTED_EDGE('',*,*,#3699,.T.);
#5314=ORIENTED_EDGE('',*,*,#3700,.T.);
#5315=ORIENTED_EDGE('',*,*,#3697,.F.);
#5316=ORIENTED_EDGE('',*,*,#3204,.F.);
#5317=ORIENTED_EDGE('',*,*,#3701,.T.);
#5318=ORIENTED_EDGE('',*,*,#3702,.T.);
#5319=ORIENTED_EDGE('',*,*,#3699,.F.);
#5320=ORIENTED_EDGE('',*,*,#3203,.F.);
#5321=ORIENTED_EDGE('',*,*,#3703,.T.);
#5322=ORIENTED_EDGE('',*,*,#3704,.T.);
#5323=ORIENTED_EDGE('',*,*,#3701,.F.);
#5324=ORIENTED_EDGE('',*,*,#3202,.F.);
#5325=ORIENTED_EDGE('',*,*,#3705,.T.);
#5326=ORIENTED_EDGE('',*,*,#3706,.T.);
#5327=ORIENTED_EDGE('',*,*,#3703,.F.);
#5328=ORIENTED_EDGE('',*,*,#3201,.F.);
#5329=ORIENTED_EDGE('',*,*,#3707,.T.);
#5330=ORIENTED_EDGE('',*,*,#3708,.T.);
#5331=ORIENTED_EDGE('',*,*,#3705,.F.);
#5332=ORIENTED_EDGE('',*,*,#3200,.F.);
#5333=ORIENTED_EDGE('',*,*,#3709,.T.);
#5334=ORIENTED_EDGE('',*,*,#3710,.T.);
#5335=ORIENTED_EDGE('',*,*,#3707,.F.);
#5336=ORIENTED_EDGE('',*,*,#3199,.F.);
#5337=ORIENTED_EDGE('',*,*,#3711,.T.);
#5338=ORIENTED_EDGE('',*,*,#3712,.T.);
#5339=ORIENTED_EDGE('',*,*,#3709,.F.);
#5340=ORIENTED_EDGE('',*,*,#3198,.F.);
#5341=ORIENTED_EDGE('',*,*,#3678,.T.);
#5342=ORIENTED_EDGE('',*,*,#3713,.T.);
#5343=ORIENTED_EDGE('',*,*,#3711,.F.);
#5344=ORIENTED_EDGE('',*,*,#3713,.F.);
#5345=ORIENTED_EDGE('',*,*,#3677,.F.);
#5346=ORIENTED_EDGE('',*,*,#3680,.F.);
#5347=ORIENTED_EDGE('',*,*,#3682,.F.);
#5348=ORIENTED_EDGE('',*,*,#3684,.F.);
#5349=ORIENTED_EDGE('',*,*,#3686,.F.);
#5350=ORIENTED_EDGE('',*,*,#3688,.F.);
#5351=ORIENTED_EDGE('',*,*,#3690,.F.);
#5352=ORIENTED_EDGE('',*,*,#3692,.F.);
#5353=ORIENTED_EDGE('',*,*,#3694,.F.);
#5354=ORIENTED_EDGE('',*,*,#3696,.F.);
#5355=ORIENTED_EDGE('',*,*,#3698,.F.);
#5356=ORIENTED_EDGE('',*,*,#3700,.F.);
#5357=ORIENTED_EDGE('',*,*,#3702,.F.);
#5358=ORIENTED_EDGE('',*,*,#3704,.F.);
#5359=ORIENTED_EDGE('',*,*,#3706,.F.);
#5360=ORIENTED_EDGE('',*,*,#3708,.F.);
#5361=ORIENTED_EDGE('',*,*,#3710,.F.);
#5362=ORIENTED_EDGE('',*,*,#3712,.F.);
#5363=ORIENTED_EDGE('',*,*,#3631,.T.);
#5364=ORIENTED_EDGE('',*,*,#3644,.T.);
#5365=ORIENTED_EDGE('',*,*,#3641,.T.);
#5366=ORIENTED_EDGE('',*,*,#3638,.T.);
#5367=ORIENTED_EDGE('',*,*,#3635,.T.);
#5368=ORIENTED_EDGE('',*,*,#3578,.T.);
#5369=ORIENTED_EDGE('',*,*,#3603,.T.);
#5370=ORIENTED_EDGE('',*,*,#3600,.T.);
#5371=ORIENTED_EDGE('',*,*,#3597,.T.);
#5372=ORIENTED_EDGE('',*,*,#3594,.T.);
#5373=ORIENTED_EDGE('',*,*,#3591,.T.);
#5374=ORIENTED_EDGE('',*,*,#3588,.T.);
#5375=ORIENTED_EDGE('',*,*,#3585,.T.);
#5376=ORIENTED_EDGE('',*,*,#3582,.T.);
#5377=ORIENTED_EDGE('',*,*,#3495,.T.);
#5378=ORIENTED_EDGE('',*,*,#3508,.T.);
#5379=ORIENTED_EDGE('',*,*,#3505,.T.);
#5380=ORIENTED_EDGE('',*,*,#3502,.T.);
#5381=ORIENTED_EDGE('',*,*,#3499,.T.);
#5382=ORIENTED_EDGE('',*,*,#3410,.T.);
#5383=ORIENTED_EDGE('',*,*,#3423,.T.);
#5384=ORIENTED_EDGE('',*,*,#3420,.T.);
#5385=ORIENTED_EDGE('',*,*,#3417,.T.);
#5386=ORIENTED_EDGE('',*,*,#3414,.T.);
#5387=ORIENTED_EDGE('',*,*,#3338,.T.);
#5388=ORIENTED_EDGE('',*,*,#3360,.T.);
#5389=ORIENTED_EDGE('',*,*,#3357,.T.);
#5390=ORIENTED_EDGE('',*,*,#3354,.T.);
#5391=ORIENTED_EDGE('',*,*,#3351,.T.);
#5392=ORIENTED_EDGE('',*,*,#3348,.T.);
#5393=ORIENTED_EDGE('',*,*,#3345,.T.);
#5394=ORIENTED_EDGE('',*,*,#3342,.T.);
#5395=ORIENTED_EDGE('',*,*,#3231,.F.);
#5396=ORIENTED_EDGE('',*,*,#3220,.F.);
#5397=ORIENTED_EDGE('',*,*,#3046,.T.);
#5398=ORIENTED_EDGE('',*,*,#3714,.T.);
#5399=ORIENTED_EDGE('',*,*,#3260,.F.);
#5400=ORIENTED_EDGE('',*,*,#3258,.F.);
#5401=ORIENTED_EDGE('',*,*,#3245,.F.);
#5402=ORIENTED_EDGE('',*,*,#3715,.T.);
#5403=ORIENTED_EDGE('',*,*,#3716,.T.);
#5404=ORIENTED_EDGE('',*,*,#3717,.T.);
#5405=ORIENTED_EDGE('',*,*,#3262,.T.);
#5406=ORIENTED_EDGE('',*,*,#3716,.F.);
#5407=ORIENTED_EDGE('',*,*,#3718,.F.);
#5408=ORIENTED_EDGE('',*,*,#3044,.F.);
#5409=ORIENTED_EDGE('',*,*,#3719,.F.);
#5410=ORIENTED_EDGE('',*,*,#3248,.F.);
#5411=ORIENTED_EDGE('',*,*,#3257,.F.);
#5412=ORIENTED_EDGE('',*,*,#3255,.F.);
#5413=ORIENTED_EDGE('',*,*,#3720,.F.);
#5414=ORIENTED_EDGE('',*,*,#3721,.T.);
#5415=ORIENTED_EDGE('',*,*,#3722,.T.);
#5416=ORIENTED_EDGE('',*,*,#3723,.F.);
#5417=ORIENTED_EDGE('',*,*,#3724,.F.);
#5418=ORIENTED_EDGE('',*,*,#3725,.F.);
#5419=ORIENTED_EDGE('',*,*,#3264,.F.);
#5420=ORIENTED_EDGE('',*,*,#3726,.T.);
#5421=ORIENTED_EDGE('',*,*,#3042,.T.);
#5422=ORIENTED_EDGE('',*,*,#3049,.F.);
#5423=ORIENTED_EDGE('',*,*,#3727,.T.);
#5424=ORIENTED_EDGE('',*,*,#3037,.F.);
#5425=ORIENTED_EDGE('',*,*,#3033,.T.);
#5426=ORIENTED_EDGE('',*,*,#3227,.T.);
#5427=ORIENTED_EDGE('',*,*,#3043,.F.);
#5428=ORIENTED_EDGE('',*,*,#3726,.F.);
#5429=ORIENTED_EDGE('',*,*,#3263,.F.);
#5430=ORIENTED_EDGE('',*,*,#3717,.F.);
#5431=ORIENTED_EDGE('',*,*,#3719,.T.);
#5432=ORIENTED_EDGE('',*,*,#3045,.F.);
#5433=ORIENTED_EDGE('',*,*,#3718,.T.);
#5434=ORIENTED_EDGE('',*,*,#3715,.F.);
#5435=ORIENTED_EDGE('',*,*,#3261,.F.);
#5436=ORIENTED_EDGE('',*,*,#3714,.F.);
#5437=ORIENTED_EDGE('',*,*,#3298,.T.);
#5438=ORIENTED_EDGE('',*,*,#3320,.T.);
#5439=ORIENTED_EDGE('',*,*,#3317,.T.);
#5440=ORIENTED_EDGE('',*,*,#3314,.T.);
#5441=ORIENTED_EDGE('',*,*,#3311,.T.);
#5442=ORIENTED_EDGE('',*,*,#3308,.T.);
#5443=ORIENTED_EDGE('',*,*,#3305,.T.);
#5444=ORIENTED_EDGE('',*,*,#3302,.T.);
#5445=ORIENTED_EDGE('',*,*,#3050,.T.);
#5446=ORIENTED_EDGE('',*,*,#3038,.F.);
#5447=ORIENTED_EDGE('',*,*,#3727,.F.);
#5448=ORIENTED_EDGE('',*,*,#3048,.F.);
#5449=ORIENTED_EDGE('',*,*,#3254,.F.);
#5450=ORIENTED_EDGE('',*,*,#3253,.T.);
#5451=ORIENTED_EDGE('',*,*,#3728,.T.);
#5452=ORIENTED_EDGE('',*,*,#3720,.T.);
#5453=ORIENTED_EDGE('',*,*,#3729,.T.);
#5454=ORIENTED_EDGE('',*,*,#3730,.T.);
#5455=ORIENTED_EDGE('',*,*,#3731,.T.);
#5456=ORIENTED_EDGE('',*,*,#3251,.T.);
#5457=ORIENTED_EDGE('',*,*,#3732,.T.);
#5458=ORIENTED_EDGE('',*,*,#3723,.T.);
#5459=ORIENTED_EDGE('',*,*,#3729,.F.);
#5460=ORIENTED_EDGE('',*,*,#3265,.T.);
#5461=ORIENTED_EDGE('',*,*,#3733,.T.);
#5462=ORIENTED_EDGE('',*,*,#3734,.T.);
#5463=ORIENTED_EDGE('',*,*,#3735,.T.);
#5464=ORIENTED_EDGE('',*,*,#3250,.T.);
#5465=ORIENTED_EDGE('',*,*,#3734,.F.);
#5466=ORIENTED_EDGE('',*,*,#3736,.T.);
#5467=ORIENTED_EDGE('',*,*,#3735,.F.);
#5468=ORIENTED_EDGE('',*,*,#3737,.T.);
#5469=ORIENTED_EDGE('',*,*,#3732,.F.);
#5470=ORIENTED_EDGE('',*,*,#3738,.T.);
#5471=ORIENTED_EDGE('',*,*,#3252,.T.);
#5472=ORIENTED_EDGE('',*,*,#3731,.F.);
#5473=ORIENTED_EDGE('',*,*,#3739,.T.);
#5474=ORIENTED_EDGE('',*,*,#3738,.F.);
#5475=ORIENTED_EDGE('',*,*,#3740,.T.);
#5476=ORIENTED_EDGE('',*,*,#3728,.F.);
#5477=ORIENTED_EDGE('',*,*,#3740,.F.);
#5478=ORIENTED_EDGE('',*,*,#3741,.F.);
#5479=ORIENTED_EDGE('',*,*,#3742,.F.);
#5480=ORIENTED_EDGE('',*,*,#3743,.F.);
#5481=ORIENTED_EDGE('',*,*,#3739,.F.);
#5482=ORIENTED_EDGE('',*,*,#3744,.T.);
#5483=ORIENTED_EDGE('',*,*,#3745,.F.);
#5484=ORIENTED_EDGE('',*,*,#3741,.T.);
#5485=ORIENTED_EDGE('',*,*,#3730,.F.);
#5486=ORIENTED_EDGE('',*,*,#3746,.T.);
#5487=ORIENTED_EDGE('',*,*,#3747,.F.);
#5488=ORIENTED_EDGE('',*,*,#3744,.F.);
#5489=ORIENTED_EDGE('',*,*,#3737,.F.);
#5490=ORIENTED_EDGE('',*,*,#3748,.F.);
#5491=ORIENTED_EDGE('',*,*,#3749,.F.);
#5492=ORIENTED_EDGE('',*,*,#3750,.F.);
#5493=ORIENTED_EDGE('',*,*,#3736,.F.);
#5494=ORIENTED_EDGE('',*,*,#3751,.F.);
#5495=ORIENTED_EDGE('',*,*,#3752,.F.);
#5496=ORIENTED_EDGE('',*,*,#3748,.T.);
#5497=ORIENTED_EDGE('',*,*,#3733,.F.);
#5498=ORIENTED_EDGE('',*,*,#3753,.T.);
#5499=ORIENTED_EDGE('',*,*,#3754,.F.);
#5500=ORIENTED_EDGE('',*,*,#3751,.T.);
#5501=ORIENTED_EDGE('',*,*,#3724,.T.);
#5502=ORIENTED_EDGE('',*,*,#3750,.T.);
#5503=ORIENTED_EDGE('',*,*,#3755,.F.);
#5504=ORIENTED_EDGE('',*,*,#3756,.F.);
#5505=ORIENTED_EDGE('',*,*,#3725,.T.);
#5506=ORIENTED_EDGE('',*,*,#3756,.T.);
#5507=ORIENTED_EDGE('',*,*,#3757,.F.);
#5508=ORIENTED_EDGE('',*,*,#3753,.F.);
#5509=ORIENTED_EDGE('',*,*,#3754,.T.);
#5510=ORIENTED_EDGE('',*,*,#3757,.T.);
#5511=ORIENTED_EDGE('',*,*,#3755,.T.);
#5512=ORIENTED_EDGE('',*,*,#3749,.T.);
#5513=ORIENTED_EDGE('',*,*,#3752,.T.);
#5514=ORIENTED_EDGE('',*,*,#3721,.F.);
#5515=ORIENTED_EDGE('',*,*,#3743,.T.);
#5516=ORIENTED_EDGE('',*,*,#3758,.F.);
#5517=ORIENTED_EDGE('',*,*,#3759,.F.);
#5518=ORIENTED_EDGE('',*,*,#3722,.F.);
#5519=ORIENTED_EDGE('',*,*,#3759,.T.);
#5520=ORIENTED_EDGE('',*,*,#3760,.F.);
#5521=ORIENTED_EDGE('',*,*,#3746,.F.);
#5522=ORIENTED_EDGE('',*,*,#3745,.T.);
#5523=ORIENTED_EDGE('',*,*,#3747,.T.);
#5524=ORIENTED_EDGE('',*,*,#3760,.T.);
#5525=ORIENTED_EDGE('',*,*,#3758,.T.);
#5526=ORIENTED_EDGE('',*,*,#3742,.T.);
#5527=PLANE('',#6012);
#5528=PLANE('',#6013);
#5529=PLANE('',#6020);
#5530=PLANE('',#6021);
#5531=PLANE('',#6039);
#5532=PLANE('',#6042);
#5533=PLANE('',#6044);
#5534=PLANE('',#6046);
#5535=PLANE('',#6047);
#5536=PLANE('',#6048);
#5537=PLANE('',#6051);
#5538=PLANE('',#6052);
#5539=PLANE('',#6056);
#5540=PLANE('',#6061);
#5541=PLANE('',#6066);
#5542=PLANE('',#6077);
#5543=PLANE('',#6079);
#5544=PLANE('',#6080);
#5545=PLANE('',#6081);
#5546=PLANE('',#6082);
#5547=PLANE('',#6085);
#5548=PLANE('',#6089);
#5549=PLANE('',#6090);
#5550=PLANE('',#6091);
#5551=PLANE('',#6092);
#5552=PLANE('',#6108);
#5553=PLANE('',#6111);
#5554=PLANE('',#6112);
#5555=PLANE('',#6119);
#5556=PLANE('',#6126);
#5557=PLANE('',#6127);
#5558=PLANE('',#6131);
#5559=PLANE('',#6135);
#5560=PLANE('',#6139);
#5561=PLANE('',#6153);
#5562=PLANE('',#6154);
#5563=PLANE('',#6155);
#5564=PLANE('',#6159);
#5565=PLANE('',#6166);
#5566=PLANE('',#6174);
#5567=PLANE('',#6175);
#5568=PLANE('',#6176);
#5569=PLANE('',#6177);
#5570=PLANE('',#6178);
#5571=PLANE('',#6179);
#5572=PLANE('',#6180);
#5573=PLANE('',#6181);
#5574=PLANE('',#6182);
#5575=PLANE('',#6183);
#5576=PLANE('',#6184);
#5577=PLANE('',#6185);
#5578=PLANE('',#6186);
#5579=PLANE('',#6187);
#5580=PLANE('',#6188);
#5581=PLANE('',#6189);
#5582=PLANE('',#6190);
#5583=PLANE('',#6191);
#5584=PLANE('',#6192);
#5585=PLANE('',#6193);
#5586=PLANE('',#6194);
#5587=PLANE('',#6195);
#5588=PLANE('',#6196);
#5589=PLANE('',#6197);
#5590=PLANE('',#6198);
#5591=PLANE('',#6199);
#5592=PLANE('',#6200);
#5593=PLANE('',#6201);
#5594=PLANE('',#6202);
#5595=PLANE('',#6203);
#5596=PLANE('',#6204);
#5597=PLANE('',#6205);
#5598=PLANE('',#6206);
#5599=PLANE('',#6207);
#5600=PLANE('',#6208);
#5601=PLANE('',#6209);
#5602=PLANE('',#6210);
#5603=PLANE('',#6211);
#5604=PLANE('',#6212);
#5605=PLANE('',#6213);
#5606=PLANE('',#6214);
#5607=PLANE('',#6215);
#5608=PLANE('',#6216);
#5609=PLANE('',#6217);
#5610=PLANE('',#6218);
#5611=PLANE('',#6219);
#5612=PLANE('',#6220);
#5613=PLANE('',#6221);
#5614=PLANE('',#6222);
#5615=PLANE('',#6223);
#5616=PLANE('',#6224);
#5617=PLANE('',#6225);
#5618=PLANE('',#6226);
#5619=PLANE('',#6227);
#5620=PLANE('',#6228);
#5621=PLANE('',#6229);
#5622=PLANE('',#6230);
#5623=PLANE('',#6231);
#5624=PLANE('',#6232);
#5625=PLANE('',#6233);
#5626=PLANE('',#6234);
#5627=PLANE('',#6235);
#5628=PLANE('',#6236);
#5629=PLANE('',#6237);
#5630=PLANE('',#6238);
#5631=PLANE('',#6239);
#5632=PLANE('',#6240);
#5633=PLANE('',#6241);
#5634=PLANE('',#6242);
#5635=PLANE('',#6243);
#5636=PLANE('',#6244);
#5637=PLANE('',#6245);
#5638=PLANE('',#6246);
#5639=PLANE('',#6247);
#5640=PLANE('',#6248);
#5641=PLANE('',#6249);
#5642=PLANE('',#6250);
#5643=PLANE('',#6251);
#5644=PLANE('',#6252);
#5645=PLANE('',#6253);
#5646=PLANE('',#6254);
#5647=PLANE('',#6255);
#5648=PLANE('',#6256);
#5649=PLANE('',#6257);
#5650=PLANE('',#6261);
#5651=PLANE('',#6262);
#5652=PLANE('',#6263);
#5653=PLANE('',#6264);
#5654=PLANE('',#6265);
#5655=PLANE('',#6266);
#5656=PLANE('',#6284);
#5657=PLANE('',#6287);
#5658=PLANE('',#6288);
#5659=PLANE('',#6291);
#5660=PLANE('',#6292);
#5661=PLANE('',#6293);
#5662=PLANE('',#6294);
#5663=PLANE('',#6295);
#5664=PLANE('',#6296);
#5665=PLANE('',#6297);
#5666=ADVANCED_FACE('',(#602),#5527,.T.);
#5667=ADVANCED_FACE('',(#603),#5528,.T.);
#5668=ADVANCED_FACE('',(#604),#561,.T.);
#5669=ADVANCED_FACE('',(#605),#562,.T.);
#5670=ADVANCED_FACE('',(#606),#5529,.T.);
#5671=ADVANCED_FACE('',(#607,#448),#5530,.T.);
#5672=ADVANCED_FACE('',(#608),#563,.T.);
#5673=ADVANCED_FACE('',(#609),#436,.T.);
#5674=ADVANCED_FACE('',(#610),#564,.T.);
#5675=ADVANCED_FACE('',(#611),#437,.T.);
#5676=ADVANCED_FACE('',(#612),#565,.T.);
#5677=ADVANCED_FACE('',(#613),#5531,.T.);
#5678=ADVANCED_FACE('',(#614),#566,.T.);
#5679=ADVANCED_FACE('',(#615),#5532,.F.);
#5680=ADVANCED_FACE('',(#616),#5533,.T.);
#5681=ADVANCED_FACE('',(#617),#567,.T.);
#5682=ADVANCED_FACE('',(#618),#5534,.T.);
#5683=ADVANCED_FACE('',(#619),#5535,.T.);
#5684=ADVANCED_FACE('',(#620),#5536,.T.);
#5685=ADVANCED_FACE('',(#621),#5537,.T.);
#5686=ADVANCED_FACE('',(#622),#5538,.T.);
#5687=ADVANCED_FACE('',(#623),#568,.F.);
#5688=ADVANCED_FACE('',(#624,#449),#5539,.F.);
#5689=ADVANCED_FACE('',(#625),#5540,.T.);
#5690=ADVANCED_FACE('',(#626),#569,.T.);
#5691=ADVANCED_FACE('',(#627),#570,.T.);
#5692=ADVANCED_FACE('',(#628),#5541,.F.);
#5693=ADVANCED_FACE('',(#629),#438,.F.);
#5694=ADVANCED_FACE('',(#630),#571,.F.);
#5695=ADVANCED_FACE('',(#631),#439,.F.);
#5696=ADVANCED_FACE('',(#632),#5542,.F.);
#5697=ADVANCED_FACE('',(#633),#5543,.T.);
#5698=ADVANCED_FACE('',(#634),#5544,.T.);
#5699=ADVANCED_FACE('',(#635),#5545,.T.);
#5700=ADVANCED_FACE('',(#636),#5546,.T.);
#5701=ADVANCED_FACE('',(#637),#572,.T.);
#5702=ADVANCED_FACE('',(#638),#5547,.F.);
#5703=ADVANCED_FACE('',(#639),#573,.T.);
#5704=ADVANCED_FACE('',(#640),#5548,.T.);
#5705=ADVANCED_FACE('',(#641),#5549,.T.);
#5706=ADVANCED_FACE('',(#642),#5550,.T.);
#5707=ADVANCED_FACE('',(#643),#5551,.T.);
#5708=ADVANCED_FACE('',(#644),#574,.F.);
#5709=ADVANCED_FACE('',(#645),#440,.F.);
#5710=ADVANCED_FACE('',(#646),#575,.F.);
#5711=ADVANCED_FACE('',(#647),#441,.F.);
#5712=ADVANCED_FACE('',(#648),#576,.F.);
#5713=ADVANCED_FACE('',(#649),#577,.F.);
#5714=ADVANCED_FACE('',(#650),#578,.F.);
#5715=ADVANCED_FACE('',(#651),#579,.F.);
#5716=ADVANCED_FACE('',(#652),#5552,.F.);
#5717=ADVANCED_FACE('',(#653),#580,.F.);
#5718=ADVANCED_FACE('',(#654),#5553,.F.);
#5719=ADVANCED_FACE('',(#655),#5554,.T.);
#5720=ADVANCED_FACE('',(#656),#155,.F.);
#5721=ADVANCED_FACE('',(#657),#581,.F.);
#5722=ADVANCED_FACE('',(#658),#5555,.T.);
#5723=ADVANCED_FACE('',(#659),#582,.T.);
#5724=ADVANCED_FACE('',(#660),#442,.T.);
#5725=ADVANCED_FACE('',(#661),#583,.T.);
#5726=ADVANCED_FACE('',(#662),#443,.T.);
#5727=ADVANCED_FACE('',(#663),#5556,.F.);
#5728=ADVANCED_FACE('',(#664),#5557,.T.);
#5729=ADVANCED_FACE('',(#665),#584,.T.);
#5730=ADVANCED_FACE('',(#666),#5558,.T.);
#5731=ADVANCED_FACE('',(#667),#585,.T.);
#5732=ADVANCED_FACE('',(#668,#450,#451,#452,#453,#454,#455,#456,#457,#458,
#459,#460,#461),#5559,.T.);
#5733=ADVANCED_FACE('',(#669),#586,.T.);
#5734=ADVANCED_FACE('',(#670),#5560,.F.);
#5735=ADVANCED_FACE('',(#671),#587,.T.);
#5736=ADVANCED_FACE('',(#672),#588,.T.);
#5737=ADVANCED_FACE('',(#673),#589,.F.);
#5738=ADVANCED_FACE('',(#674),#590,.F.);
#5739=ADVANCED_FACE('',(#675),#5561,.F.);
#5740=ADVANCED_FACE('',(#676),#5562,.F.);
#5741=ADVANCED_FACE('',(#677),#5563,.F.);
#5742=ADVANCED_FACE('',(#678),#591,.T.);
#5743=ADVANCED_FACE('',(#679),#5564,.F.);
#5744=ADVANCED_FACE('',(#680),#444,.F.);
#5745=ADVANCED_FACE('',(#681),#5565,.F.);
#5746=ADVANCED_FACE('',(#682),#445,.F.);
#5747=ADVANCED_FACE('',(#683),#592,.F.);
#5748=ADVANCED_FACE('',(#684),#13,.F.);
#5749=ADVANCED_FACE('',(#685),#14,.F.);
#5750=ADVANCED_FACE('',(#686),#15,.F.);
#5751=ADVANCED_FACE('',(#687),#16,.F.);
#5752=ADVANCED_FACE('',(#688),#5566,.F.);
#5753=ADVANCED_FACE('',(#689),#5567,.F.);
#5754=ADVANCED_FACE('',(#690),#5568,.F.);
#5755=ADVANCED_FACE('',(#691),#5569,.F.);
#5756=ADVANCED_FACE('',(#692),#5570,.F.);
#5757=ADVANCED_FACE('',(#693),#17,.F.);
#5758=ADVANCED_FACE('',(#694),#18,.F.);
#5759=ADVANCED_FACE('',(#695),#19,.F.);
#5760=ADVANCED_FACE('',(#696),#20,.F.);
#5761=ADVANCED_FACE('',(#697),#5571,.F.);
#5762=ADVANCED_FACE('',(#698),#5572,.F.);
#5763=ADVANCED_FACE('',(#699),#5573,.F.);
#5764=ADVANCED_FACE('',(#700),#5574,.T.);
#5765=ADVANCED_FACE('',(#701),#21,.F.);
#5766=ADVANCED_FACE('',(#702),#22,.F.);
#5767=ADVANCED_FACE('',(#703),#23,.F.);
#5768=ADVANCED_FACE('',(#704),#24,.F.);
#5769=ADVANCED_FACE('',(#705),#25,.F.);
#5770=ADVANCED_FACE('',(#706),#26,.F.);
#5771=ADVANCED_FACE('',(#707),#27,.F.);
#5772=ADVANCED_FACE('',(#708),#28,.F.);
#5773=ADVANCED_FACE('',(#709),#29,.F.);
#5774=ADVANCED_FACE('',(#710),#30,.F.);
#5775=ADVANCED_FACE('',(#711),#31,.F.);
#5776=ADVANCED_FACE('',(#712),#32,.F.);
#5777=ADVANCED_FACE('',(#713),#33,.F.);
#5778=ADVANCED_FACE('',(#714),#34,.F.);
#5779=ADVANCED_FACE('',(#715),#35,.F.);
#5780=ADVANCED_FACE('',(#716),#36,.F.);
#5781=ADVANCED_FACE('',(#717,#462),#5575,.T.);
#5782=ADVANCED_FACE('',(#718),#37,.F.);
#5783=ADVANCED_FACE('',(#719),#38,.F.);
#5784=ADVANCED_FACE('',(#720),#39,.F.);
#5785=ADVANCED_FACE('',(#721),#40,.F.);
#5786=ADVANCED_FACE('',(#722),#41,.F.);
#5787=ADVANCED_FACE('',(#723),#42,.F.);
#5788=ADVANCED_FACE('',(#724),#43,.F.);
#5789=ADVANCED_FACE('',(#725),#44,.F.);
#5790=ADVANCED_FACE('',(#726),#45,.F.);
#5791=ADVANCED_FACE('',(#727),#46,.F.);
#5792=ADVANCED_FACE('',(#728),#47,.F.);
#5793=ADVANCED_FACE('',(#729),#48,.F.);
#5794=ADVANCED_FACE('',(#730),#49,.F.);
#5795=ADVANCED_FACE('',(#731),#50,.F.);
#5796=ADVANCED_FACE('',(#732),#51,.F.);
#5797=ADVANCED_FACE('',(#733),#52,.F.);
#5798=ADVANCED_FACE('',(#734,#463),#5576,.T.);
#5799=ADVANCED_FACE('',(#735),#53,.F.);
#5800=ADVANCED_FACE('',(#736),#5577,.F.);
#5801=ADVANCED_FACE('',(#737),#5578,.F.);
#5802=ADVANCED_FACE('',(#738),#5579,.F.);
#5803=ADVANCED_FACE('',(#739),#5580,.F.);
#5804=ADVANCED_FACE('',(#740),#5581,.F.);
#5805=ADVANCED_FACE('',(#741),#5582,.F.);
#5806=ADVANCED_FACE('',(#742),#54,.F.);
#5807=ADVANCED_FACE('',(#743),#55,.F.);
#5808=ADVANCED_FACE('',(#744),#56,.F.);
#5809=ADVANCED_FACE('',(#745),#5583,.F.);
#5810=ADVANCED_FACE('',(#746),#57,.F.);
#5811=ADVANCED_FACE('',(#747),#5584,.T.);
#5812=ADVANCED_FACE('',(#748),#5585,.F.);
#5813=ADVANCED_FACE('',(#749),#58,.F.);
#5814=ADVANCED_FACE('',(#750),#5586,.F.);
#5815=ADVANCED_FACE('',(#751),#59,.F.);
#5816=ADVANCED_FACE('',(#752),#5587,.T.);
#5817=ADVANCED_FACE('',(#753),#60,.F.);
#5818=ADVANCED_FACE('',(#754),#61,.F.);
#5819=ADVANCED_FACE('',(#755),#62,.F.);
#5820=ADVANCED_FACE('',(#756),#63,.F.);
#5821=ADVANCED_FACE('',(#757),#5588,.F.);
#5822=ADVANCED_FACE('',(#758),#64,.F.);
#5823=ADVANCED_FACE('',(#759),#65,.F.);
#5824=ADVANCED_FACE('',(#760),#66,.F.);
#5825=ADVANCED_FACE('',(#761),#67,.F.);
#5826=ADVANCED_FACE('',(#762),#68,.F.);
#5827=ADVANCED_FACE('',(#763),#69,.F.);
#5828=ADVANCED_FACE('',(#764),#70,.F.);
#5829=ADVANCED_FACE('',(#765),#71,.F.);
#5830=ADVANCED_FACE('',(#766),#5589,.F.);
#5831=ADVANCED_FACE('',(#767),#72,.F.);
#5832=ADVANCED_FACE('',(#768),#73,.F.);
#5833=ADVANCED_FACE('',(#769),#74,.F.);
#5834=ADVANCED_FACE('',(#770),#75,.F.);
#5835=ADVANCED_FACE('',(#771),#5590,.F.);
#5836=ADVANCED_FACE('',(#772),#76,.F.);
#5837=ADVANCED_FACE('',(#773,#464),#5591,.T.);
#5838=ADVANCED_FACE('',(#774),#77,.F.);
#5839=ADVANCED_FACE('',(#775),#78,.F.);
#5840=ADVANCED_FACE('',(#776),#79,.F.);
#5841=ADVANCED_FACE('',(#777),#80,.F.);
#5842=ADVANCED_FACE('',(#778),#81,.F.);
#5843=ADVANCED_FACE('',(#779),#82,.F.);
#5844=ADVANCED_FACE('',(#780),#5592,.F.);
#5845=ADVANCED_FACE('',(#781),#5593,.F.);
#5846=ADVANCED_FACE('',(#782),#5594,.F.);
#5847=ADVANCED_FACE('',(#783),#5595,.F.);
#5848=ADVANCED_FACE('',(#784),#5596,.F.);
#5849=ADVANCED_FACE('',(#785),#5597,.F.);
#5850=ADVANCED_FACE('',(#786),#83,.F.);
#5851=ADVANCED_FACE('',(#787),#84,.F.);
#5852=ADVANCED_FACE('',(#788),#85,.F.);
#5853=ADVANCED_FACE('',(#789),#86,.F.);
#5854=ADVANCED_FACE('',(#790),#87,.F.);
#5855=ADVANCED_FACE('',(#791),#5598,.F.);
#5856=ADVANCED_FACE('',(#792),#5599,.F.);
#5857=ADVANCED_FACE('',(#793),#5600,.F.);
#5858=ADVANCED_FACE('',(#794),#5601,.T.);
#5859=ADVANCED_FACE('',(#795),#88,.F.);
#5860=ADVANCED_FACE('',(#796),#89,.F.);
#5861=ADVANCED_FACE('',(#797),#90,.F.);
#5862=ADVANCED_FACE('',(#798),#91,.F.);
#5863=ADVANCED_FACE('',(#799),#5602,.F.);
#5864=ADVANCED_FACE('',(#800),#92,.F.);
#5865=ADVANCED_FACE('',(#801),#93,.F.);
#5866=ADVANCED_FACE('',(#802),#94,.F.);
#5867=ADVANCED_FACE('',(#803),#95,.F.);
#5868=ADVANCED_FACE('',(#804),#96,.F.);
#5869=ADVANCED_FACE('',(#805),#97,.F.);
#5870=ADVANCED_FACE('',(#806),#98,.F.);
#5871=ADVANCED_FACE('',(#807),#99,.F.);
#5872=ADVANCED_FACE('',(#808),#5603,.F.);
#5873=ADVANCED_FACE('',(#809),#100,.F.);
#5874=ADVANCED_FACE('',(#810),#101,.F.);
#5875=ADVANCED_FACE('',(#811),#102,.F.);
#5876=ADVANCED_FACE('',(#812),#103,.F.);
#5877=ADVANCED_FACE('',(#813),#5604,.F.);
#5878=ADVANCED_FACE('',(#814),#104,.F.);
#5879=ADVANCED_FACE('',(#815,#465),#5605,.T.);
#5880=ADVANCED_FACE('',(#816),#105,.F.);
#5881=ADVANCED_FACE('',(#817),#106,.F.);
#5882=ADVANCED_FACE('',(#818),#107,.F.);
#5883=ADVANCED_FACE('',(#819),#5606,.F.);
#5884=ADVANCED_FACE('',(#820),#5607,.F.);
#5885=ADVANCED_FACE('',(#821),#5608,.F.);
#5886=ADVANCED_FACE('',(#822),#5609,.F.);
#5887=ADVANCED_FACE('',(#823),#5610,.F.);
#5888=ADVANCED_FACE('',(#824),#5611,.F.);
#5889=ADVANCED_FACE('',(#825),#5612,.F.);
#5890=ADVANCED_FACE('',(#826),#5613,.F.);
#5891=ADVANCED_FACE('',(#827),#5614,.F.);
#5892=ADVANCED_FACE('',(#828),#5615,.F.);
#5893=ADVANCED_FACE('',(#829),#5616,.F.);
#5894=ADVANCED_FACE('',(#830),#108,.F.);
#5895=ADVANCED_FACE('',(#831),#109,.F.);
#5896=ADVANCED_FACE('',(#832),#110,.F.);
#5897=ADVANCED_FACE('',(#833),#111,.F.);
#5898=ADVANCED_FACE('',(#834),#5617,.F.);
#5899=ADVANCED_FACE('',(#835),#5618,.T.);
#5900=ADVANCED_FACE('',(#836),#112,.F.);
#5901=ADVANCED_FACE('',(#837),#113,.F.);
#5902=ADVANCED_FACE('',(#838),#114,.F.);
#5903=ADVANCED_FACE('',(#839),#115,.F.);
#5904=ADVANCED_FACE('',(#840),#116,.F.);
#5905=ADVANCED_FACE('',(#841),#117,.F.);
#5906=ADVANCED_FACE('',(#842),#118,.F.);
#5907=ADVANCED_FACE('',(#843),#119,.F.);
#5908=ADVANCED_FACE('',(#844),#120,.F.);
#5909=ADVANCED_FACE('',(#845),#5619,.F.);
#5910=ADVANCED_FACE('',(#846),#5620,.F.);
#5911=ADVANCED_FACE('',(#847),#5621,.F.);
#5912=ADVANCED_FACE('',(#848),#121,.F.);
#5913=ADVANCED_FACE('',(#849),#122,.F.);
#5914=ADVANCED_FACE('',(#850),#123,.F.);
#5915=ADVANCED_FACE('',(#851),#124,.F.);
#5916=ADVANCED_FACE('',(#852),#125,.F.);
#5917=ADVANCED_FACE('',(#853),#126,.F.);
#5918=ADVANCED_FACE('',(#854),#5622,.F.);
#5919=ADVANCED_FACE('',(#855),#5623,.F.);
#5920=ADVANCED_FACE('',(#856),#5624,.F.);
#5921=ADVANCED_FACE('',(#857),#5625,.F.);
#5922=ADVANCED_FACE('',(#858,#466),#5626,.T.);
#5923=ADVANCED_FACE('',(#859),#127,.F.);
#5924=ADVANCED_FACE('',(#860),#128,.F.);
#5925=ADVANCED_FACE('',(#861),#129,.F.);
#5926=ADVANCED_FACE('',(#862),#130,.F.);
#5927=ADVANCED_FACE('',(#863),#5627,.F.);
#5928=ADVANCED_FACE('',(#864),#131,.F.);
#5929=ADVANCED_FACE('',(#865),#132,.F.);
#5930=ADVANCED_FACE('',(#866),#133,.F.);
#5931=ADVANCED_FACE('',(#867),#134,.F.);
#5932=ADVANCED_FACE('',(#868),#135,.F.);
#5933=ADVANCED_FACE('',(#869),#136,.F.);
#5934=ADVANCED_FACE('',(#870),#137,.F.);
#5935=ADVANCED_FACE('',(#871),#138,.F.);
#5936=ADVANCED_FACE('',(#872),#5628,.F.);
#5937=ADVANCED_FACE('',(#873),#139,.F.);
#5938=ADVANCED_FACE('',(#874),#140,.F.);
#5939=ADVANCED_FACE('',(#875),#141,.F.);
#5940=ADVANCED_FACE('',(#876),#142,.F.);
#5941=ADVANCED_FACE('',(#877),#5629,.F.);
#5942=ADVANCED_FACE('',(#878),#143,.F.);
#5943=ADVANCED_FACE('',(#879,#467),#5630,.T.);
#5944=ADVANCED_FACE('',(#880),#144,.F.);
#5945=ADVANCED_FACE('',(#881),#145,.F.);
#5946=ADVANCED_FACE('',(#882),#146,.F.);
#5947=ADVANCED_FACE('',(#883),#5631,.F.);
#5948=ADVANCED_FACE('',(#884),#5632,.F.);
#5949=ADVANCED_FACE('',(#885),#5633,.F.);
#5950=ADVANCED_FACE('',(#886),#5634,.F.);
#5951=ADVANCED_FACE('',(#887),#5635,.F.);
#5952=ADVANCED_FACE('',(#888),#5636,.F.);
#5953=ADVANCED_FACE('',(#889),#5637,.F.);
#5954=ADVANCED_FACE('',(#890),#5638,.F.);
#5955=ADVANCED_FACE('',(#891),#5639,.F.);
#5956=ADVANCED_FACE('',(#892),#5640,.F.);
#5957=ADVANCED_FACE('',(#893),#5641,.F.);
#5958=ADVANCED_FACE('',(#894),#147,.F.);
#5959=ADVANCED_FACE('',(#895),#148,.F.);
#5960=ADVANCED_FACE('',(#896),#149,.F.);
#5961=ADVANCED_FACE('',(#897),#150,.F.);
#5962=ADVANCED_FACE('',(#898),#5642,.F.);
#5963=ADVANCED_FACE('',(#899),#5643,.T.);
#5964=ADVANCED_FACE('',(#900),#5644,.T.);
#5965=ADVANCED_FACE('',(#901),#5645,.T.);
#5966=ADVANCED_FACE('',(#902),#5646,.T.);
#5967=ADVANCED_FACE('',(#903),#5647,.T.);
#5968=ADVANCED_FACE('',(#904),#5648,.T.);
#5969=ADVANCED_FACE('',(#905),#5649,.F.);
#5970=ADVANCED_FACE('',(#906),#593,.T.);
#5971=ADVANCED_FACE('',(#907),#5650,.F.);
#5972=ADVANCED_FACE('',(#908),#5651,.F.);
#5973=ADVANCED_FACE('',(#909),#5652,.F.);
#5974=ADVANCED_FACE('',(#910),#5653,.F.);
#5975=ADVANCED_FACE('',(#911),#5654,.T.);
#5976=ADVANCED_FACE('',(#912),#5655,.T.);
#5977=ADVANCED_FACE('',(#913),#594,.F.);
#5978=ADVANCED_FACE('',(#914),#595,.F.);
#5979=ADVANCED_FACE('',(#915),#596,.F.);
#5980=ADVANCED_FACE('',(#916),#597,.F.);
#5981=ADVANCED_FACE('',(#917),#446,.F.);
#5982=ADVANCED_FACE('',(#918),#598,.F.);
#5983=ADVANCED_FACE('',(#919),#447,.F.);
#5984=ADVANCED_FACE('',(#920),#599,.F.);
#5985=ADVANCED_FACE('',(#921),#5656,.T.);
#5986=ADVANCED_FACE('',(#922),#600,.T.);
#5987=ADVANCED_FACE('',(#923),#5657,.T.);
#5988=ADVANCED_FACE('',(#924),#5658,.T.);
#5989=ADVANCED_FACE('',(#925),#601,.T.);
#5990=ADVANCED_FACE('',(#926),#5659,.T.);
#5991=ADVANCED_FACE('',(#927),#5660,.T.);
#5992=ADVANCED_FACE('',(#928),#5661,.T.);
#5993=ADVANCED_FACE('',(#929),#5662,.F.);
#5994=ADVANCED_FACE('',(#930),#5663,.T.);
#5995=ADVANCED_FACE('',(#931),#5664,.T.);
#5996=ADVANCED_FACE('',(#932),#5665,.F.);
#5997=CLOSED_SHELL('',(#5666,#5667,#5668,#5669,#5670,#5671,#5672,#5673,
#5674,#5675,#5676,#5677,#5678,#5679,#5680,#5681,#5682,#5683,#5684,#5685,
#5686,#5687,#5688,#5689,#5690,#5691,#5692,#5693,#5694,#5695,#5696,#5697,
#5698,#5699,#5700,#5701,#5702,#5703,#5704,#5705,#5706,#5707,#5708,#5709,
#5710,#5711,#5712,#5713,#5714,#5715,#5716,#5717,#5718,#5719,#5720,#5721,
#5722,#5723,#5724,#5725,#5726,#5727));
#5998=CLOSED_SHELL('',(#5728,#5729,#5730,#5731,#5732,#5733,#5734,#5735,
#5736,#5737,#5738,#5739,#5740,#5741,#5742,#5743,#5744,#5745,#5746,#5747,
#5748,#5749,#5750,#5751,#5752,#5753,#5754,#5755,#5756,#5757,#5758,#5759,
#5760,#5761,#5762,#5763,#5764,#5765,#5766,#5767,#5768,#5769,#5770,#5771,
#5772,#5773,#5774,#5775,#5776,#5777,#5778,#5779,#5780,#5781,#5782,#5783,
#5784,#5785,#5786,#5787,#5788,#5789,#5790,#5791,#5792,#5793,#5794,#5795,
#5796,#5797,#5798,#5799,#5800,#5801,#5802,#5803,#5804,#5805,#5806,#5807,
#5808,#5809,#5810,#5811,#5812,#5813,#5814,#5815,#5816,#5817,#5818,#5819,
#5820,#5821,#5822,#5823,#5824,#5825,#5826,#5827,#5828,#5829,#5830,#5831,
#5832,#5833,#5834,#5835,#5836,#5837,#5838,#5839,#5840,#5841,#5842,#5843,
#5844,#5845,#5846,#5847,#5848,#5849,#5850,#5851,#5852,#5853,#5854,#5855,
#5856,#5857,#5858,#5859,#5860,#5861,#5862,#5863,#5864,#5865,#5866,#5867,
#5868,#5869,#5870,#5871,#5872,#5873,#5874,#5875,#5876,#5877,#5878,#5879,
#5880,#5881,#5882,#5883,#5884,#5885,#5886,#5887,#5888,#5889,#5890,#5891,
#5892,#5893,#5894,#5895,#5896,#5897,#5898,#5899,#5900,#5901,#5902,#5903,
#5904,#5905,#5906,#5907,#5908,#5909,#5910,#5911,#5912,#5913,#5914,#5915,
#5916,#5917,#5918,#5919,#5920,#5921,#5922,#5923,#5924,#5925,#5926,#5927,
#5928,#5929,#5930,#5931,#5932,#5933,#5934,#5935,#5936,#5937,#5938,#5939,
#5940,#5941,#5942,#5943,#5944,#5945,#5946,#5947,#5948,#5949,#5950,#5951,
#5952,#5953,#5954,#5955,#5956,#5957,#5958,#5959,#5960,#5961,#5962,#5963,
#5964,#5965,#5966,#5967,#5968,#5969,#5970,#5971,#5972,#5973,#5974,#5975,
#5976,#5977,#5978,#5979,#5980,#5981,#5982,#5983,#5984,#5985,#5986,#5987,
#5988,#5989,#5990,#5991,#5992,#5993,#5994,#5995,#5996));
#5999=DERIVED_UNIT_ELEMENT(#6001,1.);
#6000=DERIVED_UNIT_ELEMENT(#11550,-3.);
#6001=(
MASS_UNIT()
NAMED_UNIT(*)
SI_UNIT(.KILO.,.GRAM.)
);
#6002=DERIVED_UNIT((#5999,#6000));
#6003=MEASURE_REPRESENTATION_ITEM('density measure',
POSITIVE_RATIO_MEASURE(7850.),#6002);
#6004=PROPERTY_DEFINITION_REPRESENTATION(#6009,#6006);
#6005=PROPERTY_DEFINITION_REPRESENTATION(#6010,#6007);
#6006=REPRESENTATION('material name',(#6008),#11547);
#6007=REPRESENTATION('density',(#6003),#11547);
#6008=DESCRIPTIVE_REPRESENTATION_ITEM('Steel','Steel');
#6009=PROPERTY_DEFINITION('material property','material name',#11557);
#6010=PROPERTY_DEFINITION('material property','density of part',#11557);
#6011=AXIS2_PLACEMENT_3D('',#7382,#6298,#6299);
#6012=AXIS2_PLACEMENT_3D('',#7383,#6300,#6301);
#6013=AXIS2_PLACEMENT_3D('',#7392,#6306,#6307);
#6014=AXIS2_PLACEMENT_3D('',#7401,#6312,#6313);
#6015=AXIS2_PLACEMENT_3D('',#7403,#6314,#6315);
#6016=AXIS2_PLACEMENT_3D('',#7406,#6317,#6318);
#6017=AXIS2_PLACEMENT_3D('',#7407,#6319,#6320);
#6018=AXIS2_PLACEMENT_3D('',#7409,#6321,#6322);
#6019=AXIS2_PLACEMENT_3D('',#7411,#6323,#6324);
#6020=AXIS2_PLACEMENT_3D('',#7413,#6326,#6327);
#6021=AXIS2_PLACEMENT_3D('',#7416,#6330,#6331);
#6022=AXIS2_PLACEMENT_3D('',#7422,#6334,#6335);
#6023=AXIS2_PLACEMENT_3D('',#7425,#6337,#6338);
#6024=AXIS2_PLACEMENT_3D('',#7426,#6339,#6340);
#6025=AXIS2_PLACEMENT_3D('',#7429,#6341,#6342);
#6026=AXIS2_PLACEMENT_3D('',#7433,#6344,#6345);
#6027=AXIS2_PLACEMENT_3D('',#7435,#6347,#6348);
#6028=AXIS2_PLACEMENT_3D('',#7438,#6349,#6350);
#6029=AXIS2_PLACEMENT_3D('',#7439,#6351,#6352);
#6030=AXIS2_PLACEMENT_3D('',#7440,#6353,#6354);
#6031=AXIS2_PLACEMENT_3D('',#7441,#6355,#6356);
#6032=AXIS2_PLACEMENT_3D('',#7444,#6357,#6358);
#6033=AXIS2_PLACEMENT_3D('',#7447,#6361,#6362);
#6034=AXIS2_PLACEMENT_3D('',#7450,#6363,#6364);
#6035=AXIS2_PLACEMENT_3D('',#7451,#6365,#6366);
#6036=AXIS2_PLACEMENT_3D('',#7452,#6367,#6368);
#6037=AXIS2_PLACEMENT_3D('',#7453,#6369,#6370);
#6038=AXIS2_PLACEMENT_3D('',#7456,#6371,#6372);
#6039=AXIS2_PLACEMENT_3D('',#7459,#6375,#6376);
#6040=AXIS2_PLACEMENT_3D('',#7469,#6382,#6383);
#6041=AXIS2_PLACEMENT_3D('',#7473,#6385,#6386);
#6042=AXIS2_PLACEMENT_3D('',#7475,#6388,#6389);
#6043=AXIS2_PLACEMENT_3D('',#7479,#6391,#6392);
#6044=AXIS2_PLACEMENT_3D('',#7485,#6396,#6397);
#6045=AXIS2_PLACEMENT_3D('',#7487,#6399,#6400);
#6046=AXIS2_PLACEMENT_3D('',#7489,#6402,#6403);
#6047=AXIS2_PLACEMENT_3D('',#7491,#6405,#6406);
#6048=AXIS2_PLACEMENT_3D('',#7493,#6408,#6409);
#6049=AXIS2_PLACEMENT_3D('',#7497,#6411,#6412);
#6050=AXIS2_PLACEMENT_3D('',#7502,#6415,#6416);
#6051=AXIS2_PLACEMENT_3D('',#7504,#6418,#6419);
#6052=AXIS2_PLACEMENT_3D('',#7510,#6423,#6424);
#6053=AXIS2_PLACEMENT_3D('',#7514,#6427,#6428);
#6054=AXIS2_PLACEMENT_3D('',#7519,#6430,#6431);
#6055=AXIS2_PLACEMENT_3D('',#7522,#6433,#6434);
#6056=AXIS2_PLACEMENT_3D('',#7523,#6435,#6436);
#6057=AXIS2_PLACEMENT_3D('',#7527,#6438,#6439);
#6058=AXIS2_PLACEMENT_3D('',#7531,#6441,#6442);
#6059=AXIS2_PLACEMENT_3D('',#7535,#6444,#6445);
#6060=AXIS2_PLACEMENT_3D('',#7539,#6447,#6448);
#6061=AXIS2_PLACEMENT_3D('',#7541,#6450,#6451);
#6062=AXIS2_PLACEMENT_3D('',#7545,#6454,#6455);
#6063=AXIS2_PLACEMENT_3D('',#7548,#6457,#6458);
#6064=AXIS2_PLACEMENT_3D('',#7549,#6459,#6460);
#6065=AXIS2_PLACEMENT_3D('',#7551,#6461,#6462);
#6066=AXIS2_PLACEMENT_3D('',#7553,#6464,#6465);
#6067=AXIS2_PLACEMENT_3D('',#7555,#6466,#6467);
#6068=AXIS2_PLACEMENT_3D('',#7559,#6470,#6471);
#6069=AXIS2_PLACEMENT_3D('',#7560,#6472,#6473);
#6070=AXIS2_PLACEMENT_3D('',#7562,#6474,#6475);
#6071=AXIS2_PLACEMENT_3D('',#7563,#6476,#6477);
#6072=AXIS2_PLACEMENT_3D('',#7564,#6478,#6479);
#6073=AXIS2_PLACEMENT_3D('',#7567,#6481,#6482);
#6074=AXIS2_PLACEMENT_3D('',#7568,#6483,#6484);
#6075=AXIS2_PLACEMENT_3D('',#7570,#6485,#6486);
#6076=AXIS2_PLACEMENT_3D('',#7571,#6487,#6488);
#6077=AXIS2_PLACEMENT_3D('',#7572,#6489,#6490);
#6078=AXIS2_PLACEMENT_3D('',#7582,#6495,#6496);
#6079=AXIS2_PLACEMENT_3D('',#7583,#6497,#6498);
#6080=AXIS2_PLACEMENT_3D('',#7588,#6502,#6503);
#6081=AXIS2_PLACEMENT_3D('',#7592,#6506,#6507);
#6082=AXIS2_PLACEMENT_3D('',#7596,#6510,#6511);
#6083=AXIS2_PLACEMENT_3D('',#7600,#6514,#6515);
#6084=AXIS2_PLACEMENT_3D('',#7601,#6516,#6517);
#6085=AXIS2_PLACEMENT_3D('',#7602,#6518,#6519);
#6086=AXIS2_PLACEMENT_3D('',#7605,#6520,#6521);
#6087=AXIS2_PLACEMENT_3D('',#7613,#6526,#6527);
#6088=AXIS2_PLACEMENT_3D('',#7616,#6528,#6529);
#6089=AXIS2_PLACEMENT_3D('',#7619,#6532,#6533);
#6090=AXIS2_PLACEMENT_3D('',#7623,#6536,#6537);
#6091=AXIS2_PLACEMENT_3D('',#7627,#6540,#6541);
#6092=AXIS2_PLACEMENT_3D('',#7631,#6544,#6545);
#6093=AXIS2_PLACEMENT_3D('',#7633,#6547,#6548);
#6094=AXIS2_PLACEMENT_3D('',#7634,#6549,#6550);
#6095=AXIS2_PLACEMENT_3D('',#7635,#6551,#6552);
#6096=AXIS2_PLACEMENT_3D('',#7636,#6553,#6554);
#6097=AXIS2_PLACEMENT_3D('',#7637,#6555,#6556);
#6098=AXIS2_PLACEMENT_3D('',#7638,#6557,#6558);
#6099=AXIS2_PLACEMENT_3D('',#7639,#6559,#6560);
#6100=AXIS2_PLACEMENT_3D('',#7640,#6561,#6562);
#6101=AXIS2_PLACEMENT_3D('',#7641,#6563,#6564);
#6102=AXIS2_PLACEMENT_3D('',#7642,#6565,#6566);
#6103=AXIS2_PLACEMENT_3D('',#7643,#6567,#6568);
#6104=AXIS2_PLACEMENT_3D('',#7644,#6569,#6570);
#6105=AXIS2_PLACEMENT_3D('',#7645,#6571,#6572);
#6106=AXIS2_PLACEMENT_3D('',#7647,#6574,#6575);
#6107=AXIS2_PLACEMENT_3D('',#7648,#6576,#6577);
#6108=AXIS2_PLACEMENT_3D('',#7650,#6579,#6580);
#6109=AXIS2_PLACEMENT_3D('',#7656,#6584,#6585);
#6110=AXIS2_PLACEMENT_3D('',#7658,#6586,#6587);
#6111=AXIS2_PLACEMENT_3D('',#7660,#6589,#6590);
#6112=AXIS2_PLACEMENT_3D('',#7664,#6593,#6594);
#6113=AXIS2_PLACEMENT_3D('',#7670,#6597,#6598);
#6114=AXIS2_PLACEMENT_3D('',#7679,#6599,#6600);
#6115=AXIS2_PLACEMENT_3D('',#7681,#6601,#6602);
#6116=AXIS2_PLACEMENT_3D('',#7683,#6604,#6605);
#6117=AXIS2_PLACEMENT_3D('',#7685,#6606,#6607);
#6118=AXIS2_PLACEMENT_3D('',#7686,#6608,#6609);
#6119=AXIS2_PLACEMENT_3D('',#7687,#6610,#6611);
#6120=AXIS2_PLACEMENT_3D('',#7698,#6613,#6614);
#6121=AXIS2_PLACEMENT_3D('',#7699,#6615,#6616);
#6122=AXIS2_PLACEMENT_3D('',#7708,#6617,#6618);
#6123=AXIS2_PLACEMENT_3D('',#7709,#6619,#6620);
#6124=AXIS2_PLACEMENT_3D('',#7710,#6621,#6622);
#6125=AXIS2_PLACEMENT_3D('',#7719,#6623,#6624);
#6126=AXIS2_PLACEMENT_3D('',#7720,#6625,#6626);
#6127=AXIS2_PLACEMENT_3D('',#7721,#6627,#6628);
#6128=AXIS2_PLACEMENT_3D('',#7730,#6633,#6634);
#6129=AXIS2_PLACEMENT_3D('',#7732,#6635,#6636);
#6130=AXIS2_PLACEMENT_3D('',#7734,#6637,#6638);
#6131=AXIS2_PLACEMENT_3D('',#7736,#6640,#6641);
#6132=AXIS2_PLACEMENT_3D('',#7753,#6650,#6651);
#6133=AXIS2_PLACEMENT_3D('',#7755,#6652,#6653);
#6134=AXIS2_PLACEMENT_3D('',#7758,#6655,#6656);
#6135=AXIS2_PLACEMENT_3D('',#7759,#6657,#6658);
#6136=AXIS2_PLACEMENT_3D('',#8494,#6724,#6725);
#6137=AXIS2_PLACEMENT_3D('',#8497,#6726,#6727);
#6138=AXIS2_PLACEMENT_3D('',#8501,#6729,#6730);
#6139=AXIS2_PLACEMENT_3D('',#8503,#6732,#6733);
#6140=AXIS2_PLACEMENT_3D('',#8507,#6735,#6736);
#6141=AXIS2_PLACEMENT_3D('',#8509,#6737,#6738);
#6142=AXIS2_PLACEMENT_3D('',#8516,#6742,#6743);
#6143=AXIS2_PLACEMENT_3D('',#8518,#6745,#6746);
#6144=AXIS2_PLACEMENT_3D('',#8522,#6748,#6749);
#6145=AXIS2_PLACEMENT_3D('',#8524,#6751,#6752);
#6146=AXIS2_PLACEMENT_3D('',#8527,#6754,#6755);
#6147=AXIS2_PLACEMENT_3D('',#8528,#6756,#6757);
#6148=AXIS2_PLACEMENT_3D('',#8531,#6758,#6759);
#6149=AXIS2_PLACEMENT_3D('',#8535,#6761,#6762);
#6150=AXIS2_PLACEMENT_3D('',#8537,#6764,#6765);
#6151=AXIS2_PLACEMENT_3D('',#8540,#6766,#6767);
#6152=AXIS2_PLACEMENT_3D('',#8544,#6769,#6770);
#6153=AXIS2_PLACEMENT_3D('',#8546,#6772,#6773);
#6154=AXIS2_PLACEMENT_3D('',#8549,#6776,#6777);
#6155=AXIS2_PLACEMENT_3D('',#8552,#6780,#6781);
#6156=AXIS2_PLACEMENT_3D('',#8555,#6783,#6784);
#6157=AXIS2_PLACEMENT_3D('',#8556,#6785,#6786);
#6158=AXIS2_PLACEMENT_3D('',#8558,#6787,#6788);
#6159=AXIS2_PLACEMENT_3D('',#8560,#6790,#6791);
#6160=AXIS2_PLACEMENT_3D('',#8564,#6793,#6794);
#6161=AXIS2_PLACEMENT_3D('',#8568,#6796,#6797);
#6162=AXIS2_PLACEMENT_3D('',#8570,#6799,#6800);
#6163=AXIS2_PLACEMENT_3D('',#8572,#6801,#6802);
#6164=AXIS2_PLACEMENT_3D('',#8574,#6803,#6804);
#6165=AXIS2_PLACEMENT_3D('',#8575,#6805,#6806);
#6166=AXIS2_PLACEMENT_3D('',#8576,#6807,#6808);
#6167=AXIS2_PLACEMENT_3D('',#8578,#6810,#6811);
#6168=AXIS2_PLACEMENT_3D('',#8580,#6812,#6813);
#6169=AXIS2_PLACEMENT_3D('',#8581,#6814,#6815);
#6170=AXIS2_PLACEMENT_3D('',#8582,#6816,#6817);
#6171=AXIS2_PLACEMENT_3D('',#8586,#6819,#6820);
#6172=AXIS2_PLACEMENT_3D('',#8590,#6822,#6823);
#6173=AXIS2_PLACEMENT_3D('',#8593,#6825,#6826);
#6174=AXIS2_PLACEMENT_3D('',#8664,#6832,#6833);
#6175=AXIS2_PLACEMENT_3D('',#8668,#6836,#6837);
#6176=AXIS2_PLACEMENT_3D('',#8672,#6840,#6841);
#6177=AXIS2_PLACEMENT_3D('',#8676,#6844,#6845);
#6178=AXIS2_PLACEMENT_3D('',#8680,#6848,#6849);
#6179=AXIS2_PLACEMENT_3D('',#8752,#6856,#6857);
#6180=AXIS2_PLACEMENT_3D('',#8756,#6860,#6861);
#6181=AXIS2_PLACEMENT_3D('',#8760,#6864,#6865);
#6182=AXIS2_PLACEMENT_3D('',#8762,#6867,#6868);
#6183=AXIS2_PLACEMENT_3D('',#9083,#6885,#6886);
#6184=AXIS2_PLACEMENT_3D('',#9404,#6903,#6904);
#6185=AXIS2_PLACEMENT_3D('',#9424,#6907,#6908);
#6186=AXIS2_PLACEMENT_3D('',#9428,#6911,#6912);
#6187=AXIS2_PLACEMENT_3D('',#9432,#6915,#6916);
#6188=AXIS2_PLACEMENT_3D('',#9436,#6919,#6920);
#6189=AXIS2_PLACEMENT_3D('',#9440,#6923,#6924);
#6190=AXIS2_PLACEMENT_3D('',#9444,#6927,#6928);
#6191=AXIS2_PLACEMENT_3D('',#9499,#6934,#6935);
#6192=AXIS2_PLACEMENT_3D('',#9518,#6938,#6939);
#6193=AXIS2_PLACEMENT_3D('',#9519,#6940,#6941);
#6194=AXIS2_PLACEMENT_3D('',#9542,#6946,#6947);
#6195=AXIS2_PLACEMENT_3D('',#9561,#6950,#6951);
#6196=AXIS2_PLACEMENT_3D('',#9657,#6957,#6958);
#6197=AXIS2_PLACEMENT_3D('',#9798,#6970,#6971);
#6198=AXIS2_PLACEMENT_3D('',#9870,#6978,#6979);
#6199=AXIS2_PLACEMENT_3D('',#9889,#6982,#6983);
#6200=AXIS2_PLACEMENT_3D('',#9994,#6991,#6992);
#6201=AXIS2_PLACEMENT_3D('',#9998,#6995,#6996);
#6202=AXIS2_PLACEMENT_3D('',#10002,#6999,#7000);
#6203=AXIS2_PLACEMENT_3D('',#10006,#7003,#7004);
#6204=AXIS2_PLACEMENT_3D('',#10010,#7007,#7008);
#6205=AXIS2_PLACEMENT_3D('',#10014,#7011,#7012);
#6206=AXIS2_PLACEMENT_3D('',#10103,#7020,#7021);
#6207=AXIS2_PLACEMENT_3D('',#10107,#7024,#7025);
#6208=AXIS2_PLACEMENT_3D('',#10111,#7028,#7029);
#6209=AXIS2_PLACEMENT_3D('',#10113,#7031,#7032);
#6210=AXIS2_PLACEMENT_3D('',#10209,#7038,#7039);
#6211=AXIS2_PLACEMENT_3D('',#10350,#7051,#7052);
#6212=AXIS2_PLACEMENT_3D('',#10422,#7059,#7060);
#6213=AXIS2_PLACEMENT_3D('',#10441,#7063,#7064);
#6214=AXIS2_PLACEMENT_3D('',#10495,#7069,#7070);
#6215=AXIS2_PLACEMENT_3D('',#10499,#7073,#7074);
#6216=AXIS2_PLACEMENT_3D('',#10503,#7077,#7078);
#6217=AXIS2_PLACEMENT_3D('',#10507,#7081,#7082);
#6218=AXIS2_PLACEMENT_3D('',#10511,#7085,#7086);
#6219=AXIS2_PLACEMENT_3D('',#10515,#7089,#7090);
#6220=AXIS2_PLACEMENT_3D('',#10519,#7093,#7094);
#6221=AXIS2_PLACEMENT_3D('',#10523,#7097,#7098);
#6222=AXIS2_PLACEMENT_3D('',#10527,#7101,#7102);
#6223=AXIS2_PLACEMENT_3D('',#10531,#7105,#7106);
#6224=AXIS2_PLACEMENT_3D('',#10535,#7109,#7110);
#6225=AXIS2_PLACEMENT_3D('',#10607,#7117,#7118);
#6226=AXIS2_PLACEMENT_3D('',#10609,#7120,#7121);
#6227=AXIS2_PLACEMENT_3D('',#10817,#7131,#7132);
#6228=AXIS2_PLACEMENT_3D('',#10823,#7136,#7137);
#6229=AXIS2_PLACEMENT_3D('',#10827,#7140,#7141);
#6230=AXIS2_PLACEMENT_3D('',#10933,#7150,#7151);
#6231=AXIS2_PLACEMENT_3D('',#10937,#7154,#7155);
#6232=AXIS2_PLACEMENT_3D('',#10941,#7158,#7159);
#6233=AXIS2_PLACEMENT_3D('',#10945,#7162,#7163);
#6234=AXIS2_PLACEMENT_3D('',#10947,#7165,#7166);
#6235=AXIS2_PLACEMENT_3D('',#11043,#7172,#7173);
#6236=AXIS2_PLACEMENT_3D('',#11184,#7185,#7186);
#6237=AXIS2_PLACEMENT_3D('',#11256,#7193,#7194);
#6238=AXIS2_PLACEMENT_3D('',#11275,#7197,#7198);
#6239=AXIS2_PLACEMENT_3D('',#11329,#7203,#7204);
#6240=AXIS2_PLACEMENT_3D('',#11333,#7207,#7208);
#6241=AXIS2_PLACEMENT_3D('',#11337,#7211,#7212);
#6242=AXIS2_PLACEMENT_3D('',#11341,#7215,#7216);
#6243=AXIS2_PLACEMENT_3D('',#11345,#7219,#7220);
#6244=AXIS2_PLACEMENT_3D('',#11349,#7223,#7224);
#6245=AXIS2_PLACEMENT_3D('',#11353,#7227,#7228);
#6246=AXIS2_PLACEMENT_3D('',#11357,#7231,#7232);
#6247=AXIS2_PLACEMENT_3D('',#11361,#7235,#7236);
#6248=AXIS2_PLACEMENT_3D('',#11365,#7239,#7240);
#6249=AXIS2_PLACEMENT_3D('',#11369,#7243,#7244);
#6250=AXIS2_PLACEMENT_3D('',#11441,#7251,#7252);
#6251=AXIS2_PLACEMENT_3D('',#11443,#7254,#7255);
#6252=AXIS2_PLACEMENT_3D('',#11444,#7256,#7257);
#6253=AXIS2_PLACEMENT_3D('',#11445,#7258,#7259);
#6254=AXIS2_PLACEMENT_3D('',#11446,#7260,#7261);
#6255=AXIS2_PLACEMENT_3D('',#11447,#7262,#7263);
#6256=AXIS2_PLACEMENT_3D('',#11448,#7264,#7265);
#6257=AXIS2_PLACEMENT_3D('',#11449,#7266,#7267);
#6258=AXIS2_PLACEMENT_3D('',#11451,#7269,#7270);
#6259=AXIS2_PLACEMENT_3D('',#11453,#7271,#7272);
#6260=AXIS2_PLACEMENT_3D('',#11456,#7274,#7275);
#6261=AXIS2_PLACEMENT_3D('',#11457,#7276,#7277);
#6262=AXIS2_PLACEMENT_3D('',#11460,#7280,#7281);
#6263=AXIS2_PLACEMENT_3D('',#11474,#7290,#7291);
#6264=AXIS2_PLACEMENT_3D('',#11475,#7292,#7293);
#6265=AXIS2_PLACEMENT_3D('',#11476,#7294,#7295);
#6266=AXIS2_PLACEMENT_3D('',#11477,#7296,#7297);
#6267=AXIS2_PLACEMENT_3D('',#11478,#7298,#7299);
#6268=AXIS2_PLACEMENT_3D('',#11479,#7300,#7301);
#6269=AXIS2_PLACEMENT_3D('',#11480,#7302,#7303);
#6270=AXIS2_PLACEMENT_3D('',#11481,#7304,#7305);
#6271=AXIS2_PLACEMENT_3D('',#11484,#7307,#7308);
#6272=AXIS2_PLACEMENT_3D('',#11485,#7309,#7310);
#6273=AXIS2_PLACEMENT_3D('',#11486,#7311,#7312);
#6274=AXIS2_PLACEMENT_3D('',#11487,#7313,#7314);
#6275=AXIS2_PLACEMENT_3D('',#11490,#7316,#7317);
#6276=AXIS2_PLACEMENT_3D('',#11491,#7318,#7319);
#6277=AXIS2_PLACEMENT_3D('',#11493,#7320,#7321);
#6278=AXIS2_PLACEMENT_3D('',#11494,#7322,#7323);
#6279=AXIS2_PLACEMENT_3D('',#11495,#7324,#7325);
#6280=AXIS2_PLACEMENT_3D('',#11497,#7327,#7328);
#6281=AXIS2_PLACEMENT_3D('',#11499,#7329,#7330);
#6282=AXIS2_PLACEMENT_3D('',#11500,#7331,#7332);
#6283=AXIS2_PLACEMENT_3D('',#11501,#7333,#7334);
#6284=AXIS2_PLACEMENT_3D('',#11503,#7336,#7337);
#6285=AXIS2_PLACEMENT_3D('',#11509,#7341,#7342);
#6286=AXIS2_PLACEMENT_3D('',#11512,#7344,#7345);
#6287=AXIS2_PLACEMENT_3D('',#11513,#7346,#7347);
#6288=AXIS2_PLACEMENT_3D('',#11517,#7350,#7351);
#6289=AXIS2_PLACEMENT_3D('',#11523,#7355,#7356);
#6290=AXIS2_PLACEMENT_3D('',#11526,#7358,#7359);
#6291=AXIS2_PLACEMENT_3D('',#11527,#7360,#7361);
#6292=AXIS2_PLACEMENT_3D('',#11531,#7364,#7365);
#6293=AXIS2_PLACEMENT_3D('',#11535,#7368,#7369);
#6294=AXIS2_PLACEMENT_3D('',#11537,#7371,#7372);
#6295=AXIS2_PLACEMENT_3D('',#11538,#7373,#7374);
#6296=AXIS2_PLACEMENT_3D('',#11542,#7377,#7378);
#6297=AXIS2_PLACEMENT_3D('',#11544,#7380,#7381);
#6298=DIRECTION('axis',(0.,0.,1.));
#6299=DIRECTION('refdir',(1.,0.,0.));
#6300=DIRECTION('center_axis',(0.819152044288992,0.573576436351046,0.));
#6301=DIRECTION('ref_axis',(0.,0.,-1.));
#6302=DIRECTION('',(-0.573576436351046,0.819152044288992,0.));
#6303=DIRECTION('',(0.,0.,1.));
#6304=DIRECTION('',(0.497542812164523,-0.71056477546163,-0.497542812164523));
#6305=DIRECTION('',(0.,0.,-1.));
#6306=DIRECTION('center_axis',(-0.819152044288992,0.573576436351046,9.16602416618235E-17));
#6307=DIRECTION('ref_axis',(1.11896493820488E-16,0.,1.));
#6308=DIRECTION('',(-0.573576436351046,-0.819152044288992,0.));
#6309=DIRECTION('',(1.11896493820488E-16,0.,1.));
#6310=DIRECTION('',(0.497542812164523,0.71056477546163,0.497542812164523));
#6311=DIRECTION('',(-1.11896493820488E-16,0.,-1.));
#6312=DIRECTION('center_axis',(0.497542812164523,0.71056477546163,0.497542812164523));
#6313=DIRECTION('ref_axis',(-0.502445171201215,0.703631792824318,-0.502445171201215));
#6314=DIRECTION('center_axis',(0.,-1.,0.));
#6315=DIRECTION('ref_axis',(-0.707106781186548,0.,-0.707106781186547));
#6316=DIRECTION('',(-0.497542812164523,-0.71056477546163,-0.497542812164523));
#6317=DIRECTION('center_axis',(0.,1.,0.));
#6318=DIRECTION('ref_axis',(-0.707106781186548,0.,-0.707106781186547));
#6319=DIRECTION('center_axis',(-0.497542812164523,0.71056477546163,0.497542812164523));
#6320=DIRECTION('ref_axis',(0.502445171201214,0.703631792824318,-0.502445171201216));
#6321=DIRECTION('center_axis',(0.,1.,0.));
#6322=DIRECTION('ref_axis',(0.707106781186547,0.,-0.707106781186548));
#6323=DIRECTION('center_axis',(0.,1.,0.));
#6324=DIRECTION('ref_axis',(0.707106781186547,0.,-0.707106781186548));
#6325=DIRECTION('',(-0.497542812164523,0.71056477546163,0.497542812164523));
#6326=DIRECTION('center_axis',(0.,0.573576436351046,-0.819152044288992));
#6327=DIRECTION('ref_axis',(-1.,0.,0.));
#6328=DIRECTION('',(-1.,0.,0.));
#6329=DIRECTION('',(1.,0.,0.));
#6330=DIRECTION('center_axis',(0.,1.,0.));
#6331=DIRECTION('ref_axis',(0.,0.,1.));
#6332=DIRECTION('',(-1.,0.,0.));
#6333=DIRECTION('',(0.,0.,1.));
#6334=DIRECTION('center_axis',(0.,-1.,0.));
#6335=DIRECTION('ref_axis',(-1.,0.,0.));
#6336=DIRECTION('',(0.,0.,-1.));
#6337=DIRECTION('center_axis',(0.,1.,0.));
#6338=DIRECTION('ref_axis',(0.707106781186547,0.,-0.707106781186547));
#6339=DIRECTION('center_axis',(0.,0.,1.));
#6340=DIRECTION('ref_axis',(-0.70710678118654,-0.707106781186555,0.));
#6341=DIRECTION('center_axis',(0.,0.,-1.));
#6342=DIRECTION('ref_axis',(0.,-1.,0.));
#6343=DIRECTION('',(0.,0.,-1.));
#6344=DIRECTION('center_axis',(0.,0.,-1.));
#6345=DIRECTION('ref_axis',(-0.70710678118654,-0.707106781186555,0.));
#6346=DIRECTION('',(0.,0.,1.));
#6347=DIRECTION('center_axis',(0.,1.,0.));
#6348=DIRECTION('ref_axis',(0.,0.,1.));
#6349=DIRECTION('center_axis',(-1.,0.,0.));
#6350=DIRECTION('ref_axis',(0.,-1.,0.));
#6351=DIRECTION('center_axis',(0.,-1.,0.));
#6352=DIRECTION('ref_axis',(-0.707106781186548,0.,0.707106781186548));
#6353=DIRECTION('center_axis',(0.,1.,0.));
#6354=DIRECTION('ref_axis',(-0.707106781186548,0.,0.707106781186548));
#6355=DIRECTION('center_axis',(1.,0.,0.));
#6356=DIRECTION('ref_axis',(0.,-0.707106781186555,0.70710678118654));
#6357=DIRECTION('center_axis',(-1.,0.,0.));
#6358=DIRECTION('ref_axis',(0.,-1.,0.));
#6359=DIRECTION('',(-1.,0.,0.));
#6360=DIRECTION('',(1.,0.,0.));
#6361=DIRECTION('center_axis',(0.,1.,0.));
#6362=DIRECTION('ref_axis',(0.,0.,1.));
#6363=DIRECTION('center_axis',(0.,0.,1.));
#6364=DIRECTION('ref_axis',(0.,-1.,0.));
#6365=DIRECTION('center_axis',(0.,-1.,0.));
#6366=DIRECTION('ref_axis',(0.707106781186548,0.,0.707106781186548));
#6367=DIRECTION('center_axis',(0.,1.,0.));
#6368=DIRECTION('ref_axis',(0.707106781186548,0.,0.707106781186548));
#6369=DIRECTION('center_axis',(0.,0.,1.));
#6370=DIRECTION('ref_axis',(0.70710678118654,-0.707106781186555,0.));
#6371=DIRECTION('center_axis',(0.,0.,-1.));
#6372=DIRECTION('ref_axis',(0.70710678118654,-0.707106781186555,0.));
#6373=DIRECTION('',(0.,0.,1.));
#6374=DIRECTION('',(0.,0.,-1.));
#6375=DIRECTION('center_axis',(0.,-1.,0.));
#6376=DIRECTION('ref_axis',(-1.,0.,0.));
#6377=DIRECTION('',(-1.,0.,0.));
#6378=DIRECTION('',(0.,0.,1.));
#6379=DIRECTION('',(-1.,0.,0.));
#6380=DIRECTION('',(0.,0.,-1.));
#6381=DIRECTION('',(-1.,0.,0.));
#6382=DIRECTION('center_axis',(0.,-1.,0.));
#6383=DIRECTION('ref_axis',(-0.707106781186548,0.,0.707106781186548));
#6384=DIRECTION('',(0.,1.,0.));
#6385=DIRECTION('center_axis',(0.,-1.,0.));
#6386=DIRECTION('ref_axis',(-0.707106781186548,0.,0.707106781186548));
#6387=DIRECTION('',(0.,-1.,0.));
#6388=DIRECTION('center_axis',(0.,-1.,0.));
#6389=DIRECTION('ref_axis',(0.,0.,-1.));
#6390=DIRECTION('',(-1.,0.,0.));
#6391=DIRECTION('center_axis',(0.,-1.,0.));
#6392=DIRECTION('ref_axis',(0.707106781186548,0.,0.707106781186548));
#6393=DIRECTION('',(0.,0.,1.));
#6394=DIRECTION('',(1.,0.,0.));
#6395=DIRECTION('',(0.,0.,-1.));
#6396=DIRECTION('center_axis',(0.,0.,1.));
#6397=DIRECTION('ref_axis',(1.,0.,0.));
#6398=DIRECTION('',(0.,-1.,0.));
#6399=DIRECTION('center_axis',(0.,1.,0.));
#6400=DIRECTION('ref_axis',(0.707106781186548,0.,0.707106781186548));
#6401=DIRECTION('',(0.,1.,0.));
#6402=DIRECTION('center_axis',(1.,0.,0.));
#6403=DIRECTION('ref_axis',(0.,1.,0.));
#6404=DIRECTION('',(0.,-1.,0.));
#6405=DIRECTION('center_axis',(-1.,0.,0.));
#6406=DIRECTION('ref_axis',(0.,-1.,0.));
#6407=DIRECTION('',(0.,1.,0.));
#6408=DIRECTION('center_axis',(0.,0.,1.));
#6409=DIRECTION('ref_axis',(1.,0.,0.));
#6410=DIRECTION('',(1.,0.,0.));
#6411=DIRECTION('center_axis',(0.,0.,-1.));
#6412=DIRECTION('ref_axis',(0.573576436351047,-0.819152044288991,0.));
#6413=DIRECTION('',(-0.342020143325669,-0.939692620785908,0.));
#6414=DIRECTION('',(-0.342020143325669,0.939692620785908,0.));
#6415=DIRECTION('center_axis',(0.,0.,-1.));
#6416=DIRECTION('ref_axis',(-0.573576436351045,-0.819152044288993,0.));
#6417=DIRECTION('',(1.,0.,0.));
#6418=DIRECTION('center_axis',(0.,-0.965925826289068,-0.258819045102521));
#6419=DIRECTION('ref_axis',(-1.,0.,0.));
#6420=DIRECTION('',(-1.,0.,0.));
#6421=DIRECTION('',(-0.0937872091971898,0.257678239502946,-0.961668281829896));
#6422=DIRECTION('',(-0.0937872091971898,-0.257678239502946,0.961668281829896));
#6423=DIRECTION('center_axis',(0.939692620785908,-0.342020143325669,0.));
#6424=DIRECTION('ref_axis',(-0.342020143325669,-0.939692620785908,0.));
#6425=DIRECTION('',(-0.342020143325669,-0.939692620785908,0.));
#6426=DIRECTION('',(0.,0.,1.));
#6427=DIRECTION('center_axis',(-1.,0.,0.));
#6428=DIRECTION('ref_axis',(0.,0.707106781186549,0.707106781186546));
#6429=DIRECTION('',(-1.,0.,0.));
#6430=DIRECTION('center_axis',(-1.,0.,0.));
#6431=DIRECTION('ref_axis',(0.,0.,1.));
#6432=DIRECTION('',(1.,0.,0.));
#6433=DIRECTION('center_axis',(-1.,0.,0.));
#6434=DIRECTION('ref_axis',(0.,0.,1.));
#6435=DIRECTION('center_axis',(0.,1.,0.));
#6436=DIRECTION('ref_axis',(0.,0.,1.));
#6437=DIRECTION('',(0.,0.,1.));
#6438=DIRECTION('center_axis',(0.,-1.,0.));
#6439=DIRECTION('ref_axis',(0.707106781186548,0.,0.707106781186548));
#6440=DIRECTION('',(-1.,0.,8.43474282716168E-17));
#6441=DIRECTION('center_axis',(0.,-1.,0.));
#6442=DIRECTION('ref_axis',(-0.707106781186548,0.,0.707106781186548));
#6443=DIRECTION('',(1.19579726650976E-16,0.,-1.));
#6444=DIRECTION('center_axis',(0.,-1.,0.));
#6445=DIRECTION('ref_axis',(-6.12323399573678E-17,0.,1.));
#6446=DIRECTION('',(0.,0.,1.));
#6447=DIRECTION('center_axis',(0.,-1.,0.));
#6448=DIRECTION('ref_axis',(-1.2335811384724E-16,0.,-1.));
#6449=DIRECTION('',(0.,0.,-1.));
#6450=DIRECTION('center_axis',(-0.939692620785908,-0.342020143325669,0.));
#6451=DIRECTION('ref_axis',(-0.342020143325669,0.939692620785908,0.));
#6452=DIRECTION('',(-0.342020143325669,0.939692620785908,0.));
#6453=DIRECTION('',(0.,0.,-1.));
#6454=DIRECTION('center_axis',(0.,0.,-1.));
#6455=DIRECTION('ref_axis',(0.573576436351047,-0.819152044288991,0.));
#6456=DIRECTION('',(0.,0.,-1.));
#6457=DIRECTION('center_axis',(0.,0.,1.));
#6458=DIRECTION('ref_axis',(0.573576436351047,-0.819152044288991,0.));
#6459=DIRECTION('center_axis',(0.,0.,-1.));
#6460=DIRECTION('ref_axis',(-0.573576436351045,-0.819152044288993,0.));
#6461=DIRECTION('center_axis',(0.,0.,1.));
#6462=DIRECTION('ref_axis',(-0.573576436351045,-0.819152044288993,0.));
#6463=DIRECTION('',(0.,0.,1.));
#6464=DIRECTION('center_axis',(0.,0.,1.));
#6465=DIRECTION('ref_axis',(1.,0.,0.));
#6466=DIRECTION('center_axis',(0.,0.,1.));
#6467=DIRECTION('ref_axis',(0.707106781186547,0.707106781186548,0.));
#6468=DIRECTION('',(-1.,-6.38708403374967E-31,0.));
#6469=DIRECTION('',(-1.,5.60270529276287E-32,0.));
#6470=DIRECTION('center_axis',(0.,0.,1.));
#6471=DIRECTION('ref_axis',(-0.707106781186547,0.707106781186548,0.));
#6472=DIRECTION('center_axis',(0.,0.,1.));
#6473=DIRECTION('ref_axis',(1.,0.,0.));
#6474=DIRECTION('center_axis',(0.,-1.,0.));
#6475=DIRECTION('ref_axis',(-1.,0.,0.));
#6476=DIRECTION('center_axis',(0.,0.,-1.));
#6477=DIRECTION('ref_axis',(-0.707106781186547,0.707106781186548,0.));
#6478=DIRECTION('center_axis',(0.,0.,-1.));
#6479=DIRECTION('ref_axis',(-0.707106781186547,0.707106781186548,0.));
#6480=DIRECTION('',(0.,0.,-1.));
#6481=DIRECTION('center_axis',(-0.707106781186548,0.,0.707106781186548));
#6482=DIRECTION('ref_axis',(-0.707106781186547,0.,-0.707106781186547));
#6483=DIRECTION('center_axis',(0.,0.,1.));
#6484=DIRECTION('ref_axis',(1.,0.,0.));
#6485=DIRECTION('center_axis',(0.,0.,-1.));
#6486=DIRECTION('ref_axis',(0.707106781186547,0.707106781186548,0.));
#6487=DIRECTION('center_axis',(0.,-1.,0.));
#6488=DIRECTION('ref_axis',(1.,0.,0.));
#6489=DIRECTION('center_axis',(0.,1.,0.));
#6490=DIRECTION('ref_axis',(1.,0.,0.));
#6491=DIRECTION('',(-1.,0.,0.));
#6492=DIRECTION('',(0.,0.,-1.));
#6493=DIRECTION('',(1.,0.,-3.55271367880051E-15));
#6494=DIRECTION('',(0.,0.,1.));
#6495=DIRECTION('center_axis',(0.,-1.,0.));
#6496=DIRECTION('ref_axis',(0.,0.,1.));
#6497=DIRECTION('center_axis',(0.,0.,1.));
#6498=DIRECTION('ref_axis',(-1.,0.,0.));
#6499=DIRECTION('',(1.,0.,0.));
#6500=DIRECTION('',(0.,-1.,0.));
#6501=DIRECTION('',(0.,1.,0.));
#6502=DIRECTION('center_axis',(-1.,0.,0.));
#6503=DIRECTION('ref_axis',(0.,0.,-1.));
#6504=DIRECTION('',(0.,0.,-1.));
#6505=DIRECTION('',(0.,-1.,0.));
#6506=DIRECTION('center_axis',(-3.55271367880051E-15,0.,-1.));
#6507=DIRECTION('ref_axis',(1.,0.,-3.55271367880051E-15));
#6508=DIRECTION('',(1.,0.,-3.55271367880051E-15));
#6509=DIRECTION('',(0.,-1.,0.));
#6510=DIRECTION('center_axis',(1.,0.,0.));
#6511=DIRECTION('ref_axis',(0.,0.,1.));
#6512=DIRECTION('',(0.,0.,-1.));
#6513=DIRECTION('',(0.,1.,0.));
#6514=DIRECTION('center_axis',(0.,-1.,0.));
#6515=DIRECTION('ref_axis',(0.,0.,1.));
#6516=DIRECTION('center_axis',(0.,1.,0.));
#6517=DIRECTION('ref_axis',(0.707106781186548,0.,0.707106781186548));
#6518=DIRECTION('center_axis',(0.,1.,0.));
#6519=DIRECTION('ref_axis',(1.,0.,0.));
#6520=DIRECTION('center_axis',(0.,-1.,0.));
#6521=DIRECTION('ref_axis',(-1.,0.,0.));
#6522=DIRECTION('',(0.,0.,-1.));
#6523=DIRECTION('',(1.,0.,0.));
#6524=DIRECTION('',(0.,0.,1.));
#6525=DIRECTION('',(-1.,0.,0.));
#6526=DIRECTION('center_axis',(0.,-1.,0.));
#6527=DIRECTION('ref_axis',(-1.,0.,0.));
#6528=DIRECTION('center_axis',(0.,1.,0.));
#6529=DIRECTION('ref_axis',(-0.707106781186548,0.,0.707106781186548));
#6530=DIRECTION('',(0.,-1.,0.));
#6531=DIRECTION('',(0.,1.,0.));
#6532=DIRECTION('center_axis',(-1.,0.,0.));
#6533=DIRECTION('ref_axis',(0.,0.,-1.));
#6534=DIRECTION('',(0.,0.,1.));
#6535=DIRECTION('',(0.,-1.,0.));
#6536=DIRECTION('center_axis',(0.,0.,-1.));
#6537=DIRECTION('ref_axis',(1.,0.,0.));
#6538=DIRECTION('',(-1.,0.,0.));
#6539=DIRECTION('',(0.,-1.,0.));
#6540=DIRECTION('center_axis',(1.,0.,0.));
#6541=DIRECTION('ref_axis',(0.,0.,1.));
#6542=DIRECTION('',(0.,0.,-1.));
#6543=DIRECTION('',(0.,-1.,0.));
#6544=DIRECTION('center_axis',(0.,0.,1.));
#6545=DIRECTION('ref_axis',(-1.,0.,0.));
#6546=DIRECTION('',(1.,0.,0.));
#6547=DIRECTION('center_axis',(0.,0.,-1.));
#6548=DIRECTION('ref_axis',(-0.707106781186547,0.707106781186548,0.));
#6549=DIRECTION('center_axis',(0.,0.,-1.));
#6550=DIRECTION('ref_axis',(-1.,0.,0.));
#6551=DIRECTION('center_axis',(-0.707106781186549,0.,0.707106781186546));
#6552=DIRECTION('ref_axis',(-0.707106781186546,0.,-0.707106781186549));
#6553=DIRECTION('center_axis',(0.,1.,0.));
#6554=DIRECTION('ref_axis',(0.,0.,1.));
#6555=DIRECTION('center_axis',(1.,0.,0.));
#6556=DIRECTION('ref_axis',(0.,0.,-1.));
#6557=DIRECTION('center_axis',(1.,0.,0.));
#6558=DIRECTION('ref_axis',(0.,0.707106781186548,-0.707106781186547));
#6559=DIRECTION('center_axis',(1.,0.,0.));
#6560=DIRECTION('ref_axis',(0.,0.,-1.));
#6561=DIRECTION('center_axis',(-0.707106781186548,0.,-0.707106781186548));
#6562=DIRECTION('ref_axis',(0.707106781186548,0.,-0.707106781186548));
#6563=DIRECTION('center_axis',(0.,1.,0.));
#6564=DIRECTION('ref_axis',(0.,0.,1.));
#6565=DIRECTION('center_axis',(0.,0.,1.));
#6566=DIRECTION('ref_axis',(1.,0.,0.));
#6567=DIRECTION('center_axis',(0.,0.,1.));
#6568=DIRECTION('ref_axis',(0.707106781186547,0.707106781186548,0.));
#6569=DIRECTION('center_axis',(-0.707106781186548,-1.79439138135288E-15,
-0.707106781186547));
#6570=DIRECTION('ref_axis',(0.707106781186547,1.79439138135288E-15,-0.707106781186548));
#6571=DIRECTION('center_axis',(-1.19579726650976E-16,0.,1.));
#6572=DIRECTION('ref_axis',(0.707106781186547,0.707106781186548,0.));
#6573=DIRECTION('',(-1.19579726650976E-16,0.,1.));
#6574=DIRECTION('center_axis',(1.,0.,0.));
#6575=DIRECTION('ref_axis',(0.,0.707106781186548,-0.707106781186547));
#6576=DIRECTION('center_axis',(1.,0.,-8.43474282716168E-17));
#6577=DIRECTION('ref_axis',(0.,0.707106781186548,-0.707106781186547));
#6578=DIRECTION('',(1.,0.,-8.43474282716168E-17));
#6579=DIRECTION('center_axis',(1.,0.,0.));
#6580=DIRECTION('ref_axis',(0.,0.,1.));
#6581=DIRECTION('',(0.,0.,-1.));
#6582=DIRECTION('',(0.,-1.,0.));
#6583=DIRECTION('',(0.,1.,0.));
#6584=DIRECTION('center_axis',(0.,-1.,0.));
#6585=DIRECTION('ref_axis',(-0.707106781186547,0.,-0.707106781186547));
#6586=DIRECTION('center_axis',(0.,1.,0.));
#6587=DIRECTION('ref_axis',(-0.707106781186547,0.,-0.707106781186547));
#6588=DIRECTION('',(0.,-1.,0.));
#6589=DIRECTION('center_axis',(-1.,0.,0.));
#6590=DIRECTION('ref_axis',(0.,0.,-1.));
#6591=DIRECTION('',(0.,0.,1.));
#6592=DIRECTION('',(0.,-1.,0.));
#6593=DIRECTION('center_axis',(0.707106781186548,-0.707106781186547,0.));
#6594=DIRECTION('ref_axis',(0.,0.,-1.));
#6595=DIRECTION('',(0.,0.,1.));
#6596=DIRECTION('',(-0.707106781186546,-0.707106781186549,0.));
#6597=DIRECTION('center_axis',(-0.707106781186548,0.707106781186547,0.));
#6598=DIRECTION('ref_axis',(-0.707106781186547,-0.707106781186548,0.));
#6599=DIRECTION('center_axis',(0.,-1.,0.));
#6600=DIRECTION('ref_axis',(-0.707106781186548,0.,-0.707106781186548));
#6601=DIRECTION('center_axis',(2.11113828551228E-15,1.,-8.370836902655E-32));
#6602=DIRECTION('ref_axis',(-3.96508223080411E-17,0.,-1.));
#6603=DIRECTION('',(0.707106781186547,-0.707106781186548,0.));
#6604=DIRECTION('center_axis',(0.,-1.,0.));
#6605=DIRECTION('ref_axis',(1.83697019872103E-16,0.,1.));
#6606=DIRECTION('center_axis',(0.,1.,0.));
#6607=DIRECTION('ref_axis',(-6.12323399573678E-17,0.,1.));
#6608=DIRECTION('center_axis',(0.707106781186548,0.707106781186547,0.));
#6609=DIRECTION('ref_axis',(-0.707106781186547,0.707106781186548,0.));
#6610=DIRECTION('center_axis',(-0.707106781186548,-0.707106781186547,0.));
#6611=DIRECTION('ref_axis',(0.,0.,1.));
#6612=DIRECTION('',(0.,0.,-1.));
#6613=DIRECTION('center_axis',(0.,0.,1.));
#6614=DIRECTION('ref_axis',(-0.38268343236509,-0.923879532511287,0.));
#6615=DIRECTION('center_axis',(0.,0.,-1.));
#6616=DIRECTION('ref_axis',(0.,-1.,0.));
#6617=DIRECTION('center_axis',(0.,-1.,0.));
#6618=DIRECTION('ref_axis',(0.,0.,-1.));
#6619=DIRECTION('center_axis',(0.,0.,1.));
#6620=DIRECTION('ref_axis',(0.,-1.,0.));
#6621=DIRECTION('center_axis',(0.,0.,-1.));
#6622=DIRECTION('ref_axis',(0.38268343236509,-0.923879532511287,0.));
#6623=DIRECTION('center_axis',(0.,1.,0.));
#6624=DIRECTION('ref_axis',(0.,0.,1.));
#6625=DIRECTION('center_axis',(0.,1.,0.));
#6626=DIRECTION('ref_axis',(1.,0.,0.));
#6627=DIRECTION('center_axis',(-0.819152044288992,0.573576436351046,9.16602416618235E-17));
#6628=DIRECTION('ref_axis',(1.11896493820488E-16,0.,1.));
#6629=DIRECTION('',(-0.573576436351046,-0.819152044288992,0.));
#6630=DIRECTION('',(-1.11896493820488E-16,0.,-1.));
#6631=DIRECTION('',(-0.497542812164523,-0.71056477546163,0.497542812164523));
#6632=DIRECTION('',(1.11896493820488E-16,0.,1.));
#6633=DIRECTION('center_axis',(0.497542812164523,0.71056477546163,-0.497542812164523));
#6634=DIRECTION('ref_axis',(-0.502445171201214,0.703631792824318,0.502445171201215));
#6635=DIRECTION('center_axis',(0.,-1.,0.));
#6636=DIRECTION('ref_axis',(-0.707106781186547,0.,0.707106781186548));
#6637=DIRECTION('center_axis',(0.,1.,0.));
#6638=DIRECTION('ref_axis',(-0.707106781186547,0.,0.707106781186548));
#6639=DIRECTION('',(0.497542812164523,0.71056477546163,-0.497542812164523));
#6640=DIRECTION('center_axis',(0.819152044288992,0.573576436351046,0.));
#6641=DIRECTION('ref_axis',(0.,0.,-1.));
#6642=DIRECTION('',(-0.573576436351046,0.819152044288992,0.));
#6643=DIRECTION('',(0.,0.,-1.));
#6644=DIRECTION('',(-0.497542812164523,0.71056477546163,-0.497542812164523));
#6645=DIRECTION('',(0.,0.,1.));
#6646=DIRECTION('',(-0.573576436351046,0.819152044288992,0.));
#6647=DIRECTION('',(0.,0.,-1.));
#6648=DIRECTION('',(0.573576436351046,-0.819152044288992,0.));
#6649=DIRECTION('',(0.,0.,1.));
#6650=DIRECTION('center_axis',(-0.497542812164523,0.71056477546163,-0.497542812164523));
#6651=DIRECTION('ref_axis',(0.502445171201214,0.703631792824318,0.502445171201216));
#6652=DIRECTION('center_axis',(0.,-1.,0.));
#6653=DIRECTION('ref_axis',(0.707106781186547,0.,0.707106781186548));
#6654=DIRECTION('',(0.497542812164523,-0.71056477546163,0.497542812164523));
#6655=DIRECTION('center_axis',(0.,1.,0.));
#6656=DIRECTION('ref_axis',(0.707106781186547,0.,0.707106781186548));
#6657=DIRECTION('center_axis',(0.,1.,0.));
#6658=DIRECTION('ref_axis',(0.,0.,1.));
#6659=DIRECTION('',(-1.,0.,0.));
#6660=DIRECTION('',(-1.,0.,0.));
#6661=DIRECTION('',(0.00445991229877069,0.,0.999990054541688));
#6662=DIRECTION('',(-0.999990054541687,0.,0.00445991229877912));
#6663=DIRECTION('',(-0.00445991229876879,0.,-0.999990054541688));
#6664=DIRECTION('',(0.00445991229877049,0.,0.999990054541688));
#6665=DIRECTION('',(-0.999990054541687,0.,0.00445991229877896));
#6666=DIRECTION('',(-0.00445991229876929,0.,-0.999990054541688));
#6667=DIRECTION('',(0.999990054541687,0.,-0.00445991229877896));
#6668=DIRECTION('',(0.0044599122987679,0.,0.999990054541688));
#6669=DIRECTION('',(-0.345703534965469,0.,0.938343788764213));
#6670=DIRECTION('',(0.00445991229877041,0.,0.999990054541688));
#6671=DIRECTION('',(-0.999990054541687,0.,0.00445991229877896));
#6672=DIRECTION('',(-0.0044599122987703,0.,-0.999990054541688));
#6673=DIRECTION('',(0.999990054541688,0.,-0.00445991229876411));
#6674=DIRECTION('',(0.00445991229877397,0.,0.999990054541687));
#6675=DIRECTION('',(0.999990054541689,0.,-0.00445991229845746));
#6676=DIRECTION('',(0.795283274894597,0.,-0.606238000023856));
#6677=DIRECTION('',(-0.78842562799752,0.,0.615130091213815));
#6678=DIRECTION('',(-0.999990054541688,0.,0.00445991229876816));
#6679=DIRECTION('',(0.992900628450191,0.,0.118946803333323));
#6680=DIRECTION('',(0.00445991229877163,0.,0.999990054541688));
#6681=DIRECTION('',(-0.999990054541688,0.,0.00445991229877529));
#6682=DIRECTION('',(-0.00445991229876965,0.,-0.999990054541688));
#6683=DIRECTION('',(0.00445991229876722,0.,0.999990054541688));
#6684=DIRECTION('',(-0.999990054541688,0.,0.00445991229876566));
#6685=DIRECTION('',(-0.00445991229876851,0.,-0.999990054541688));
#6686=DIRECTION('',(0.999990054541688,0.,-0.00445991229877218));
#6687=DIRECTION('',(0.00445991229877209,0.,0.999990054541688));
#6688=DIRECTION('',(0.999990054541689,0.,-0.00445991229845746));
#6689=DIRECTION('',(-0.999990054541688,0.,0.00445991229876816));
#6690=DIRECTION('',(0.992900308138443,0.,0.118949477084117));
#6691=DIRECTION('',(0.158782174919653,0.,0.987313638580864));
#6692=DIRECTION('',(-0.00445991229877208,0.,-0.999990054541688));
#6693=DIRECTION('',(-0.999990054541688,0.,0.00445991229876777));
#6694=DIRECTION('',(-0.00445991229875615,0.,-0.999990054541688));
#6695=DIRECTION('',(0.999990054541688,0.,-0.00445991229876777));
#6696=DIRECTION('',(-0.00445991229877458,0.,-0.999990054541687));
#6697=DIRECTION('',(0.853072407849694,0.,-0.521792551657768));
#6698=DIRECTION('',(0.00445991229876453,0.,0.999990054541688));
#6699=DIRECTION('',(0.999990054541687,0.,-0.00445991229877901));
#6700=DIRECTION('',(0.00445991229875615,0.,0.999990054541688));
#6701=DIRECTION('',(-0.999990054541687,0.,0.00445991229877901));
#6702=DIRECTION('',(0.00445991229876701,0.,0.999990054541688));
#6703=DIRECTION('',(0.999990054541688,0.,-0.00445991229876176));
#6704=DIRECTION('',(0.00445991229876929,0.,0.999990054541688));
#6705=DIRECTION('',(-0.999990054541688,0.,0.00445991229876094));
#6706=DIRECTION('',(-0.00445991229876754,0.,-0.999990054541688));
#6707=DIRECTION('',(-0.999990054541689,0.,0.00445991229845746));
#6708=DIRECTION('',(0.999990054541689,0.,-0.00445991229845746));
#6709=DIRECTION('',(-0.0044599122987679,0.,-0.999990054541688));
#6710=DIRECTION('',(-0.999990054541688,0.,0.00445991229876729));
#6711=DIRECTION('',(0.992900468296951,0.,0.11894814019435));
#6712=DIRECTION('',(0.158782174919664,0.,0.987313638580862));
#6713=DIRECTION('',(-0.00445991229876898,0.,-0.999990054541688));
#6714=DIRECTION('',(-0.999990054541688,0.,0.00445991229876254));
#6715=DIRECTION('',(-0.00445991229876978,0.,-0.999990054541688));
#6716=DIRECTION('',(0.999990054541688,0.,-0.00445991229876254));
#6717=DIRECTION('',(-0.00445991229876741,0.,-0.999990054541688));
#6718=DIRECTION('',(0.853072407849697,0.,-0.521792551657764));
#6719=DIRECTION('',(0.00445991229876961,0.,0.999990054541688));
#6720=DIRECTION('',(0.999990054541687,0.,-0.00445991229877896));
#6721=DIRECTION('',(0.00445991229876978,0.,0.999990054541688));
#6722=DIRECTION('',(-0.999990054541687,0.,0.00445991229877896));
#6723=DIRECTION('',(0.00445991229877007,0.,0.999990054541688));
#6724=DIRECTION('center_axis',(0.,0.,1.));
#6725=DIRECTION('ref_axis',(0.82525098031105,-0.56476616355413,0.));
#6726=DIRECTION('center_axis',(0.,0.,-1.));
#6727=DIRECTION('ref_axis',(0.82525098031105,-0.56476616355413,0.));
#6728=DIRECTION('',(0.,0.,-1.));
#6729=DIRECTION('center_axis',(0.,0.,1.));
#6730=DIRECTION('ref_axis',(0.82525098031105,-0.56476616355413,0.));
#6731=DIRECTION('',(0.,0.,1.));
#6732=DIRECTION('center_axis',(0.,0.,1.));
#6733=DIRECTION('ref_axis',(1.,0.,0.));
#6734=DIRECTION('',(-1.,-6.72324635131544E-32,0.));
#6735=DIRECTION('center_axis',(0.,0.,1.));
#6736=DIRECTION('ref_axis',(-0.573576436351047,-0.819152044288991,0.));
#6737=DIRECTION('center_axis',(0.,0.,1.));
#6738=DIRECTION('ref_axis',(-0.82525098031105,-0.56476616355413,0.));
#6739=DIRECTION('',(0.,1.,0.));
#6740=DIRECTION('',(1.,0.,0.));
#6741=DIRECTION('',(0.,-1.,0.));
#6742=DIRECTION('center_axis',(0.,0.,1.));
#6743=DIRECTION('ref_axis',(0.573576436351045,-0.819152044288993,0.));
#6744=DIRECTION('',(1.,0.,0.));
#6745=DIRECTION('center_axis',(0.,0.,-1.));
#6746=DIRECTION('ref_axis',(-0.82525098031105,-0.56476616355413,0.));
#6747=DIRECTION('',(0.,0.,1.));
#6748=DIRECTION('center_axis',(0.,0.,-1.));
#6749=DIRECTION('ref_axis',(-0.82525098031105,-0.56476616355413,0.));
#6750=DIRECTION('',(0.,0.,1.));
#6751=DIRECTION('center_axis',(0.,0.,1.));
#6752=DIRECTION('ref_axis',(-0.573576436351047,-0.819152044288991,0.));
#6753=DIRECTION('',(0.,0.,1.));
#6754=DIRECTION('center_axis',(0.,0.,-1.));
#6755=DIRECTION('ref_axis',(-0.573576436351047,-0.819152044288991,0.));
#6756=DIRECTION('center_axis',(1.,0.,0.));
#6757=DIRECTION('ref_axis',(0.,0.707106781186549,-0.707106781186546));
#6758=DIRECTION('center_axis',(1.,0.,0.));
#6759=DIRECTION('ref_axis',(0.,0.707106781186549,-0.707106781186546));
#6760=DIRECTION('',(-1.,0.,0.));
#6761=DIRECTION('center_axis',(1.,0.,0.));
#6762=DIRECTION('ref_axis',(0.,0.,-1.));
#6763=DIRECTION('',(1.,0.,0.));
#6764=DIRECTION('center_axis',(1.,0.,0.));
#6765=DIRECTION('ref_axis',(0.,0.707106781186549,-0.707106781186546));
#6766=DIRECTION('center_axis',(-1.,0.,0.));
#6767=DIRECTION('ref_axis',(0.,0.707106781186549,-0.707106781186546));
#6768=DIRECTION('',(1.,0.,0.));
#6769=DIRECTION('center_axis',(1.,0.,0.));
#6770=DIRECTION('ref_axis',(0.,0.,-1.));
#6771=DIRECTION('',(-1.,0.,0.));
#6772=DIRECTION('center_axis',(-1.,0.,0.));
#6773=DIRECTION('ref_axis',(0.,-1.,0.));
#6774=DIRECTION('',(0.,0.,1.));
#6775=DIRECTION('',(0.,1.,0.));
#6776=DIRECTION('center_axis',(1.,0.,0.));
#6777=DIRECTION('ref_axis',(0.,1.,0.));
#6778=DIRECTION('',(0.,-1.,0.));
#6779=DIRECTION('',(0.,0.,1.));
#6780=DIRECTION('center_axis',(0.,0.,-1.));
#6781=DIRECTION('ref_axis',(-1.,0.,0.));
#6782=DIRECTION('',(1.,6.72324635131544E-32,0.));
#6783=DIRECTION('center_axis',(0.,0.,-1.));
#6784=DIRECTION('ref_axis',(0.707106781186547,0.707106781186548,0.));
#6785=DIRECTION('center_axis',(0.,0.,1.));
#6786=DIRECTION('ref_axis',(0.573576436351045,-0.819152044288993,0.));
#6787=DIRECTION('center_axis',(0.,0.,-1.));
#6788=DIRECTION('ref_axis',(0.573576436351045,-0.819152044288993,0.));
#6789=DIRECTION('',(0.,0.,-1.));
#6790=DIRECTION('center_axis',(0.,1.,0.));
#6791=DIRECTION('ref_axis',(0.,0.,1.));
#6792=DIRECTION('',(1.19579726650976E-16,0.,-1.));
#6793=DIRECTION('center_axis',(0.,-1.,0.));
#6794=DIRECTION('ref_axis',(-0.707106781186548,0.,-0.707106781186548));
#6795=DIRECTION('',(1.,0.,8.43474282716168E-17));
#6796=DIRECTION('center_axis',(0.,-1.,0.));
#6797=DIRECTION('ref_axis',(0.707106781186548,0.,-0.707106781186548));
#6798=DIRECTION('',(0.,0.,1.));
#6799=DIRECTION('center_axis',(0.,0.,-1.));
#6800=DIRECTION('ref_axis',(-1.,0.,0.));
#6801=DIRECTION('center_axis',(0.,0.,1.));
#6802=DIRECTION('ref_axis',(-0.707106781186547,0.707106781186548,0.));
#6803=DIRECTION('center_axis',(0.,-1.,0.));
#6804=DIRECTION('ref_axis',(-1.,0.,0.));
#6805=DIRECTION('center_axis',(0.,0.,-1.));
#6806=DIRECTION('ref_axis',(-0.707106781186547,0.707106781186548,0.));
#6807=DIRECTION('center_axis',(0.,0.,-1.));
#6808=DIRECTION('ref_axis',(-1.,0.,0.));
#6809=DIRECTION('',(1.,-4.4821642342103E-32,0.));
#6810=DIRECTION('center_axis',(0.,0.,-1.));
#6811=DIRECTION('ref_axis',(-1.,0.,0.));
#6812=DIRECTION('center_axis',(0.,-1.,0.));
#6813=DIRECTION('ref_axis',(1.,0.,0.));
#6814=DIRECTION('center_axis',(0.,0.,1.));
#6815=DIRECTION('ref_axis',(0.707106781186547,0.707106781186548,0.));
#6816=DIRECTION('center_axis',(-1.19579726650976E-16,0.,1.));
#6817=DIRECTION('ref_axis',(0.707106781186547,0.707106781186548,0.));
#6818=DIRECTION('',(-1.19579726650976E-16,0.,1.));
#6819=DIRECTION('center_axis',(0.,0.,1.));
#6820=DIRECTION('ref_axis',(0.707106781186547,0.707106781186548,0.));
#6821=DIRECTION('',(1.19579726650976E-16,0.,-1.));
#6822=DIRECTION('center_axis',(0.,0.,-1.));
#6823=DIRECTION('ref_axis',(0.707106781186547,0.707106781186548,0.));
#6824=DIRECTION('',(-1.19579726650976E-16,0.,1.));
#6825=DIRECTION('center_axis',(0.707106781186548,-1.79439138135289E-15,
-0.707106781186547));
#6826=DIRECTION('ref_axis',(0.707106781186547,1.79439138135288E-15,0.707106781186549));
#6827=DIRECTION('',(0.,-1.,0.));
#6828=DIRECTION('',(0.,-1.,0.));
#6829=DIRECTION('',(0.,-1.,0.));
#6830=DIRECTION('',(0.,-1.,0.));
#6831=DIRECTION('',(0.,-1.,0.));
#6832=DIRECTION('center_axis',(0.999990054541688,0.,-0.0044599122987679));
#6833=DIRECTION('ref_axis',(0.0044599122987679,0.,0.999990054541688));
#6834=DIRECTION('',(0.,-1.,0.));
#6835=DIRECTION('',(0.0044599122987679,0.,0.999990054541688));
#6836=DIRECTION('center_axis',(-0.00445991229877896,0.,-0.999990054541688));
#6837=DIRECTION('ref_axis',(0.999990054541687,0.,-0.00445991229877896));
#6838=DIRECTION('',(0.,-1.,0.));
#6839=DIRECTION('',(0.999990054541687,0.,-0.00445991229877896));
#6840=DIRECTION('center_axis',(-0.999990054541688,0.,0.00445991229876929));
#6841=DIRECTION('ref_axis',(-0.00445991229876929,0.,-0.999990054541688));
#6842=DIRECTION('',(0.,-1.,0.));
#6843=DIRECTION('',(-0.00445991229876929,0.,-0.999990054541688));
#6844=DIRECTION('center_axis',(0.00445991229877896,0.,0.999990054541688));
#6845=DIRECTION('ref_axis',(-0.999990054541687,0.,0.00445991229877896));
#6846=DIRECTION('',(0.,-1.,0.));
#6847=DIRECTION('',(-0.999990054541687,0.,0.00445991229877896));
#6848=DIRECTION('center_axis',(0.999990054541688,0.,-0.00445991229877049));
#6849=DIRECTION('ref_axis',(0.00445991229877049,0.,0.999990054541688));
#6850=DIRECTION('',(0.,-1.,0.));
#6851=DIRECTION('',(0.00445991229877049,0.,0.999990054541688));
#6852=DIRECTION('',(0.,-1.,0.));
#6853=DIRECTION('',(0.,-1.,0.));
#6854=DIRECTION('',(0.,-1.,0.));
#6855=DIRECTION('',(0.,-1.,0.));
#6856=DIRECTION('center_axis',(-0.999990054541688,0.,0.00445991229876879));
#6857=DIRECTION('ref_axis',(-0.00445991229876879,0.,-0.999990054541688));
#6858=DIRECTION('',(0.,-1.,0.));
#6859=DIRECTION('',(-0.00445991229876879,0.,-0.999990054541688));
#6860=DIRECTION('center_axis',(0.00445991229877912,0.,0.999990054541688));
#6861=DIRECTION('ref_axis',(-0.999990054541687,0.,0.00445991229877912));
#6862=DIRECTION('',(0.,-1.,0.));
#6863=DIRECTION('',(-0.999990054541687,0.,0.00445991229877912));
#6864=DIRECTION('center_axis',(0.999990054541688,0.,-0.00445991229877069));
#6865=DIRECTION('ref_axis',(0.00445991229877069,0.,0.999990054541688));
#6866=DIRECTION('',(0.00445991229877069,0.,0.999990054541688));
#6867=DIRECTION('center_axis',(0.,1.,0.));
#6868=DIRECTION('ref_axis',(-1.,0.,0.));
#6869=DIRECTION('',(0.,-1.,0.));
#6870=DIRECTION('',(0.,-1.,0.));
#6871=DIRECTION('',(0.,-1.,0.));
#6872=DIRECTION('',(0.,-1.,0.));
#6873=DIRECTION('',(0.,-1.,0.));
#6874=DIRECTION('',(0.,-1.,0.));
#6875=DIRECTION('',(0.,-1.,0.));
#6876=DIRECTION('',(0.,-1.,0.));
#6877=DIRECTION('',(0.,-1.,0.));
#6878=DIRECTION('',(0.,-1.,0.));
#6879=DIRECTION('',(0.,-1.,0.));
#6880=DIRECTION('',(0.,-1.,0.));
#6881=DIRECTION('',(0.,-1.,0.));
#6882=DIRECTION('',(0.,-1.,0.));
#6883=DIRECTION('',(0.,-1.,0.));
#6884=DIRECTION('',(0.,-1.,0.));
#6885=DIRECTION('center_axis',(0.,1.,0.));
#6886=DIRECTION('ref_axis',(-1.,0.,0.));
#6887=DIRECTION('',(0.,-1.,0.));
#6888=DIRECTION('',(0.,-1.,0.));
#6889=DIRECTION('',(0.,-1.,0.));
#6890=DIRECTION('',(0.,-1.,0.));
#6891=DIRECTION('',(0.,-1.,0.));
#6892=DIRECTION('',(0.,-1.,0.));
#6893=DIRECTION('',(0.,-1.,0.));
#6894=DIRECTION('',(0.,-1.,0.));
#6895=DIRECTION('',(0.,-1.,0.));
#6896=DIRECTION('',(0.,-1.,0.));
#6897=DIRECTION('',(0.,-1.,0.));
#6898=DIRECTION('',(0.,-1.,0.));
#6899=DIRECTION('',(0.,-1.,0.));
#6900=DIRECTION('',(0.,-1.,0.));
#6901=DIRECTION('',(0.,-1.,0.));
#6902=DIRECTION('',(0.,-1.,0.));
#6903=DIRECTION('center_axis',(0.,1.,0.));
#6904=DIRECTION('ref_axis',(-1.,0.,0.));
#6905=DIRECTION('',(0.,-1.,0.));
#6906=DIRECTION('',(0.,-1.,0.));
#6907=DIRECTION('center_axis',(-0.00445991229845746,0.,-0.999990054541689));
#6908=DIRECTION('ref_axis',(0.999990054541689,0.,-0.00445991229845746));
#6909=DIRECTION('',(0.,-1.,0.));
#6910=DIRECTION('',(0.999990054541689,0.,-0.00445991229845746));
#6911=DIRECTION('center_axis',(0.999990054541688,0.,-0.00445991229877397));
#6912=DIRECTION('ref_axis',(0.00445991229877397,0.,0.999990054541687));
#6913=DIRECTION('',(0.,-1.,0.));
#6914=DIRECTION('',(0.00445991229877397,0.,0.999990054541687));
#6915=DIRECTION('center_axis',(-0.00445991229876411,0.,-0.999990054541688));
#6916=DIRECTION('ref_axis',(0.999990054541688,0.,-0.00445991229876411));
#6917=DIRECTION('',(0.,-1.,0.));
#6918=DIRECTION('',(0.999990054541688,0.,-0.00445991229876411));
#6919=DIRECTION('center_axis',(-0.999990054541688,0.,0.0044599122987703));
#6920=DIRECTION('ref_axis',(-0.0044599122987703,0.,-0.999990054541688));
#6921=DIRECTION('',(0.,-1.,0.));
#6922=DIRECTION('',(-0.0044599122987703,0.,-0.999990054541688));
#6923=DIRECTION('center_axis',(0.00445991229877896,0.,0.999990054541688));
#6924=DIRECTION('ref_axis',(-0.999990054541687,0.,0.00445991229877896));
#6925=DIRECTION('',(0.,-1.,0.));
#6926=DIRECTION('',(-0.999990054541687,0.,0.00445991229877896));
#6927=DIRECTION('center_axis',(0.999990054541688,0.,-0.00445991229877041));
#6928=DIRECTION('ref_axis',(0.00445991229877041,0.,0.999990054541688));
#6929=DIRECTION('',(0.,-1.,0.));
#6930=DIRECTION('',(0.00445991229877041,0.,0.999990054541688));
#6931=DIRECTION('',(0.,-1.,0.));
#6932=DIRECTION('',(0.,-1.,0.));
#6933=DIRECTION('',(0.,-1.,0.));
#6934=DIRECTION('center_axis',(0.938343788764213,0.,0.345703534965469));
#6935=DIRECTION('ref_axis',(-0.345703534965469,0.,0.938343788764213));
#6936=DIRECTION('',(0.,-1.,0.));
#6937=DIRECTION('',(-0.345703534965469,0.,0.938343788764213));
#6938=DIRECTION('center_axis',(0.,1.,0.));
#6939=DIRECTION('ref_axis',(-1.,0.,0.));
#6940=DIRECTION('center_axis',(-0.606238000023856,0.,-0.795283274894597));
#6941=DIRECTION('ref_axis',(0.795283274894597,0.,-0.606238000023856));
#6942=DIRECTION('',(0.,-1.,0.));
#6943=DIRECTION('',(0.795283274894597,0.,-0.606238000023856));
#6944=DIRECTION('',(0.,-1.,0.));
#6945=DIRECTION('',(0.,-1.,0.));
#6946=DIRECTION('center_axis',(0.615130091213815,0.,0.78842562799752));
#6947=DIRECTION('ref_axis',(-0.78842562799752,0.,0.615130091213815));
#6948=DIRECTION('',(0.,-1.,0.));
#6949=DIRECTION('',(-0.78842562799752,0.,0.615130091213815));
#6950=DIRECTION('center_axis',(0.,1.,0.));
#6951=DIRECTION('ref_axis',(-1.,0.,0.));
#6952=DIRECTION('',(0.,-1.,0.));
#6953=DIRECTION('',(0.,-1.,0.));
#6954=DIRECTION('',(0.,-1.,0.));
#6955=DIRECTION('',(0.,-1.,0.));
#6956=DIRECTION('',(0.,-1.,0.));
#6957=DIRECTION('center_axis',(-0.00445991229877209,0.,-0.999990054541688));
#6958=DIRECTION('ref_axis',(0.999990054541688,0.,-0.00445991229877209));
#6959=DIRECTION('',(0.999990054541688,0.,-0.00445991229877209));
#6960=DIRECTION('',(0.999990054541688,0.,-0.00445991229877209));
#6961=DIRECTION('',(0.,-1.,0.));
#6962=DIRECTION('',(0.,-1.,0.));
#6963=DIRECTION('',(0.,-1.,0.));
#6964=DIRECTION('',(0.,-1.,0.));
#6965=DIRECTION('',(0.,-1.,0.));
#6966=DIRECTION('',(0.,-1.,0.));
#6967=DIRECTION('',(0.,-1.,0.));
#6968=DIRECTION('',(0.,-1.,0.));
#6969=DIRECTION('',(0.,-1.,0.));
#6970=DIRECTION('center_axis',(0.118946803333323,0.,-0.992900628450191));
#6971=DIRECTION('ref_axis',(0.992900628450191,0.,0.118946803333323));
#6972=DIRECTION('',(0.,-1.,0.));
#6973=DIRECTION('',(0.992900628450191,0.,0.118946803333323));
#6974=DIRECTION('',(0.,-1.,0.));
#6975=DIRECTION('',(0.,-1.,0.));
#6976=DIRECTION('',(0.,-1.,0.));
#6977=DIRECTION('',(0.,-1.,0.));
#6978=DIRECTION('center_axis',(0.00445991229876816,0.,0.999990054541688));
#6979=DIRECTION('ref_axis',(-0.999990054541688,0.,0.00445991229876816));
#6980=DIRECTION('',(0.,-1.,0.));
#6981=DIRECTION('',(-0.999990054541688,0.,0.00445991229876816));
#6982=DIRECTION('center_axis',(0.,1.,0.));
#6983=DIRECTION('ref_axis',(-1.,0.,0.));
#6984=DIRECTION('',(0.,-1.,0.));
#6985=DIRECTION('',(0.,-1.,0.));
#6986=DIRECTION('',(0.,-1.,0.));
#6987=DIRECTION('',(0.,-1.,0.));
#6988=DIRECTION('',(0.,-1.,0.));
#6989=DIRECTION('',(0.,-1.,0.));
#6990=DIRECTION('',(0.,-1.,0.));
#6991=DIRECTION('center_axis',(-0.00445991229845746,0.,-0.999990054541689));
#6992=DIRECTION('ref_axis',(0.999990054541689,0.,-0.00445991229845746));
#6993=DIRECTION('',(0.,-1.,0.));
#6994=DIRECTION('',(0.999990054541689,0.,-0.00445991229845746));
#6995=DIRECTION('center_axis',(0.999990054541688,0.,-0.00445991229877209));
#6996=DIRECTION('ref_axis',(0.00445991229877209,0.,0.999990054541688));
#6997=DIRECTION('',(0.,-1.,0.));
#6998=DIRECTION('',(0.00445991229877209,0.,0.999990054541687));
#6999=DIRECTION('center_axis',(-0.00445991229877218,0.,-0.999990054541688));
#7000=DIRECTION('ref_axis',(0.999990054541688,0.,-0.00445991229877218));
#7001=DIRECTION('',(0.,-1.,0.));
#7002=DIRECTION('',(0.999990054541688,0.,-0.00445991229877218));
#7003=DIRECTION('center_axis',(-0.999990054541688,0.,0.00445991229876851));
#7004=DIRECTION('ref_axis',(-0.00445991229876851,0.,-0.999990054541688));
#7005=DIRECTION('',(0.,-1.,0.));
#7006=DIRECTION('',(-0.00445991229876851,0.,-0.999990054541688));
#7007=DIRECTION('center_axis',(0.00445991229876566,0.,0.999990054541688));
#7008=DIRECTION('ref_axis',(-0.999990054541688,0.,0.00445991229876566));
#7009=DIRECTION('',(0.,-1.,0.));
#7010=DIRECTION('',(-0.999990054541688,0.,0.00445991229876566));
#7011=DIRECTION('center_axis',(0.999990054541688,0.,-0.00445991229876722));
#7012=DIRECTION('ref_axis',(0.00445991229876722,0.,0.999990054541688));
#7013=DIRECTION('',(0.,-1.,0.));
#7014=DIRECTION('',(0.00445991229876722,0.,0.999990054541688));
#7015=DIRECTION('',(0.,-1.,0.));
#7016=DIRECTION('',(0.,-1.,0.));
#7017=DIRECTION('',(0.,-1.,0.));
#7018=DIRECTION('',(0.,-1.,0.));
#7019=DIRECTION('',(0.,-1.,0.));
#7020=DIRECTION('center_axis',(-0.999990054541688,0.,0.00445991229876965));
#7021=DIRECTION('ref_axis',(-0.00445991229876965,0.,-0.999990054541688));
#7022=DIRECTION('',(0.,-1.,0.));
#7023=DIRECTION('',(-0.00445991229876965,0.,-0.999990054541688));
#7024=DIRECTION('center_axis',(0.00445991229877529,0.,0.999990054541688));
#7025=DIRECTION('ref_axis',(-0.999990054541688,0.,0.00445991229877529));
#7026=DIRECTION('',(0.,-1.,0.));
#7027=DIRECTION('',(-0.999990054541688,0.,0.00445991229877529));
#7028=DIRECTION('center_axis',(0.999990054541688,0.,-0.00445991229877163));
#7029=DIRECTION('ref_axis',(0.00445991229877163,0.,0.999990054541688));
#7030=DIRECTION('',(0.00445991229877163,0.,0.999990054541687));
#7031=DIRECTION('center_axis',(0.,1.,0.));
#7032=DIRECTION('ref_axis',(-1.,0.,0.));
#7033=DIRECTION('',(0.,-1.,0.));
#7034=DIRECTION('',(0.,-1.,0.));
#7035=DIRECTION('',(0.,-1.,0.));
#7036=DIRECTION('',(0.,-1.,0.));
#7037=DIRECTION('',(0.,-1.,0.));
#7038=DIRECTION('center_axis',(-0.00445991229877209,0.,-0.999990054541688));
#7039=DIRECTION('ref_axis',(0.999990054541688,0.,-0.00445991229877209));
#7040=DIRECTION('',(0.999990054541688,0.,-0.00445991229877209));
#7041=DIRECTION('',(0.999990054541688,0.,-0.00445991229877209));
#7042=DIRECTION('',(0.,-1.,0.));
#7043=DIRECTION('',(0.,-1.,0.));
#7044=DIRECTION('',(0.,-1.,0.));
#7045=DIRECTION('',(0.,-1.,0.));
#7046=DIRECTION('',(0.,-1.,0.));
#7047=DIRECTION('',(0.,-1.,0.));
#7048=DIRECTION('',(0.,-1.,0.));
#7049=DIRECTION('',(0.,-1.,0.));
#7050=DIRECTION('',(0.,-1.,0.));
#7051=DIRECTION('center_axis',(0.118949477084117,0.,-0.992900308138443));
#7052=DIRECTION('ref_axis',(0.992900308138443,0.,0.118949477084117));
#7053=DIRECTION('',(0.,-1.,0.));
#7054=DIRECTION('',(0.992900308138443,0.,0.118949477084117));
#7055=DIRECTION('',(0.,-1.,0.));
#7056=DIRECTION('',(0.,-1.,0.));
#7057=DIRECTION('',(0.,-1.,0.));
#7058=DIRECTION('',(0.,-1.,0.));
#7059=DIRECTION('center_axis',(0.00445991229876816,0.,0.999990054541688));
#7060=DIRECTION('ref_axis',(-0.999990054541688,0.,0.00445991229876816));
#7061=DIRECTION('',(0.,-1.,0.));
#7062=DIRECTION('',(-0.999990054541688,0.,0.00445991229876816));
#7063=DIRECTION('center_axis',(0.,1.,0.));
#7064=DIRECTION('ref_axis',(-1.,0.,0.));
#7065=DIRECTION('',(0.,-1.,0.));
#7066=DIRECTION('',(0.,-1.,0.));
#7067=DIRECTION('',(0.,-1.,0.));
#7068=DIRECTION('',(0.,-1.,0.));
#7069=DIRECTION('center_axis',(0.999990054541688,0.,-0.00445991229876701));
#7070=DIRECTION('ref_axis',(0.00445991229876701,0.,0.999990054541688));
#7071=DIRECTION('',(0.,-1.,0.));
#7072=DIRECTION('',(0.00445991229876701,0.,0.999990054541688));
#7073=DIRECTION('center_axis',(0.00445991229877901,0.,0.999990054541688));
#7074=DIRECTION('ref_axis',(-0.999990054541687,0.,0.00445991229877901));
#7075=DIRECTION('',(0.,-1.,0.));
#7076=DIRECTION('',(-0.999990054541687,0.,0.00445991229877901));
#7077=DIRECTION('center_axis',(0.999990054541688,0.,-0.00445991229875615));
#7078=DIRECTION('ref_axis',(0.00445991229875615,0.,0.999990054541688));
#7079=DIRECTION('',(0.,-1.,0.));
#7080=DIRECTION('',(0.00445991229875615,0.,0.999990054541688));
#7081=DIRECTION('center_axis',(-0.00445991229877901,0.,-0.999990054541688));
#7082=DIRECTION('ref_axis',(0.999990054541687,0.,-0.00445991229877901));
#7083=DIRECTION('',(0.,-1.,0.));
#7084=DIRECTION('',(0.999990054541687,0.,-0.00445991229877901));
#7085=DIRECTION('center_axis',(0.999990054541688,0.,-0.00445991229876453));
#7086=DIRECTION('ref_axis',(0.00445991229876453,0.,0.999990054541688));
#7087=DIRECTION('',(0.,-1.,0.));
#7088=DIRECTION('',(0.00445991229876453,0.,0.999990054541688));
#7089=DIRECTION('center_axis',(-0.521792551657768,0.,-0.853072407849694));
#7090=DIRECTION('ref_axis',(0.853072407849694,0.,-0.521792551657768));
#7091=DIRECTION('',(0.,-1.,0.));
#7092=DIRECTION('',(0.853072407849694,0.,-0.521792551657768));
#7093=DIRECTION('center_axis',(-0.999990054541688,0.,0.00445991229877458));
#7094=DIRECTION('ref_axis',(-0.00445991229877458,0.,-0.999990054541687));
#7095=DIRECTION('',(0.,-1.,0.));
#7096=DIRECTION('',(-0.00445991229877458,0.,-0.999990054541687));
#7097=DIRECTION('center_axis',(-0.00445991229876777,0.,-0.999990054541688));
#7098=DIRECTION('ref_axis',(0.999990054541688,0.,-0.00445991229876777));
#7099=DIRECTION('',(0.,-1.,0.));
#7100=DIRECTION('',(0.999990054541688,0.,-0.00445991229876777));
#7101=DIRECTION('center_axis',(-0.999990054541688,0.,0.00445991229875615));
#7102=DIRECTION('ref_axis',(-0.00445991229875615,0.,-0.999990054541688));
#7103=DIRECTION('',(0.,-1.,0.));
#7104=DIRECTION('',(-0.00445991229875615,0.,-0.999990054541688));
#7105=DIRECTION('center_axis',(0.00445991229876777,0.,0.999990054541688));
#7106=DIRECTION('ref_axis',(-0.999990054541688,0.,0.00445991229876777));
#7107=DIRECTION('',(0.,-1.,0.));
#7108=DIRECTION('',(-0.999990054541688,0.,0.00445991229876777));
#7109=DIRECTION('center_axis',(-0.999990054541688,0.,0.00445991229877208));
#7110=DIRECTION('ref_axis',(-0.00445991229877208,0.,-0.999990054541688));
#7111=DIRECTION('',(0.,-1.,0.));
#7112=DIRECTION('',(-0.00445991229877208,0.,-0.999990054541688));
#7113=DIRECTION('',(0.,-1.,0.));
#7114=DIRECTION('',(0.,-1.,0.));
#7115=DIRECTION('',(0.,-1.,0.));
#7116=DIRECTION('',(0.,-1.,0.));
#7117=DIRECTION('center_axis',(0.987313638580864,0.,-0.158782174919653));
#7118=DIRECTION('ref_axis',(0.158782174919653,0.,0.987313638580864));
#7119=DIRECTION('',(0.158782174919653,0.,0.987313638580864));
#7120=DIRECTION('center_axis',(0.,1.,0.));
#7121=DIRECTION('ref_axis',(-1.,0.,0.));
#7122=DIRECTION('',(0.,-1.,0.));
#7123=DIRECTION('',(0.,-1.,0.));
#7124=DIRECTION('',(0.,-1.,0.));
#7125=DIRECTION('',(0.,-1.,0.));
#7126=DIRECTION('',(0.,-1.,0.));
#7127=DIRECTION('',(0.,-1.,0.));
#7128=DIRECTION('',(0.,-1.,0.));
#7129=DIRECTION('',(0.,-1.,0.));
#7130=DIRECTION('',(0.,-1.,0.));
#7131=DIRECTION('center_axis',(-0.00445991229876176,0.,-0.999990054541688));
#7132=DIRECTION('ref_axis',(0.999990054541688,0.,-0.00445991229876176));
#7133=DIRECTION('',(0.,-1.,0.));
#7134=DIRECTION('',(0.999990054541688,0.,-0.00445991229876176));
#7135=DIRECTION('',(0.,-1.,0.));
#7136=DIRECTION('center_axis',(-0.999990054541688,0.,0.0044599122987679));
#7137=DIRECTION('ref_axis',(-0.0044599122987679,0.,-0.999990054541688));
#7138=DIRECTION('',(0.,-1.,0.));
#7139=DIRECTION('',(-0.0044599122987679,0.,-0.999990054541688));
#7140=DIRECTION('center_axis',(-0.00445991229845746,0.,-0.999990054541689));
#7141=DIRECTION('ref_axis',(0.999990054541689,0.,-0.00445991229845746));
#7142=DIRECTION('',(0.,-1.,0.));
#7143=DIRECTION('',(0.999990054541689,0.,-0.00445991229845746));
#7144=DIRECTION('',(0.,-1.,0.));
#7145=DIRECTION('',(0.,-1.,0.));
#7146=DIRECTION('',(0.,-1.,0.));
#7147=DIRECTION('',(0.,-1.,0.));
#7148=DIRECTION('',(0.,-1.,0.));
#7149=DIRECTION('',(0.,-1.,0.));
#7150=DIRECTION('center_axis',(0.00445991229845746,0.,0.999990054541689));
#7151=DIRECTION('ref_axis',(-0.999990054541689,0.,0.00445991229845746));
#7152=DIRECTION('',(0.,-1.,0.));
#7153=DIRECTION('',(-0.999990054541689,0.,0.00445991229845746));
#7154=DIRECTION('center_axis',(-0.999990054541688,0.,0.00445991229876754));
#7155=DIRECTION('ref_axis',(-0.00445991229876754,0.,-0.999990054541688));
#7156=DIRECTION('',(0.,-1.,0.));
#7157=DIRECTION('',(-0.00445991229876754,0.,-0.999990054541688));
#7158=DIRECTION('center_axis',(0.00445991229876094,0.,0.999990054541688));
#7159=DIRECTION('ref_axis',(-0.999990054541688,0.,0.00445991229876094));
#7160=DIRECTION('',(0.,-1.,0.));
#7161=DIRECTION('',(-0.999990054541688,0.,0.00445991229876094));
#7162=DIRECTION('center_axis',(0.999990054541688,0.,-0.00445991229876929));
#7163=DIRECTION('ref_axis',(0.00445991229876929,0.,0.999990054541688));
#7164=DIRECTION('',(0.00445991229876929,0.,0.999990054541688));
#7165=DIRECTION('center_axis',(0.,1.,0.));
#7166=DIRECTION('ref_axis',(-1.,0.,0.));
#7167=DIRECTION('',(0.,-1.,0.));
#7168=DIRECTION('',(0.,-1.,0.));
#7169=DIRECTION('',(0.,-1.,0.));
#7170=DIRECTION('',(0.,-1.,0.));
#7171=DIRECTION('',(0.,-1.,0.));
#7172=DIRECTION('center_axis',(-0.0044599122987721,0.,-0.999990054541688));
#7173=DIRECTION('ref_axis',(0.999990054541688,0.,-0.0044599122987721));
#7174=DIRECTION('',(0.999990054541688,0.,-0.0044599122987721));
#7175=DIRECTION('',(0.999990054541688,0.,-0.0044599122987721));
#7176=DIRECTION('',(0.,-1.,0.));
#7177=DIRECTION('',(0.,-1.,0.));
#7178=DIRECTION('',(0.,-1.,0.));
#7179=DIRECTION('',(0.,-1.,0.));
#7180=DIRECTION('',(0.,-1.,0.));
#7181=DIRECTION('',(0.,-1.,0.));
#7182=DIRECTION('',(0.,-1.,0.));
#7183=DIRECTION('',(0.,-1.,0.));
#7184=DIRECTION('',(0.,-1.,0.));
#7185=DIRECTION('center_axis',(0.11894814019435,0.,-0.992900468296951));
#7186=DIRECTION('ref_axis',(0.992900468296951,0.,0.11894814019435));
#7187=DIRECTION('',(0.,-1.,0.));
#7188=DIRECTION('',(0.992900468296951,0.,0.11894814019435));
#7189=DIRECTION('',(0.,-1.,0.));
#7190=DIRECTION('',(0.,-1.,0.));
#7191=DIRECTION('',(0.,-1.,0.));
#7192=DIRECTION('',(0.,-1.,0.));
#7193=DIRECTION('center_axis',(0.00445991229876729,0.,0.999990054541688));
#7194=DIRECTION('ref_axis',(-0.999990054541688,0.,0.00445991229876729));
#7195=DIRECTION('',(0.,-1.,0.));
#7196=DIRECTION('',(-0.999990054541688,0.,0.00445991229876729));
#7197=DIRECTION('center_axis',(0.,1.,0.));
#7198=DIRECTION('ref_axis',(-1.,0.,0.));
#7199=DIRECTION('',(0.,-1.,0.));
#7200=DIRECTION('',(0.,-1.,0.));
#7201=DIRECTION('',(0.,-1.,0.));
#7202=DIRECTION('',(0.,-1.,0.));
#7203=DIRECTION('center_axis',(0.999990054541688,0.,-0.00445991229877007));
#7204=DIRECTION('ref_axis',(0.00445991229877007,0.,0.999990054541688));
#7205=DIRECTION('',(0.,-1.,0.));
#7206=DIRECTION('',(0.00445991229877007,0.,0.999990054541688));
#7207=DIRECTION('center_axis',(0.00445991229877896,0.,0.999990054541688));
#7208=DIRECTION('ref_axis',(-0.999990054541687,0.,0.00445991229877896));
#7209=DIRECTION('',(0.,-1.,0.));
#7210=DIRECTION('',(-0.999990054541687,0.,0.00445991229877896));
#7211=DIRECTION('center_axis',(0.999990054541688,0.,-0.00445991229876978));
#7212=DIRECTION('ref_axis',(0.00445991229876978,0.,0.999990054541688));
#7213=DIRECTION('',(0.,-1.,0.));
#7214=DIRECTION('',(0.00445991229876978,0.,0.999990054541688));
#7215=DIRECTION('center_axis',(-0.00445991229877896,0.,-0.999990054541688));
#7216=DIRECTION('ref_axis',(0.999990054541687,0.,-0.00445991229877896));
#7217=DIRECTION('',(0.,-1.,0.));
#7218=DIRECTION('',(0.999990054541687,0.,-0.00445991229877896));
#7219=DIRECTION('center_axis',(0.999990054541688,0.,-0.00445991229876961));
#7220=DIRECTION('ref_axis',(0.00445991229876961,0.,0.999990054541688));
#7221=DIRECTION('',(0.,-1.,0.));
#7222=DIRECTION('',(0.00445991229876961,0.,0.999990054541688));
#7223=DIRECTION('center_axis',(-0.521792551657764,0.,-0.853072407849697));
#7224=DIRECTION('ref_axis',(0.853072407849697,0.,-0.521792551657764));
#7225=DIRECTION('',(0.,-1.,0.));
#7226=DIRECTION('',(0.853072407849697,0.,-0.521792551657764));
#7227=DIRECTION('center_axis',(-0.999990054541688,0.,0.00445991229876741));
#7228=DIRECTION('ref_axis',(-0.00445991229876741,0.,-0.999990054541688));
#7229=DIRECTION('',(0.,-1.,0.));
#7230=DIRECTION('',(-0.00445991229876741,0.,-0.999990054541688));
#7231=DIRECTION('center_axis',(-0.00445991229876254,0.,-0.999990054541688));
#7232=DIRECTION('ref_axis',(0.999990054541688,0.,-0.00445991229876254));
#7233=DIRECTION('',(0.,-1.,0.));
#7234=DIRECTION('',(0.999990054541688,0.,-0.00445991229876254));
#7235=DIRECTION('center_axis',(-0.999990054541688,0.,0.00445991229876978));
#7236=DIRECTION('ref_axis',(-0.00445991229876978,0.,-0.999990054541688));
#7237=DIRECTION('',(0.,-1.,0.));
#7238=DIRECTION('',(-0.00445991229876978,0.,-0.999990054541688));
#7239=DIRECTION('center_axis',(0.00445991229876254,0.,0.999990054541688));
#7240=DIRECTION('ref_axis',(-0.999990054541688,0.,0.00445991229876254));
#7241=DIRECTION('',(0.,-1.,0.));
#7242=DIRECTION('',(-0.999990054541688,0.,0.00445991229876254));
#7243=DIRECTION('center_axis',(-0.999990054541688,0.,0.00445991229876898));
#7244=DIRECTION('ref_axis',(-0.00445991229876898,0.,-0.999990054541688));
#7245=DIRECTION('',(0.,-1.,0.));
#7246=DIRECTION('',(-0.00445991229876898,0.,-0.999990054541688));
#7247=DIRECTION('',(0.,-1.,0.));
#7248=DIRECTION('',(0.,-1.,0.));
#7249=DIRECTION('',(0.,-1.,0.));
#7250=DIRECTION('',(0.,-1.,0.));
#7251=DIRECTION('center_axis',(0.987313638580862,0.,-0.158782174919664));
#7252=DIRECTION('ref_axis',(0.158782174919664,0.,0.987313638580862));
#7253=DIRECTION('',(0.158782174919664,0.,0.987313638580862));
#7254=DIRECTION('center_axis',(0.,1.,0.));
#7255=DIRECTION('ref_axis',(-1.,0.,0.));
#7256=DIRECTION('center_axis',(0.,1.,0.));
#7257=DIRECTION('ref_axis',(0.,0.,1.));
#7258=DIRECTION('center_axis',(0.,1.,0.));
#7259=DIRECTION('ref_axis',(0.,0.,1.));
#7260=DIRECTION('center_axis',(0.,1.,0.));
#7261=DIRECTION('ref_axis',(0.,0.,1.));
#7262=DIRECTION('center_axis',(0.,1.,0.));
#7263=DIRECTION('ref_axis',(0.,0.,1.));
#7264=DIRECTION('center_axis',(0.,1.,0.));
#7265=DIRECTION('ref_axis',(0.,0.,1.));
#7266=DIRECTION('center_axis',(0.,1.,0.));
#7267=DIRECTION('ref_axis',(1.,0.,0.));
#7268=DIRECTION('',(-1.,0.,0.));
#7269=DIRECTION('center_axis',(-1.19579726650976E-16,0.,1.));
#7270=DIRECTION('ref_axis',(-0.527046276694725,-0.849836585598801,0.));
#7271=DIRECTION('center_axis',(0.,0.,-1.));
#7272=DIRECTION('ref_axis',(-0.527046276694725,-0.849836585598801,0.));
#7273=DIRECTION('',(-1.19579726650976E-16,0.,1.));
#7274=DIRECTION('center_axis',(0.,0.,1.));
#7275=DIRECTION('ref_axis',(-0.527046276694725,-0.849836585598801,0.));
#7276=DIRECTION('center_axis',(0.,1.,0.));
#7277=DIRECTION('ref_axis',(0.,0.,1.));
#7278=DIRECTION('',(-1.,0.,0.));
#7279=DIRECTION('',(1.,0.,0.));
#7280=DIRECTION('center_axis',(0.,1.,0.));
#7281=DIRECTION('ref_axis',(1.,0.,0.));
#7282=DIRECTION('',(0.,0.,-1.));
#7283=DIRECTION('',(0.,0.,1.));
#7284=DIRECTION('',(1.,0.,3.5527136788005E-15));
#7285=DIRECTION('',(-1.,0.,-8.43474282716168E-17));
#7286=DIRECTION('',(-1.,0.,0.));
#7287=DIRECTION('',(0.,0.,1.));
#7288=DIRECTION('',(1.,0.,0.));
#7289=DIRECTION('',(-1.,0.,0.));
#7290=DIRECTION('center_axis',(0.,0.,1.));
#7291=DIRECTION('ref_axis',(1.,0.,0.));
#7292=DIRECTION('center_axis',(0.,0.,-1.));
#7293=DIRECTION('ref_axis',(-1.,0.,0.));
#7294=DIRECTION('center_axis',(0.,1.,0.));
#7295=DIRECTION('ref_axis',(0.,0.,1.));
#7296=DIRECTION('center_axis',(0.,0.573576436351046,0.819152044288992));
#7297=DIRECTION('ref_axis',(1.,0.,0.));
#7298=DIRECTION('center_axis',(0.,0.,-1.));
#7299=DIRECTION('ref_axis',(-0.707106781186547,0.707106781186548,0.));
#7300=DIRECTION('center_axis',(0.707106781186548,0.,0.707106781186548));
#7301=DIRECTION('ref_axis',(-0.707106781186547,0.,0.707106781186547));
#7302=DIRECTION('center_axis',(0.,0.,-1.));
#7303=DIRECTION('ref_axis',(-0.707106781186547,0.707106781186548,0.));
#7304=DIRECTION('center_axis',(0.707106781186548,-4.73316543132607E-30,
0.707106781186547));
#7305=DIRECTION('ref_axis',(-0.707106781186547,4.73316543132606E-30,0.707106781186548));
#7306=DIRECTION('',(0.,0.,-1.));
#7307=DIRECTION('center_axis',(0.,0.,-1.));
#7308=DIRECTION('ref_axis',(-1.,0.,0.));
#7309=DIRECTION('center_axis',(-1.,0.,-8.43474282716168E-17));
#7310=DIRECTION('ref_axis',(0.,0.707106781186548,0.707106781186547));
#7311=DIRECTION('center_axis',(0.707106781186548,0.,-0.707106781186548));
#7312=DIRECTION('ref_axis',(0.707106781186548,0.,0.707106781186548));
#7313=DIRECTION('center_axis',(-1.,0.,-2.53765262771465E-15));
#7314=DIRECTION('ref_axis',(-1.79439138135289E-15,0.707106781186548,0.707106781186547));
#7315=DIRECTION('',(-1.,0.,-2.53765262771465E-15));
#7316=DIRECTION('center_axis',(-1.,0.,-2.53765262771465E-15));
#7317=DIRECTION('ref_axis',(-2.53765262771465E-15,0.,1.));
#7318=DIRECTION('center_axis',(0.,1.,0.));
#7319=DIRECTION('ref_axis',(0.,0.,1.));
#7320=DIRECTION('center_axis',(0.,0.,1.));
#7321=DIRECTION('ref_axis',(1.,0.,0.));
#7322=DIRECTION('center_axis',(0.,1.,0.));
#7323=DIRECTION('ref_axis',(-0.707106781186548,0.,-0.707106781186548));
#7324=DIRECTION('center_axis',(0.,0.,1.));
#7325=DIRECTION('ref_axis',(0.707106781186547,0.707106781186548,0.));
#7326=DIRECTION('',(0.,0.,1.));
#7327=DIRECTION('center_axis',(0.,1.,0.));
#7328=DIRECTION('ref_axis',(0.,0.,1.));
#7329=DIRECTION('center_axis',(-1.,0.,0.));
#7330=DIRECTION('ref_axis',(0.,0.,1.));
#7331=DIRECTION('center_axis',(0.,1.,0.));
#7332=DIRECTION('ref_axis',(0.707106781186548,0.,-0.707106781186548));
#7333=DIRECTION('center_axis',(-1.,0.,0.));
#7334=DIRECTION('ref_axis',(0.,0.707106781186548,0.707106781186547));
#7335=DIRECTION('',(-1.,0.,0.));
#7336=DIRECTION('center_axis',(0.,0.,-1.));
#7337=DIRECTION('ref_axis',(1.,0.,0.));
#7338=DIRECTION('',(0.,1.,0.));
#7339=DIRECTION('',(1.,0.,0.));
#7340=DIRECTION('',(0.,-1.,0.));
#7341=DIRECTION('center_axis',(0.,-1.,0.));
#7342=DIRECTION('ref_axis',(1.,0.,0.));
#7343=DIRECTION('',(0.,-1.,0.));
#7344=DIRECTION('center_axis',(0.,-1.,0.));
#7345=DIRECTION('ref_axis',(1.,0.,0.));
#7346=DIRECTION('center_axis',(1.,0.,0.));
#7347=DIRECTION('ref_axis',(0.,0.,1.));
#7348=DIRECTION('',(0.,-1.,0.));
#7349=DIRECTION('',(0.,0.,1.));
#7350=DIRECTION('center_axis',(-1.,0.,0.));
#7351=DIRECTION('ref_axis',(0.,0.,-1.));
#7352=DIRECTION('',(0.,1.,0.));
#7353=DIRECTION('',(0.,0.,-1.));
#7354=DIRECTION('',(0.,-1.,0.));
#7355=DIRECTION('center_axis',(0.,-1.,0.));
#7356=DIRECTION('ref_axis',(0.,0.,-1.));
#7357=DIRECTION('',(0.,1.,0.));
#7358=DIRECTION('center_axis',(0.,-1.,0.));
#7359=DIRECTION('ref_axis',(0.,0.,-1.));
#7360=DIRECTION('center_axis',(2.53765262771465E-15,0.,-1.));
#7361=DIRECTION('ref_axis',(1.,0.,2.53765262771465E-15));
#7362=DIRECTION('',(0.,-1.,0.));
#7363=DIRECTION('',(1.,0.,2.53765262771465E-15));
#7364=DIRECTION('center_axis',(0.,0.,1.));
#7365=DIRECTION('ref_axis',(-1.,0.,0.));
#7366=DIRECTION('',(-1.,0.,0.));
#7367=DIRECTION('',(0.,-1.,0.));
#7368=DIRECTION('center_axis',(1.,0.,0.));
#7369=DIRECTION('ref_axis',(0.,0.,1.));
#7370=DIRECTION('',(0.,0.,1.));
#7371=DIRECTION('center_axis',(0.,1.,0.));
#7372=DIRECTION('ref_axis',(1.,0.,0.));
#7373=DIRECTION('center_axis',(-1.,0.,0.));
#7374=DIRECTION('ref_axis',(0.,0.,-1.));
#7375=DIRECTION('',(0.,0.,-1.));
#7376=DIRECTION('',(0.,-1.,0.));
#7377=DIRECTION('center_axis',(-3.5527136788005E-15,0.,1.));
#7378=DIRECTION('ref_axis',(-1.,0.,-3.5527136788005E-15));
#7379=DIRECTION('',(-1.,0.,-3.5527136788005E-15));
#7380=DIRECTION('center_axis',(0.,1.,0.));
#7381=DIRECTION('ref_axis',(1.,0.,0.));
#7382=CARTESIAN_POINT('',(0.,0.,0.));
#7383=CARTESIAN_POINT('Origin',(115.5,0.,158.75));
#7384=CARTESIAN_POINT('',(115.5,0.,70.));
#7385=CARTESIAN_POINT('',(108.497924617903,10.,70.));
#7386=CARTESIAN_POINT('',(95.8782852772582,28.0227127701464,70.));
#7387=CARTESIAN_POINT('',(115.5,0.,-146.462719335665));
#7388=CARTESIAN_POINT('',(115.5,0.,-158.75));
#7389=CARTESIAN_POINT('',(108.497924617903,10.,-139.460643953568));
#7390=CARTESIAN_POINT('',(79.2433222698719,51.7799020313739,-110.206041605537));
#7391=CARTESIAN_POINT('',(108.497924617903,10.,79.3749999999999));
#7392=CARTESIAN_POINT('Origin',(-115.5,0.,-158.75));
#7393=CARTESIAN_POINT('',(-108.497924617903,10.,70.));
#7394=CARTESIAN_POINT('',(-115.5,0.,70.));
#7395=CARTESIAN_POINT('',(-95.8782852772578,28.0227127701464,70.));
#7396=CARTESIAN_POINT('',(-108.497924617903,10.,-139.460643953568));
#7397=CARTESIAN_POINT('',(-108.497924617903,10.,-79.3750000000001));
#7398=CARTESIAN_POINT('',(-115.5,0.,-146.462719335665));
#7399=CARTESIAN_POINT('',(-89.9498100296287,36.4894528780679,-120.912529365294));
#7400=CARTESIAN_POINT('',(-115.5,0.,158.75));
#7401=CARTESIAN_POINT('Origin',(-77.6625293652939,27.8858063328022,-120.912529365294));
#7402=CARTESIAN_POINT('',(-96.2106439535679,10.,-151.747924617903));
#7403=CARTESIAN_POINT('Origin',(-90.1863057864809,10.,-133.436305786481));
#7404=CARTESIAN_POINT('',(-103.212719335665,0.,-158.75));
#7405=CARTESIAN_POINT('',(-77.6625293652939,36.4894528780679,-133.199810029629));
#7406=CARTESIAN_POINT('Origin',(-97.188381168578,0.,-140.438381168578));
#7407=CARTESIAN_POINT('Origin',(66.956041605537,43.1762554861082,-110.206041605537));
#7408=CARTESIAN_POINT('',(96.2106439535682,10.,-151.747924617903));
#7409=CARTESIAN_POINT('Origin',(90.1863057864812,10.,-133.436305786481));
#7410=CARTESIAN_POINT('',(103.212719335665,0.,-158.75));
#7411=CARTESIAN_POINT('Origin',(97.1883811685783,0.,-140.438381168578));
#7412=CARTESIAN_POINT('',(66.956041605537,51.7799020313739,-122.493322269872));
#7413=CARTESIAN_POINT('Origin',(115.5,0.,-158.75));
#7414=CARTESIAN_POINT('',(57.75,10.,-151.747924617903));
#7415=CARTESIAN_POINT('',(-115.5,0.,-158.75));
#7416=CARTESIAN_POINT('Origin',(-1.4210854715202E-13,10.,1.06581410364015E-13));
#7417=CARTESIAN_POINT('',(1.33226762955019E-14,10.,70.));
#7418=CARTESIAN_POINT('',(2.5,10.,-102.5));
#7419=CARTESIAN_POINT('',(2.5,10.,-93.7416573867739));
#7420=CARTESIAN_POINT('',(2.5,10.,-52.4999999999999));
#7421=CARTESIAN_POINT('',(-2.5,10.,-93.7416573867739));
#7422=CARTESIAN_POINT('Origin',(0.,10.,-90.));
#7423=CARTESIAN_POINT('',(-2.5,10.,-102.5));
#7424=CARTESIAN_POINT('',(-2.5,10.,-46.8708286933869));
#7425=CARTESIAN_POINT('Origin',(0.,10.,-102.5));
#7426=CARTESIAN_POINT('Origin',(-93.3000000000002,4.72072432925117,70.));
#7427=CARTESIAN_POINT('',(-93.3000000000002,3.72072432925117,85.));
#7428=CARTESIAN_POINT('',(-94.3000000000001,4.72072432925117,85.));
#7429=CARTESIAN_POINT('Origin',(-93.3000000000002,4.72072432925117,85.));
#7430=CARTESIAN_POINT('',(-94.3000000000001,4.72072432925117,70.));
#7431=CARTESIAN_POINT('',(-94.3000000000001,4.72072432925117,70.));
#7432=CARTESIAN_POINT('',(-93.3000000000002,3.72072432925117,70.));
#7433=CARTESIAN_POINT('Origin',(-93.3000000000002,4.72072432925117,70.));
#7434=CARTESIAN_POINT('',(-93.3000000000002,3.72072432925117,70.));
#7435=CARTESIAN_POINT('Origin',(-91.3000000000001,4.72072432925117,85.));
#7436=CARTESIAN_POINT('',(-91.3000000000001,3.72072432925117,87.));
#7437=CARTESIAN_POINT('',(-91.3000000000001,4.72072432925117,88.));
#7438=CARTESIAN_POINT('Origin',(-91.3000000000001,4.72072432925117,87.));
#7439=CARTESIAN_POINT('Origin',(-91.3000000000001,4.72072432925117,85.));
#7440=CARTESIAN_POINT('Origin',(-91.3000000000001,3.72072432925117,85.));
#7441=CARTESIAN_POINT('Origin',(47.1499999999998,4.72072432925117,87.));
#7442=CARTESIAN_POINT('',(91.2999999999998,3.72072432925117,87.));
#7443=CARTESIAN_POINT('',(91.2999999999998,4.72072432925117,88.));
#7444=CARTESIAN_POINT('Origin',(91.2999999999998,4.72072432925117,87.));
#7445=CARTESIAN_POINT('',(47.1499999999998,4.72072432925117,88.));
#7446=CARTESIAN_POINT('',(47.1499999999998,3.72072432925117,87.));
#7447=CARTESIAN_POINT('Origin',(91.2999999999998,4.72072432925117,85.));
#7448=CARTESIAN_POINT('',(93.2999999999998,3.72072432925117,85.));
#7449=CARTESIAN_POINT('',(94.2999999999998,4.72072432925117,85.));
#7450=CARTESIAN_POINT('Origin',(93.2999999999998,4.72072432925117,85.));
#7451=CARTESIAN_POINT('Origin',(91.2999999999998,4.72072432925117,85.));
#7452=CARTESIAN_POINT('Origin',(91.2999999999998,3.72072432925117,85.));
#7453=CARTESIAN_POINT('Origin',(93.2999999999998,4.72072432925117,70.));
#7454=CARTESIAN_POINT('',(93.2999999999998,3.72072432925117,70.));
#7455=CARTESIAN_POINT('',(94.2999999999998,4.72072432925117,70.));
#7456=CARTESIAN_POINT('Origin',(93.2999999999998,4.72072432925117,70.));
#7457=CARTESIAN_POINT('',(94.2999999999998,4.72072432925117,70.));
#7458=CARTESIAN_POINT('',(93.2999999999998,3.72072432925117,70.));
#7459=CARTESIAN_POINT('Origin',(94.2999999999998,3.72072432925117,70.));
#7460=CARTESIAN_POINT('',(-92.9457670942426,3.72072432925117,70.));
#7461=CARTESIAN_POINT('',(-47.15,3.72072432925117,70.));
#7462=CARTESIAN_POINT('',(-92.9457670942427,3.72072432925117,66.));
#7463=CARTESIAN_POINT('',(-92.9457670942427,3.72072432925117,70.));
#7464=CARTESIAN_POINT('',(92.9457670942423,3.72072432925117,66.));
#7465=CARTESIAN_POINT('',(94.2999999999998,3.72072432925117,66.));
#7466=CARTESIAN_POINT('',(92.9457670942423,3.72072432925117,70.));
#7467=CARTESIAN_POINT('',(92.9457670942423,3.72072432925117,70.));
#7468=CARTESIAN_POINT('',(-47.15,3.72072432925117,70.));
#7469=CARTESIAN_POINT('Origin',(-91.3000000000001,6.18018108231279,85.));
#7470=CARTESIAN_POINT('',(-91.3000000000001,6.8,88.));
#7471=CARTESIAN_POINT('',(-91.3000000000001,6.18018108231279,88.));
#7472=CARTESIAN_POINT('',(-94.3000000000001,6.8,85.));
#7473=CARTESIAN_POINT('Origin',(-91.3000000000001,6.8,85.));
#7474=CARTESIAN_POINT('',(-94.3000000000001,6.18018108231279,85.));
#7475=CARTESIAN_POINT('Origin',(94.2999999999998,6.8,70.));
#7476=CARTESIAN_POINT('',(91.2999999999998,6.8,88.));
#7477=CARTESIAN_POINT('',(47.1499999999998,6.8,88.));
#7478=CARTESIAN_POINT('',(94.2999999999998,6.8,85.));
#7479=CARTESIAN_POINT('Origin',(91.2999999999998,6.8,85.));
#7480=CARTESIAN_POINT('',(94.2999999999998,6.8,70.));
#7481=CARTESIAN_POINT('',(94.2999999999998,6.8,70.));
#7482=CARTESIAN_POINT('',(-94.3000000000001,6.8,70.));
#7483=CARTESIAN_POINT('',(47.15,6.8,70.));
#7484=CARTESIAN_POINT('',(-94.3000000000001,6.8,70.));
#7485=CARTESIAN_POINT('Origin',(-1.59872115546023E-13,5.36036216462559,
88.));
#7486=CARTESIAN_POINT('',(91.2999999999998,4.54054324693838,88.));
#7487=CARTESIAN_POINT('Origin',(91.2999999999998,4.54054324693838,85.));
#7488=CARTESIAN_POINT('',(94.2999999999998,4.54054324693838,85.));
#7489=CARTESIAN_POINT('Origin',(94.2999999999998,3.72072432925117,70.));
#7490=CARTESIAN_POINT('',(94.2999999999998,3.18536216462559,70.));
#7491=CARTESIAN_POINT('Origin',(-94.3000000000001,7.,70.));
#7492=CARTESIAN_POINT('',(-94.3000000000001,4.825,70.));
#7493=CARTESIAN_POINT('Origin',(1.68753899743024E-13,2.65,70.));
#7494=CARTESIAN_POINT('',(-97.8010376910487,0.,70.));
#7495=CARTESIAN_POINT('',(1.64313007644523E-13,0.,70.));
#7496=CARTESIAN_POINT('',(-93.1025745871192,3.28989928337165,70.));
#7497=CARTESIAN_POINT('Origin',(-97.8010376910487,5.,70.));
#7498=CARTESIAN_POINT('',(-87.1615804534729,19.6126465146772,70.));
#7499=CARTESIAN_POINT('',(93.1025745871188,3.28989928337166,70.));
#7500=CARTESIAN_POINT('',(88.3586509551124,16.3237223419264,70.));
#7501=CARTESIAN_POINT('',(97.8010376910484,0.,70.));
#7502=CARTESIAN_POINT('Origin',(97.8010376910484,5.,70.));
#7503=CARTESIAN_POINT('',(1.64313007644523E-13,0.,70.));
#7504=CARTESIAN_POINT('Origin',(-1.59872115546023E-13,4.14509382811675,
64.4162314690511));
#7505=CARTESIAN_POINT('',(92.8482415639017,3.9886735216823,65.));
#7506=CARTESIAN_POINT('',(-92.848241563902,3.9886735216823,65.));
#7507=CARTESIAN_POINT('',(49.8999999999998,3.9886735216823,65.));
#7508=CARTESIAN_POINT('',(92.6917396407842,4.41865902154895,63.3952722679797));
#7509=CARTESIAN_POINT('',(-92.6017269829564,4.66596676639675,62.4723071991025));
#7510=CARTESIAN_POINT('Origin',(-91.9058589967205,6.57784834550136,70.));
#7511=CARTESIAN_POINT('',(-93.1025745871192,3.28989928337165,65.));
#7512=CARTESIAN_POINT('',(-92.862179230596,3.95038009716079,65.));
#7513=CARTESIAN_POINT('',(-93.1025745871192,3.28989928337165,34.9999999999999));
#7514=CARTESIAN_POINT('Origin',(49.8999999999998,4.,62.));
#7515=CARTESIAN_POINT('',(98.2999999999998,4.,65.));
#7516=CARTESIAN_POINT('',(-98.3000000000001,4.,65.));
#7517=CARTESIAN_POINT('',(49.8999999999998,4.,65.));
#7518=CARTESIAN_POINT('',(-98.3000000000001,7.,62.));
#7519=CARTESIAN_POINT('Origin',(-98.3000000000001,4.,62.));
#7520=CARTESIAN_POINT('',(98.2999999999998,7.,62.));
#7521=CARTESIAN_POINT('',(-49.9000000000001,7.,62.));
#7522=CARTESIAN_POINT('Origin',(98.2999999999998,4.,62.));
#7523=CARTESIAN_POINT('Origin',(-1.50990331349021E-13,7.,1.06581410364015E-13));
#7524=CARTESIAN_POINT('',(-98.3000000000002,7.,-131.55));
#7525=CARTESIAN_POINT('',(-98.3000000000001,7.,69.2749999999999));
#7526=CARTESIAN_POINT('',(-88.3000000000002,7.,-141.55));
#7527=CARTESIAN_POINT('Origin',(-98.3000000000002,7.,-141.55));
#7528=CARTESIAN_POINT('',(88.2999999999998,7.,-141.55));
#7529=CARTESIAN_POINT('',(-47.6500000000002,7.,-141.55));
#7530=CARTESIAN_POINT('',(98.2999999999999,7.,-131.55));
#7531=CARTESIAN_POINT('Origin',(98.2999999999999,7.,-141.55));
#7532=CARTESIAN_POINT('',(98.2999999999998,7.,-69.2750000000001));
#7533=CARTESIAN_POINT('',(4.91421356237309,7.,-92.4699200520236));
#7534=CARTESIAN_POINT('',(-4.91421356237309,7.,-92.4699200520236));
#7535=CARTESIAN_POINT('Origin',(0.,7.,-90.));
#7536=CARTESIAN_POINT('',(4.91421356237309,7.,-102.5));
#7537=CARTESIAN_POINT('',(4.91421356237309,7.,-26.2499999999999));
#7538=CARTESIAN_POINT('',(-4.91421356237309,7.,-102.5));
#7539=CARTESIAN_POINT('Origin',(0.,7.,-102.5));
#7540=CARTESIAN_POINT('',(-4.91421356237309,7.,-23.4354143466934));
#7541=CARTESIAN_POINT('Origin',(94.2999999999998,0.,70.));
#7542=CARTESIAN_POINT('',(93.1025745871188,3.28989928337166,65.));
#7543=CARTESIAN_POINT('',(94.0592497322355,0.661455924410114,65.));
#7544=CARTESIAN_POINT('',(93.1025745871188,3.28989928337166,34.9999999999999));
#7545=CARTESIAN_POINT('Origin',(-97.8010376910487,5.,34.9999999999999));
#7546=CARTESIAN_POINT('',(-97.8010376910487,-4.20144758185914E-31,65.));
#7547=CARTESIAN_POINT('',(-97.8010376910487,0.,34.9999999999999));
#7548=CARTESIAN_POINT('Origin',(-97.8010376910487,5.,65.));
#7549=CARTESIAN_POINT('Origin',(97.8010376910484,5.,34.9999999999999));
#7550=CARTESIAN_POINT('',(97.8010376910484,-4.78965024331943E-30,65.));
#7551=CARTESIAN_POINT('Origin',(97.8010376910484,5.,65.));
#7552=CARTESIAN_POINT('',(97.8010376910484,0.,34.9999999999999));
#7553=CARTESIAN_POINT('Origin',(99.7999999999998,3.5,65.));
#7554=CARTESIAN_POINT('',(102.3,-1.9161252101249E-30,65.));
#7555=CARTESIAN_POINT('Origin',(98.2999999999998,0.,65.));
#7556=CARTESIAN_POINT('',(105.3,0.,65.));
#7557=CARTESIAN_POINT('',(-102.3,-1.68081158782886E-31,65.));
#7558=CARTESIAN_POINT('',(-105.3,0.,65.));
#7559=CARTESIAN_POINT('Origin',(-98.3000000000001,0.,65.));
#7560=CARTESIAN_POINT('Origin',(-98.3000000000001,0.,62.));
#7561=CARTESIAN_POINT('',(-105.3,0.,62.));
#7562=CARTESIAN_POINT('Origin',(-102.3,0.,62.));
#7563=CARTESIAN_POINT('Origin',(-98.3000000000001,0.,62.));
#7564=CARTESIAN_POINT('Origin',(-98.3000000000001,0.,69.2749999999999));
#7565=CARTESIAN_POINT('',(-105.3,0.,-138.55));
#7566=CARTESIAN_POINT('',(-105.3,0.,148.55));
#7567=CARTESIAN_POINT('Origin',(-98.3000000000001,0.,-131.55));
#7568=CARTESIAN_POINT('Origin',(98.2999999999998,0.,62.));
#7569=CARTESIAN_POINT('',(105.3,0.,62.));
#7570=CARTESIAN_POINT('Origin',(98.2999999999998,0.,62.));
#7571=CARTESIAN_POINT('Origin',(102.3,0.,62.));
#7572=CARTESIAN_POINT('Origin',(-100.3,-4.7,-143.55));
#7573=CARTESIAN_POINT('',(-98.3000000000002,-4.7,-138.55));
#7574=CARTESIAN_POINT('',(-105.3,-4.7,-138.55));
#7575=CARTESIAN_POINT('',(-98.3000000000002,-4.7,-138.55));
#7576=CARTESIAN_POINT('',(-105.3,-4.7,-148.55));
#7577=CARTESIAN_POINT('',(-105.3,-4.7,-138.55));
#7578=CARTESIAN_POINT('',(-95.3000000000002,-4.7,-148.55));
#7579=CARTESIAN_POINT('',(-105.3,-4.7,-148.55));
#7580=CARTESIAN_POINT('',(-95.3000000000002,-4.7,-141.55));
#7581=CARTESIAN_POINT('',(-95.3000000000002,-4.7,-148.55));
#7582=CARTESIAN_POINT('Origin',(-98.3000000000002,-4.7,-141.55));
#7583=CARTESIAN_POINT('Origin',(-98.3000000000002,0.,-138.55));
#7584=CARTESIAN_POINT('',(-98.3000000000002,0.,-138.55));
#7585=CARTESIAN_POINT('',(-49.1500000000002,0.,-138.55));
#7586=CARTESIAN_POINT('',(-105.3,0.,-138.55));
#7587=CARTESIAN_POINT('',(-98.3000000000002,0.,-138.55));
#7588=CARTESIAN_POINT('Origin',(-105.3,0.,-138.55));
#7589=CARTESIAN_POINT('',(-105.3,0.,-148.55));
#7590=CARTESIAN_POINT('',(-105.3,0.,-138.55));
#7591=CARTESIAN_POINT('',(-105.3,0.,-148.55));
#7592=CARTESIAN_POINT('Origin',(-105.3,0.,-148.55));
#7593=CARTESIAN_POINT('',(-95.3000000000002,0.,-148.55));
#7594=CARTESIAN_POINT('',(-105.3,0.,-148.55));
#7595=CARTESIAN_POINT('',(-95.3000000000002,0.,-148.55));
#7596=CARTESIAN_POINT('Origin',(-95.3000000000002,0.,-148.55));
#7597=CARTESIAN_POINT('',(-95.3000000000002,0.,-141.55));
#7598=CARTESIAN_POINT('',(-95.3000000000002,0.,-74.2750000000001));
#7599=CARTESIAN_POINT('',(-95.3000000000002,0.,-141.55));
#7600=CARTESIAN_POINT('Origin',(-98.3000000000002,0.,-141.55));
#7601=CARTESIAN_POINT('Origin',(-98.3000000000002,0.,-141.55));
#7602=CARTESIAN_POINT('Origin',(100.3,-4.7,-143.55));
#7603=CARTESIAN_POINT('',(98.2999999999999,-4.7,-138.55));
#7604=CARTESIAN_POINT('',(95.2999999999998,-4.7,-141.55));
#7605=CARTESIAN_POINT('Origin',(98.2999999999999,-4.7,-141.55));
#7606=CARTESIAN_POINT('',(95.2999999999998,-4.7,-148.55));
#7607=CARTESIAN_POINT('',(95.2999999999998,-4.7,-148.55));
#7608=CARTESIAN_POINT('',(105.3,-4.7,-148.55));
#7609=CARTESIAN_POINT('',(105.3,-4.7,-148.55));
#7610=CARTESIAN_POINT('',(105.3,-4.7,-138.55));
#7611=CARTESIAN_POINT('',(105.3,-4.7,-138.55));
#7612=CARTESIAN_POINT('',(98.2999999999999,-4.7,-138.55));
#7613=CARTESIAN_POINT('Origin',(98.2999999999999,0.,-141.55));
#7614=CARTESIAN_POINT('',(95.2999999999998,0.,-141.55));
#7615=CARTESIAN_POINT('',(98.2999999999999,0.,-138.55));
#7616=CARTESIAN_POINT('Origin',(98.2999999999999,0.,-141.55));
#7617=CARTESIAN_POINT('',(95.2999999999998,0.,-141.55));
#7618=CARTESIAN_POINT('',(98.2999999999999,0.,-138.55));
#7619=CARTESIAN_POINT('Origin',(95.2999999999998,0.,-141.55));
#7620=CARTESIAN_POINT('',(95.2999999999998,0.,-148.55));
#7621=CARTESIAN_POINT('',(95.2999999999998,0.,-70.7750000000001));
#7622=CARTESIAN_POINT('',(95.2999999999998,0.,-148.55));
#7623=CARTESIAN_POINT('Origin',(95.2999999999998,0.,-148.55));
#7624=CARTESIAN_POINT('',(105.3,0.,-148.55));
#7625=CARTESIAN_POINT('',(105.3,0.,-148.55));
#7626=CARTESIAN_POINT('',(105.3,0.,-148.55));
#7627=CARTESIAN_POINT('Origin',(105.3,0.,-148.55));
#7628=CARTESIAN_POINT('',(105.3,0.,-138.55));
#7629=CARTESIAN_POINT('',(105.3,0.,-138.55));
#7630=CARTESIAN_POINT('',(105.3,0.,-138.55));
#7631=CARTESIAN_POINT('Origin',(105.3,0.,-138.55));
#7632=CARTESIAN_POINT('',(52.6499999999998,0.,-138.55));
#7633=CARTESIAN_POINT('Origin',(-88.3000000000002,0.,-74.2750000000001));
#7634=CARTESIAN_POINT('Origin',(-88.3000000000002,0.,-141.55));
#7635=CARTESIAN_POINT('Origin',(-88.3000000000002,0.,-141.55));
#7636=CARTESIAN_POINT('Origin',(-98.3000000000002,0.,-141.55));
#7637=CARTESIAN_POINT('Origin',(-98.3000000000002,0.,-131.55));
#7638=CARTESIAN_POINT('Origin',(52.6499999999998,0.,-131.55));
#7639=CARTESIAN_POINT('Origin',(98.2999999999999,0.,-131.55));
#7640=CARTESIAN_POINT('Origin',(98.2999999999998,0.,-131.55));
#7641=CARTESIAN_POINT('Origin',(98.2999999999999,0.,-141.55));
#7642=CARTESIAN_POINT('Origin',(88.2999999999998,0.,-141.55));
#7643=CARTESIAN_POINT('Origin',(88.2999999999998,0.,-70.7750000000001));
#7644=CARTESIAN_POINT('Origin',(88.2999999999998,0.,-141.55));
#7645=CARTESIAN_POINT('Origin',(98.2999999999998,0.,-69.2750000000001));
#7646=CARTESIAN_POINT('',(105.3,0.,-148.55));
#7647=CARTESIAN_POINT('Origin',(-49.1500000000002,0.,-131.55));
#7648=CARTESIAN_POINT('Origin',(-47.6500000000002,0.,-141.55));
#7649=CARTESIAN_POINT('',(-105.3,0.,-148.55));
#7650=CARTESIAN_POINT('Origin',(2.5,10.,-105.));
#7651=CARTESIAN_POINT('',(2.5,9.,-93.7416573867739));
#7652=CARTESIAN_POINT('',(2.5,9.,-102.5));
#7653=CARTESIAN_POINT('',(2.5,9.,-52.4999999999999));
#7654=CARTESIAN_POINT('',(2.5,10.,-93.7416573867739));
#7655=CARTESIAN_POINT('',(2.5,10.,-102.5));
#7656=CARTESIAN_POINT('Origin',(0.,10.,-102.5));
#7657=CARTESIAN_POINT('',(-2.5,9.,-102.5));
#7658=CARTESIAN_POINT('Origin',(0.,9.,-102.5));
#7659=CARTESIAN_POINT('',(-2.5,10.,-102.5));
#7660=CARTESIAN_POINT('Origin',(-2.5,10.,-93.7416573867739));
#7661=CARTESIAN_POINT('',(-2.5,9.,-93.7416573867739));
#7662=CARTESIAN_POINT('',(-2.5,9.,-46.8708286933869));
#7663=CARTESIAN_POINT('',(-2.5,10.,-93.7416573867739));
#7664=CARTESIAN_POINT('Origin',(-3.5,8.,-46.8708286933869));
#7665=CARTESIAN_POINT('',(-4.20710678118654,7.29289321881345,-102.5));
#7666=CARTESIAN_POINT('',(-4.20710678118655,7.29289321881345,-92.2961005941905));
#7667=CARTESIAN_POINT('',(-4.20710678118655,7.29289321881345,-23.4354143466934));
#7668=CARTESIAN_POINT('',(-2.5,9.,-102.5));
#7669=CARTESIAN_POINT('',(-3.5,8.,-92.8284271247462));
#7670=CARTESIAN_POINT('Origin',(0.,11.5,-90.));
#7671=CARTESIAN_POINT('Ctrl Pts',(-4.20710678118655,7.29289321881345,-92.2961005941905));
#7672=CARTESIAN_POINT('Ctrl Pts',(-4.18077167289494,7.31922832710506,-92.289381921102));
#7673=CARTESIAN_POINT('Ctrl Pts',(-4.15184029432507,7.34815970567493,-92.2889320345373));
#7674=CARTESIAN_POINT('Ctrl Pts',(-4.08064415226742,7.41935584773258,-92.2991419471856));
#7675=CARTESIAN_POINT('Ctrl Pts',(-4.02746194097226,7.47253805902774,-92.3226857520505));
#7676=CARTESIAN_POINT('Ctrl Pts',(-3.81309637845899,7.68690362154101,-92.4524068201595));
#7677=CARTESIAN_POINT('Ctrl Pts',(-3.64052621963087,7.85947378036913,-92.6545347997841));
#7678=CARTESIAN_POINT('Ctrl Pts',(-3.5,8.,-92.8284271247462));
#7679=CARTESIAN_POINT('Origin',(0.,8.,-102.5));
#7680=CARTESIAN_POINT('',(4.20710678118655,7.29289321881345,-102.5));
#7681=CARTESIAN_POINT('Origin',(-5.00445730235349E-16,7.29289321881346,
-102.5));
#7682=CARTESIAN_POINT('',(2.5,9.,-102.5));
#7683=CARTESIAN_POINT('Origin',(0.,10.,-90.));
#7684=CARTESIAN_POINT('',(3.5,8.,-92.8284271247462));
#7685=CARTESIAN_POINT('Origin',(0.,8.,-90.));
#7686=CARTESIAN_POINT('Origin',(0.,11.5,-90.));
#7687=CARTESIAN_POINT('Origin',(3.5,8.,-52.4999999999999));
#7688=CARTESIAN_POINT('',(4.20710678118655,7.29289321881345,-92.2961005941905));
#7689=CARTESIAN_POINT('',(4.20710678118655,7.29289321881345,-26.2499999999999));
#7690=CARTESIAN_POINT('Ctrl Pts',(3.5,8.,-92.8284271247462));
#7691=CARTESIAN_POINT('Ctrl Pts',(3.64052621963088,7.85947378036913,-92.6545347997841));
#7692=CARTESIAN_POINT('Ctrl Pts',(3.81309637845899,7.68690362154101,-92.4524068201595));
#7693=CARTESIAN_POINT('Ctrl Pts',(4.02746194097226,7.47253805902774,-92.3226857520505));
#7694=CARTESIAN_POINT('Ctrl Pts',(4.08064415226742,7.41935584773258,-92.2991419471856));
#7695=CARTESIAN_POINT('Ctrl Pts',(4.15184029432507,7.34815970567493,-92.2889320345373));
#7696=CARTESIAN_POINT('Ctrl Pts',(4.18077167289494,7.31922832710506,-92.289381921102));
#7697=CARTESIAN_POINT('Ctrl Pts',(4.20710678118655,7.29289321881345,-92.2961005941905));
#7698=CARTESIAN_POINT('Origin',(4.91421356237309,8.,-26.2499999999999));
#7699=CARTESIAN_POINT('Origin',(4.91421356237309,8.,-102.5));
#7700=CARTESIAN_POINT('Ctrl Pts',(4.91421356237309,7.,-92.4699200520236));
#7701=CARTESIAN_POINT('Ctrl Pts',(4.91264156095635,7.,-92.4695472233124));
#7702=CARTESIAN_POINT('Ctrl Pts',(4.9110695802297,7.00000370678268,-92.469174315091));
#7703=CARTESIAN_POINT('Ctrl Pts',(4.77913940059885,7.00062588707065,-92.4378704961183));
#7704=CARTESIAN_POINT('Ctrl Pts',(4.65002038927755,7.02672509670197,-92.4066296741184));
#7705=CARTESIAN_POINT('Ctrl Pts',(4.40946709302589,7.12699967466139,-92.3473457799972));
#7706=CARTESIAN_POINT('Ctrl Pts',(4.29983832469698,7.20016167530302,-92.3197584777633));
#7707=CARTESIAN_POINT('Ctrl Pts',(4.20710678118655,7.29289321881345,-92.2961005941905));
#7708=CARTESIAN_POINT('Origin',(0.,8.,-102.5));
#7709=CARTESIAN_POINT('Origin',(-4.91421356237309,8.,-102.5));
#7710=CARTESIAN_POINT('Origin',(-4.91421356237309,8.,-23.4354143466934));
#7711=CARTESIAN_POINT('Ctrl Pts',(-4.91421356237309,7.,-92.4699200520236));
#7712=CARTESIAN_POINT('Ctrl Pts',(-4.91264156095634,7.,-92.4695472233124));
#7713=CARTESIAN_POINT('Ctrl Pts',(-4.9110695802297,7.00000370678268,-92.469174315091));
#7714=CARTESIAN_POINT('Ctrl Pts',(-4.77913940059866,7.00062588707065,-92.4378704961183));
#7715=CARTESIAN_POINT('Ctrl Pts',(-4.65002038927752,7.02672509670198,-92.4066296741184));
#7716=CARTESIAN_POINT('Ctrl Pts',(-4.4094670930259,7.12699967466139,-92.3473457799972));
#7717=CARTESIAN_POINT('Ctrl Pts',(-4.29983832469699,7.20016167530301,-92.3197584777633));
#7718=CARTESIAN_POINT('Ctrl Pts',(-4.20710678118655,7.29289321881345,-92.2961005941905));
#7719=CARTESIAN_POINT('Origin',(0.,8.,-90.));
#7720=CARTESIAN_POINT('Origin',(1.59872115546023E-13,0.,-2.30926389122033E-13));
#7721=CARTESIAN_POINT('Origin',(-115.5,0.,-158.75));
#7722=CARTESIAN_POINT('',(-108.497924617903,10.,70.));
#7723=CARTESIAN_POINT('',(-115.5,0.,70.));
#7724=CARTESIAN_POINT('',(-95.8782852772578,28.0227127701464,70.));
#7725=CARTESIAN_POINT('',(-115.5,0.,146.462719335665));
#7726=CARTESIAN_POINT('',(-115.5,0.,158.75));
#7727=CARTESIAN_POINT('',(-108.497924617903,10.,139.460643953568));
#7728=CARTESIAN_POINT('',(-79.2433222698716,51.7799020313739,110.206041605537));
#7729=CARTESIAN_POINT('',(-108.497924617903,10.,-79.3750000000001));
#7730=CARTESIAN_POINT('Origin',(-66.9560416055367,43.1762554861082,110.206041605537));
#7731=CARTESIAN_POINT('',(-96.2106439535678,10.,151.747924617903));
#7732=CARTESIAN_POINT('Origin',(-90.1863057864809,10.,133.436305786481));
#7733=CARTESIAN_POINT('',(-103.212719335665,0.,158.75));
#7734=CARTESIAN_POINT('Origin',(-97.188381168578,0.,140.438381168578));
#7735=CARTESIAN_POINT('',(-66.9560416055367,51.7799020313739,122.493322269871));
#7736=CARTESIAN_POINT('Origin',(115.5,0.,158.75));
#7737=CARTESIAN_POINT('',(115.5,0.,70.));
#7738=CARTESIAN_POINT('',(108.497924617903,10.,70.));
#7739=CARTESIAN_POINT('',(95.8782852772582,28.0227127701464,70.));
#7740=CARTESIAN_POINT('',(108.497924617903,10.,139.460643953568));
#7741=CARTESIAN_POINT('',(108.497924617903,10.,79.3749999999999));
#7742=CARTESIAN_POINT('',(115.5,0.,146.462719335665));
#7743=CARTESIAN_POINT('',(89.9498100296291,36.4894528780678,120.912529365294));
#7744=CARTESIAN_POINT('',(115.5,0.,135.216808163796));
#7745=CARTESIAN_POINT('',(115.5,0.,-158.75));
#7746=CARTESIAN_POINT('',(114.099584923581,2.,135.216808163796));
#7747=CARTESIAN_POINT('',(114.595277697073,1.29207735358066,135.216808163796));
#7748=CARTESIAN_POINT('',(114.099584923581,2.,129.016808163796));
#7749=CARTESIAN_POINT('',(114.099584923581,2.,145.433404081898));
#7750=CARTESIAN_POINT('',(115.5,0.,129.016808163796));
#7751=CARTESIAN_POINT('',(115.5,4.17307353466749E-14,129.016808163796));
#7752=CARTESIAN_POINT('',(115.5,0.,-158.75));
#7753=CARTESIAN_POINT('Origin',(77.6625293652942,27.8858063328022,120.912529365294));
#7754=CARTESIAN_POINT('',(96.2106439535682,10.,151.747924617903));
#7755=CARTESIAN_POINT('Origin',(90.1863057864813,10.,133.436305786481));
#7756=CARTESIAN_POINT('',(103.212719335665,0.,158.75));
#7757=CARTESIAN_POINT('',(77.6625293652942,36.4894528780679,133.199810029629));
#7758=CARTESIAN_POINT('Origin',(97.1883811685784,0.,140.438381168578));
#7759=CARTESIAN_POINT('Origin',(-1.4210854715202E-13,10.,1.06581410364015E-13));
#7760=CARTESIAN_POINT('',(-57.75,9.99999999999999,151.747924617903));
#7761=CARTESIAN_POINT('',(1.33226762955019E-14,10.,70.));
#7762=CARTESIAN_POINT('',(51.8104400622619,10.,136.371545979597));
#7763=CARTESIAN_POINT('',(51.993624799342,10.,137.505116791495));
#7764=CARTESIAN_POINT('Ctrl Pts',(51.8104400622619,10.,136.371545979597));
#7765=CARTESIAN_POINT('Ctrl Pts',(51.86291215507,10.,136.532588035795));
#7766=CARTESIAN_POINT('Ctrl Pts',(51.9826939120678,10.,136.900210126122));
#7767=CARTESIAN_POINT('Ctrl Pts',(51.9896922066713,10.,137.287490220197));
#7768=CARTESIAN_POINT('Ctrl Pts',(51.993624799342,10.,137.505116791495));
#7769=CARTESIAN_POINT('',(52.0076735256351,10.,140.6550860355));
#7770=CARTESIAN_POINT('',(51.686480370304,10.,68.6379835901151));
#7771=CARTESIAN_POINT('',(51.1592456081327,10.,140.658869987237));
#7772=CARTESIAN_POINT('',(26.3180055550026,10.,140.769660841133));
#7773=CARTESIAN_POINT('',(51.145238691816,10.,137.518275268527));
#7774=CARTESIAN_POINT('',(50.8450768159482,10.,70.2167521638547));
#7775=CARTESIAN_POINT('',(50.8786658040578,10.,136.605391627508));
#7776=CARTESIAN_POINT('Ctrl Pts',(51.145238691816,10.,137.518275268527));
#7777=CARTESIAN_POINT('Ctrl Pts',(51.1393282633148,10.,137.335377768552));
#7778=CARTESIAN_POINT('Ctrl Pts',(51.1287010582842,10.,137.006520185483));
#7779=CARTESIAN_POINT('Ctrl Pts',(50.9555272375807,10.,136.728699502984));
#7780=CARTESIAN_POINT('Ctrl Pts',(50.8786658040578,10.,136.605391627508));
#7781=CARTESIAN_POINT('',(50.0945006968545,10.,136.304201300661));
#7782=CARTESIAN_POINT('Ctrl Pts',(50.8786658040578,10.,136.605391627508));
#7783=CARTESIAN_POINT('Ctrl Pts',(50.774418556005,10.,136.51711648966));
#7784=CARTESIAN_POINT('Ctrl Pts',(50.5493873097072,10.,136.326563121031));
#7785=CARTESIAN_POINT('Ctrl Pts',(50.253380401308,10.,136.312011685295));
#7786=CARTESIAN_POINT('Ctrl Pts',(50.0945006968545,10.,136.304201300661));
#7787=CARTESIAN_POINT('',(49.1726767882346,10.,136.669253303588));
#7788=CARTESIAN_POINT('Ctrl Pts',(50.0945006968545,10.,136.304201300661));
#7789=CARTESIAN_POINT('Ctrl Pts',(49.9261979806271,10.,136.320879562953));
#7790=CARTESIAN_POINT('Ctrl Pts',(49.5844369255859,10.,136.35474699329));
#7791=CARTESIAN_POINT('Ctrl Pts',(49.3113036145275,10.,136.563368814802));
#7792=CARTESIAN_POINT('Ctrl Pts',(49.1726767882346,10.,136.669253303588));
#7793=CARTESIAN_POINT('',(48.7752699596054,10.,137.950726329497));
#7794=CARTESIAN_POINT('Ctrl Pts',(49.1726767882346,10.,136.669253303588));
#7795=CARTESIAN_POINT('Ctrl Pts',(49.0564713044578,10.,136.83013534364));
#7796=CARTESIAN_POINT('Ctrl Pts',(48.7830783071412,10.,137.208637473788));
#7797=CARTESIAN_POINT('Ctrl Pts',(48.7781204711894,10.,137.679819729887));
#7798=CARTESIAN_POINT('Ctrl Pts',(48.7752699596054,10.,137.950726329497));
#7799=CARTESIAN_POINT('',(48.7873953419144,10.,140.669448336617));
#7800=CARTESIAN_POINT('',(48.4671638585754,10.,68.8679695096742));
#7801=CARTESIAN_POINT('',(47.9436499187355,10.,140.673211404632));
#7802=CARTESIAN_POINT('',(24.7078664631423,10.,140.776841991691));
#7803=CARTESIAN_POINT('',(47.9130019512515,10.,133.801403031982));
#7804=CARTESIAN_POINT('',(47.6294811265511,10.,70.2310935812497));
#7805=CARTESIAN_POINT('',(48.7567473744304,10.,133.797639963967));
#7806=CARTESIAN_POINT('',(24.2553457840688,10.,133.906915153049));
#7807=CARTESIAN_POINT('',(48.7677438448414,10.,136.263240251463));
#7808=CARTESIAN_POINT('',(48.457902565988,10.,66.7914263269093));
#7809=CARTESIAN_POINT('',(50.2646937823672,10.,135.576873474491));
#7810=CARTESIAN_POINT('Ctrl Pts',(48.7677438448414,10.,136.263240251463));
#7811=CARTESIAN_POINT('Ctrl Pts',(48.9790414010901,10.,136.064052691137));
#7812=CARTESIAN_POINT('Ctrl Pts',(49.4007485189072,10.,135.66651467195));
#7813=CARTESIAN_POINT('Ctrl Pts',(49.9771165833596,10.,135.606711897793));
#7814=CARTESIAN_POINT('Ctrl Pts',(50.2646937823672,10.,135.576873474491));
#7815=CARTESIAN_POINT('',(51.1890054696537,10.,135.769624799937));
#7816=CARTESIAN_POINT('Ctrl Pts',(50.2646937823672,10.,135.576873474491));
#7817=CARTESIAN_POINT('Ctrl Pts',(50.4239014596746,10.,135.584363388102));
#7818=CARTESIAN_POINT('Ctrl Pts',(50.7422809711761,10.,135.599341529087));
#7819=CARTESIAN_POINT('Ctrl Pts',(51.0401084799519,10.,135.712867969916));
#7820=CARTESIAN_POINT('Ctrl Pts',(51.1890054696537,10.,135.769624799937));
#7821=CARTESIAN_POINT('Ctrl Pts',(51.1890054696537,10.,135.769624799937));
#7822=CARTESIAN_POINT('Ctrl Pts',(51.3245556411477,10.,135.841848362535));
#7823=CARTESIAN_POINT('Ctrl Pts',(51.5897030178463,10.,135.983123640521));
#7824=CARTESIAN_POINT('Ctrl Pts',(51.7379706596334,10.,136.244024407697));
#7825=CARTESIAN_POINT('Ctrl Pts',(51.8104400622619,10.,136.371545979597));
#7826=CARTESIAN_POINT('',(58.305906448577,10.,138.14259743485));
#7827=CARTESIAN_POINT('',(58.9674911071918,10.,136.184938329599));
#7828=CARTESIAN_POINT('Ctrl Pts',(58.305906448577,10.,138.14259743485));
#7829=CARTESIAN_POINT('Ctrl Pts',(58.3195359682398,10.,137.746100076594));
#7830=CARTESIAN_POINT('Ctrl Pts',(58.3443922073093,10.,137.023005398932));
#7831=CARTESIAN_POINT('Ctrl Pts',(58.7736223999951,10.,136.445691444885));
#7832=CARTESIAN_POINT('Ctrl Pts',(58.9674911071918,10.,136.184938329599));
#7833=CARTESIAN_POINT('',(60.6239638463053,10.,135.530671579028));
#7834=CARTESIAN_POINT('Ctrl Pts',(58.9674911071918,10.,136.184938329599));
#7835=CARTESIAN_POINT('Ctrl Pts',(59.2060434972045,10.,135.995214430174));
#7836=CARTESIAN_POINT('Ctrl Pts',(59.6912634921721,10.,135.609312492578));
#7837=CARTESIAN_POINT('Ctrl Pts',(60.309616448537,10.,135.557175875314));
#7838=CARTESIAN_POINT('Ctrl Pts',(60.6239638463053,10.,135.530671579028));
#7839=CARTESIAN_POINT('',(62.2956324467585,10.,136.179469675248));
#7840=CARTESIAN_POINT('Ctrl Pts',(60.6239638463053,10.,135.530671579028));
#7841=CARTESIAN_POINT('Ctrl Pts',(60.9429969602483,10.,135.554092125723));
#7842=CARTESIAN_POINT('Ctrl Pts',(61.5672629830185,10.,135.599920131964));
#7843=CARTESIAN_POINT('Ctrl Pts',(62.0564473088733,10.,135.989154671226));
#7844=CARTESIAN_POINT('Ctrl Pts',(62.2956324467585,10.,136.179469675248));
#7845=CARTESIAN_POINT('',(62.9695633416119,10.,138.042107908823));
#7846=CARTESIAN_POINT('Ctrl Pts',(62.2956324467585,10.,136.179469675248));
#7847=CARTESIAN_POINT('Ctrl Pts',(62.4906394366906,10.,136.433183870369));
#7848=CARTESIAN_POINT('Ctrl Pts',(62.9109108264636,10.,136.979978718212));
#7849=CARTESIAN_POINT('Ctrl Pts',(62.9490961206822,10.,137.671470217581));
#7850=CARTESIAN_POINT('Ctrl Pts',(62.9695633416119,10.,138.042107908823));
#7851=CARTESIAN_POINT('',(62.2616496074809,10.,140.121849661121));
#7852=CARTESIAN_POINT('Ctrl Pts',(62.9695633416119,10.,138.042107908823));
#7853=CARTESIAN_POINT('Ctrl Pts',(62.9597998595045,10.,138.477840577344));
#7854=CARTESIAN_POINT('Ctrl Pts',(62.9424456954945,10.,139.252336408939));
#7855=CARTESIAN_POINT('Ctrl Pts',(62.4688149097945,10.,139.857257988335));
#7856=CARTESIAN_POINT('Ctrl Pts',(62.2616496074809,10.,140.121849661121));
#7857=CARTESIAN_POINT('',(60.6471693189783,10.,140.733742924235));
#7858=CARTESIAN_POINT('Ctrl Pts',(62.2616496074809,10.,140.121849661121));
#7859=CARTESIAN_POINT('Ctrl Pts',(62.0175001665829,10.,140.299300697149));
#7860=CARTESIAN_POINT('Ctrl Pts',(61.5346865739086,10.,140.650215988675));
#7861=CARTESIAN_POINT('Ctrl Pts',(60.9407591829264,10.,140.706112293382));
#7862=CARTESIAN_POINT('Ctrl Pts',(60.6471693189783,10.,140.733742924235));
#7863=CARTESIAN_POINT('',(59.0084721969492,10.,140.117609267831));
#7864=CARTESIAN_POINT('Ctrl Pts',(60.6471693189783,10.,140.733742924235));
#7865=CARTESIAN_POINT('Ctrl Pts',(60.343674931327,10.,140.709410595054));
#7866=CARTESIAN_POINT('Ctrl Pts',(59.7383734396403,10.,140.660881212803));
#7867=CARTESIAN_POINT('Ctrl Pts',(59.2513200558796,10.,140.298363075246));
#7868=CARTESIAN_POINT('Ctrl Pts',(59.0084721969492,10.,140.117609267831));
#7869=CARTESIAN_POINT('Ctrl Pts',(59.0084721969492,10.,140.117609267831));
#7870=CARTESIAN_POINT('Ctrl Pts',(58.8055546667489,10.,139.860425564347));
#7871=CARTESIAN_POINT('Ctrl Pts',(58.3521238828698,10.,139.285733924069));
#7872=CARTESIAN_POINT('Ctrl Pts',(58.3223538921572,10.,138.549406536191));
#7873=CARTESIAN_POINT('Ctrl Pts',(58.305906448577,10.,138.14259743485));
#7874=CARTESIAN_POINT('',(68.9839294458552,10.,138.094973915121));
#7875=CARTESIAN_POINT('',(69.64551410447,10.,136.137314809869));
#7876=CARTESIAN_POINT('Ctrl Pts',(68.9839294458552,10.,138.094973915121));
#7877=CARTESIAN_POINT('Ctrl Pts',(68.997558965518,10.,137.698476556864));
#7878=CARTESIAN_POINT('Ctrl Pts',(69.0224152045875,10.,136.975381879203));
#7879=CARTESIAN_POINT('Ctrl Pts',(69.4516453972733,10.,136.398067925155));
#7880=CARTESIAN_POINT('Ctrl Pts',(69.64551410447,10.,136.137314809869));
#7881=CARTESIAN_POINT('',(71.3019868435835,10.,135.483048059298));
#7882=CARTESIAN_POINT('Ctrl Pts',(69.64551410447,10.,136.137314809869));
#7883=CARTESIAN_POINT('Ctrl Pts',(69.8840632602129,10.,135.947590941704));
#7884=CARTESIAN_POINT('Ctrl Pts',(70.3692813953874,10.,135.561685314738));
#7885=CARTESIAN_POINT('Ctrl Pts',(70.987635768909,10.,135.509551287948));
#7886=CARTESIAN_POINT('Ctrl Pts',(71.3019868435835,10.,135.483048059298));
#7887=CARTESIAN_POINT('',(72.9736459073884,10.,136.131846198052));
#7888=CARTESIAN_POINT('Ctrl Pts',(71.3019868435835,10.,135.483048059298));
#7889=CARTESIAN_POINT('Ctrl Pts',(71.6210165785738,10.,135.506469207227));
#7890=CARTESIAN_POINT('Ctrl Pts',(72.2452790527053,10.,135.552298614801));
#7891=CARTESIAN_POINT('Ctrl Pts',(72.7344608024195,10.,135.941531182146));
#7892=CARTESIAN_POINT('Ctrl Pts',(72.9736459073884,10.,136.131846198052));
#7893=CARTESIAN_POINT('',(73.6475863388901,10.,137.994484389093));
#7894=CARTESIAN_POINT('Ctrl Pts',(72.9736459073884,10.,136.131846198052));
#7895=CARTESIAN_POINT('Ctrl Pts',(73.1686568312188,10.,136.385559958158));
#7896=CARTESIAN_POINT('Ctrl Pts',(73.588935481124,10.,136.932352283763));
#7897=CARTESIAN_POINT('Ctrl Pts',(73.6271197297464,10.,137.623846286144));
#7898=CARTESIAN_POINT('Ctrl Pts',(73.6475863388901,10.,137.994484389093));
#7899=CARTESIAN_POINT('',(72.9396630681108,10.,140.074226183924));
#7900=CARTESIAN_POINT('Ctrl Pts',(73.6475863388901,10.,137.994484389093));
#7901=CARTESIAN_POINT('Ctrl Pts',(73.6378235539626,10.,138.430217539066));
#7902=CARTESIAN_POINT('Ctrl Pts',(73.6204705889378,10.,139.204716021599));
#7903=CARTESIAN_POINT('Ctrl Pts',(73.1468322791061,10.,139.809634902584));
#7904=CARTESIAN_POINT('Ctrl Pts',(72.9396630681108,10.,140.074226183924));
#7905=CARTESIAN_POINT('',(71.3251923162565,10.,140.686119404505));
#7906=CARTESIAN_POINT('Ctrl Pts',(72.9396630681108,10.,140.074226183924));
#7907=CARTESIAN_POINT('Ctrl Pts',(72.6955136522955,10.,140.251677213535));
#7908=CARTESIAN_POINT('Ctrl Pts',(72.2127026925877,10.,140.602590614748));
#7909=CARTESIAN_POINT('Ctrl Pts',(71.6187788293653,10.,140.658488261498));
#7910=CARTESIAN_POINT('Ctrl Pts',(71.3251923162565,10.,140.686119404505));
#7911=CARTESIAN_POINT('',(69.6864856575791,10.,140.069985790634));
#7912=CARTESIAN_POINT('Ctrl Pts',(71.3251923162565,10.,140.686119404505));
#7913=CARTESIAN_POINT('Ctrl Pts',(71.0216945700743,10.,140.661787640751));
#7914=CARTESIAN_POINT('Ctrl Pts',(70.4163895510313,10.,140.613259640434));
#7915=CARTESIAN_POINT('Ctrl Pts',(69.9293335447695,10.,140.250739596407));
#7916=CARTESIAN_POINT('Ctrl Pts',(69.6864856575791,10.,140.069985790634));
#7917=CARTESIAN_POINT('Ctrl Pts',(69.6864856575791,10.,140.069985790634));
#7918=CARTESIAN_POINT('Ctrl Pts',(69.4835720435988,10.,139.812801656389));
#7919=CARTESIAN_POINT('Ctrl Pts',(69.0301486607222,10.,139.238107342468));
#7920=CARTESIAN_POINT('Ctrl Pts',(69.0003775486413,10.,138.501782558784));
#7921=CARTESIAN_POINT('Ctrl Pts',(68.9839294458552,10.,138.094973915121));
#7922=CARTESIAN_POINT('',(75.3792316424803,10.,136.327370585635));
#7923=CARTESIAN_POINT('',(76.4300619864279,10.,135.460177066437));
#7924=CARTESIAN_POINT('Ctrl Pts',(75.3792316424803,10.,136.327370585635));
#7925=CARTESIAN_POINT('Ctrl Pts',(75.5068038359564,10.,136.076387903716));
#7926=CARTESIAN_POINT('Ctrl Pts',(75.7348658618139,10.,135.627703771746));
#7927=CARTESIAN_POINT('Ctrl Pts',(76.2174314981724,10.,135.511416254753));
#7928=CARTESIAN_POINT('Ctrl Pts',(76.4300619864279,10.,135.460177066437));
#7929=CARTESIAN_POINT('',(77.2984305813839,10.,135.723493002314));
#7930=CARTESIAN_POINT('Ctrl Pts',(76.4300619864279,10.,135.460177066437));
#7931=CARTESIAN_POINT('Ctrl Pts',(76.5770497189503,10.,135.472525536001));
#7932=CARTESIAN_POINT('Ctrl Pts',(76.8848547593278,10.,135.49838430059));
#7933=CARTESIAN_POINT('Ctrl Pts',(77.1565036106624,10.,135.646242364305));
#7934=CARTESIAN_POINT('Ctrl Pts',(77.2984305813839,10.,135.723493002314));
#7935=CARTESIAN_POINT('',(77.0112811162252,10.,136.502903363581));
#7936=CARTESIAN_POINT('',(94.6930148841525,10.,88.5093384225269));
#7937=CARTESIAN_POINT('',(76.3964105519481,10.,136.322834011788));
#7938=CARTESIAN_POINT('Ctrl Pts',(77.0112811162252,10.,136.502903363581));
#7939=CARTESIAN_POINT('Ctrl Pts',(76.9097297061169,10.,136.45007560289));
#7940=CARTESIAN_POINT('Ctrl Pts',(76.7163578083902,10.,136.349482176109));
#7941=CARTESIAN_POINT('Ctrl Pts',(76.4994207114345,10.,136.331413649842));
#7942=CARTESIAN_POINT('Ctrl Pts',(76.3964105519481,10.,136.322834011788));
#7943=CARTESIAN_POINT('',(75.6811284275771,10.,136.752592598092));
#7944=CARTESIAN_POINT('Ctrl Pts',(76.3964105519481,10.,136.322834011788));
#7945=CARTESIAN_POINT('Ctrl Pts',(76.2477999751251,10.,136.342068993726));
#7946=CARTESIAN_POINT('Ctrl Pts',(75.947151659921,10.,136.380982542385));
#7947=CARTESIAN_POINT('Ctrl Pts',(75.7704741679242,10.,136.627784793694));
#7948=CARTESIAN_POINT('Ctrl Pts',(75.6811284275771,10.,136.752592598092));
#7949=CARTESIAN_POINT('',(75.4426704079384,10.,137.939604833122));
#7950=CARTESIAN_POINT('Ctrl Pts',(75.6811284275771,10.,136.752592598092));
#7951=CARTESIAN_POINT('Ctrl Pts',(75.6110271101167,10.,136.919855418075));
#7952=CARTESIAN_POINT('Ctrl Pts',(75.4523812880768,10.,137.298386785732));
#7953=CARTESIAN_POINT('Ctrl Pts',(75.4461488817227,10.,137.709918117181));
#7954=CARTESIAN_POINT('Ctrl Pts',(75.4426704079384,10.,137.939604833122));
#7955=CARTESIAN_POINT('',(75.4543149542513,10.,140.550515031021));
#7956=CARTESIAN_POINT('',(75.1343238889103,10.,68.8029421086892));
#7957=CARTESIAN_POINT('',(74.6105695310724,10.,140.554278099037));
#7958=CARTESIAN_POINT('',(38.0413262693107,10.,140.717375338894));
#7959=CARTESIAN_POINT('',(74.5883884240898,10.,135.58088739189));
#7960=CARTESIAN_POINT('',(74.2964007388879,10.,70.1121602756541));
#7961=CARTESIAN_POINT('',(75.3571376449055,10.,135.577458803687));
#7962=CARTESIAN_POINT('',(37.5972724507376,10.,135.745866165755));
#7963=CARTESIAN_POINT('',(75.3604825918895,10.,136.327454205588));
#7964=CARTESIAN_POINT('',(75.054059406212,10.,67.6220363338774));
#7965=CARTESIAN_POINT('',(37.9849920081085,10.,136.494147273542));
#7966=CARTESIAN_POINT('',(82.6519350151006,10.,139.998098380837));
#7967=CARTESIAN_POINT('',(83.3199700336314,10.,139.488860696147));
#7968=CARTESIAN_POINT('',(90.2629811034972,10.,134.19625958405));
#7969=CARTESIAN_POINT('',(83.7353323309134,10.,140.129204564795));
#7970=CARTESIAN_POINT('Ctrl Pts',(83.3199700336314,10.,139.488860696147));
#7971=CARTESIAN_POINT('Ctrl Pts',(83.3762176376039,10.,139.612452302322));
#7972=CARTESIAN_POINT('Ctrl Pts',(83.4828644014271,10.,139.846784858795));
#7973=CARTESIAN_POINT('Ctrl Pts',(83.6543103518789,10.,140.03857046507));
#7974=CARTESIAN_POINT('Ctrl Pts',(83.7353323309134,10.,140.129204564795));
#7975=CARTESIAN_POINT('',(83.0766831847514,10.,140.643082976365));
#7976=CARTESIAN_POINT('',(91.6899983336475,10.,133.922969949788));
#7977=CARTESIAN_POINT('Ctrl Pts',(83.0766831847514,10.,140.643082976365));
#7978=CARTESIAN_POINT('Ctrl Pts',(82.9869862339353,10.,140.5416673778));
#7979=CARTESIAN_POINT('Ctrl Pts',(82.8146141578072,10.,140.346775387409));
#7980=CARTESIAN_POINT('Ctrl Pts',(82.7046684637837,10.,140.111124185664));
#7981=CARTESIAN_POINT('Ctrl Pts',(82.6519350151006,10.,139.998098380837));
#7982=CARTESIAN_POINT('',(93.5262569298698,10.,135.622993464895));
#7983=CARTESIAN_POINT('',(94.387696989487,10.,136.43478478215));
#7984=CARTESIAN_POINT('Ctrl Pts',(93.5262569298698,10.,135.622993464895));
#7985=CARTESIAN_POINT('Ctrl Pts',(93.6916033235076,10.,135.720403144903));
#7986=CARTESIAN_POINT('Ctrl Pts',(94.0396278225122,10.,135.925433048109));
#7987=CARTESIAN_POINT('Ctrl Pts',(94.2678848471763,10.,136.259456059484));
#7988=CARTESIAN_POINT('Ctrl Pts',(94.387696989487,10.,136.43478478215));
#7989=CARTESIAN_POINT('',(94.7470956826245,10.,138.191011861982));
#7990=CARTESIAN_POINT('Ctrl Pts',(94.387696989487,10.,136.43478478215));
#7991=CARTESIAN_POINT('Ctrl Pts',(94.4907531710072,10.,136.673016200655));
#7992=CARTESIAN_POINT('Ctrl Pts',(94.7321617611549,10.,137.23107210785));
#7993=CARTESIAN_POINT('Ctrl Pts',(94.7416550396616,10.,137.841291965653));
#7994=CARTESIAN_POINT('Ctrl Pts',(94.7470956826245,10.,138.191011861982));
#7995=CARTESIAN_POINT('',(91.0205740596558,10.,138.207631986894));
#7996=CARTESIAN_POINT('',(47.6826469718165,10.,138.400917263227));
#7997=CARTESIAN_POINT('',(91.4949430522239,10.,139.466462738477));
#7998=CARTESIAN_POINT('Ctrl Pts',(91.0205740596558,10.,138.207631986894));
#7999=CARTESIAN_POINT('Ctrl Pts',(91.047308294745,10.,138.458674556965));
#8000=CARTESIAN_POINT('Ctrl Pts',(91.0965663981308,10.,138.92122307685));
#8001=CARTESIAN_POINT('Ctrl Pts',(91.3699397529423,10.,139.295376516676));
#8002=CARTESIAN_POINT('Ctrl Pts',(91.4949430522239,10.,139.466462738477));
#8003=CARTESIAN_POINT('',(92.5468913541704,10.,139.897714265445));
#8004=CARTESIAN_POINT('Ctrl Pts',(91.4949430522239,10.,139.466462738477));
#8005=CARTESIAN_POINT('Ctrl Pts',(91.6457385369223,10.,139.592936224511));
#8006=CARTESIAN_POINT('Ctrl Pts',(91.9503217040346,10.,139.848392778858));
#8007=CARTESIAN_POINT('Ctrl Pts',(92.3467366890391,10.,139.881166448054));
#8008=CARTESIAN_POINT('Ctrl Pts',(92.5468913541704,10.,139.897714265445));
#8009=CARTESIAN_POINT('',(93.356682721945,10.,139.640975876523));
#8010=CARTESIAN_POINT('Ctrl Pts',(92.5468913541704,10.,139.897714265445));
#8011=CARTESIAN_POINT('Ctrl Pts',(92.6988668193599,10.,139.888344587178));
#8012=CARTESIAN_POINT('Ctrl Pts',(92.9907473069592,10.,139.870349404482));
#8013=CARTESIAN_POINT('Ctrl Pts',(93.2381141242331,10.,139.715296361638));
#8014=CARTESIAN_POINT('Ctrl Pts',(93.356682721945,10.,139.640975876523));
#8015=CARTESIAN_POINT('',(93.854784658296,10.,138.865307263843));
#8016=CARTESIAN_POINT('Ctrl Pts',(93.356682721945,10.,139.640975876523));
#8017=CARTESIAN_POINT('Ctrl Pts',(93.4608624578255,10.,139.538493388627));
#8018=CARTESIAN_POINT('Ctrl Pts',(93.6849422099934,10.,139.318064239951));
#8019=CARTESIAN_POINT('Ctrl Pts',(93.7955831755774,10.,139.023123431501));
#8020=CARTESIAN_POINT('Ctrl Pts',(93.854784658296,10.,138.865307263843));
#8021=CARTESIAN_POINT('',(94.7224519990335,10.,138.969251458841));
#8022=CARTESIAN_POINT('',(39.3911771639668,10.,132.34071474791));
#8023=CARTESIAN_POINT('',(93.9543608052089,10.,140.168000546638));
#8024=CARTESIAN_POINT('Ctrl Pts',(94.7224519990335,10.,138.969251458841));
#8025=CARTESIAN_POINT('Ctrl Pts',(94.6423923167725,10.,139.211032999892));
#8026=CARTESIAN_POINT('Ctrl Pts',(94.4881661381316,10.,139.676798564896));
#8027=CARTESIAN_POINT('Ctrl Pts',(94.1277046801305,10.,140.008491359238));
#8028=CARTESIAN_POINT('Ctrl Pts',(93.9543608052089,10.,140.168000546638));
#8029=CARTESIAN_POINT('',(92.549985420029,10.,140.591457747249));
#8030=CARTESIAN_POINT('Ctrl Pts',(93.9543608052089,10.,140.168000546638));
#8031=CARTESIAN_POINT('Ctrl Pts',(93.7492524339818,10.,140.290513119968));
#8032=CARTESIAN_POINT('Ctrl Pts',(93.3173951639649,10.,140.548464295461));
#8033=CARTESIAN_POINT('Ctrl Pts',(92.8141938690226,10.,140.576655702704));
#8034=CARTESIAN_POINT('Ctrl Pts',(92.549985420029,10.,140.591457747249));
#8035=CARTESIAN_POINT('',(90.7938111040731,10.,139.91490763914));
#8036=CARTESIAN_POINT('Ctrl Pts',(92.549985420029,10.,140.591457747249));
#8037=CARTESIAN_POINT('Ctrl Pts',(92.2029780820747,10.,140.570919318327));
#8038=CARTESIAN_POINT('Ctrl Pts',(91.5433178642848,10.,140.531875808252));
#8039=CARTESIAN_POINT('Ctrl Pts',(91.0348193221139,10.,140.113297309412));
#8040=CARTESIAN_POINT('Ctrl Pts',(90.7938111040731,10.,139.91490763914));
#8041=CARTESIAN_POINT('',(90.1573060587882,10.,138.038040420249));
#8042=CARTESIAN_POINT('Ctrl Pts',(90.7938111040731,10.,139.91490763914));
#8043=CARTESIAN_POINT('Ctrl Pts',(90.6096608254533,10.,139.653286981522));
#8044=CARTESIAN_POINT('Ctrl Pts',(90.2147691506529,10.,139.092267902847));
#8045=CARTESIAN_POINT('Ctrl Pts',(90.1773014203176,10.,138.404878663106));
#8046=CARTESIAN_POINT('Ctrl Pts',(90.1573060587882,10.,138.038040420249));
#8047=CARTESIAN_POINT('',(90.758170142456,10.,136.12753045338));
#8048=CARTESIAN_POINT('Ctrl Pts',(90.1573060587882,10.,138.038040420249));
#8049=CARTESIAN_POINT('Ctrl Pts',(90.1746577647791,10.,137.672360222122));
#8050=CARTESIAN_POINT('Ctrl Pts',(90.207466120235,10.,136.980937377036));
#8051=CARTESIAN_POINT('Ctrl Pts',(90.5818096708398,10.,136.40083015969));
#8052=CARTESIAN_POINT('Ctrl Pts',(90.758170142456,10.,136.12753045338));
#8053=CARTESIAN_POINT('',(92.4798977842308,10.,135.388595494457));
#8054=CARTESIAN_POINT('Ctrl Pts',(90.758170142456,10.,136.12753045338));
#8055=CARTESIAN_POINT('Ctrl Pts',(90.9900833850038,10.,135.913322777367));
#8056=CARTESIAN_POINT('Ctrl Pts',(91.4750385666082,10.,135.465391812835));
#8057=CARTESIAN_POINT('Ctrl Pts',(92.1353550783211,10.,135.414927154528));
#8058=CARTESIAN_POINT('Ctrl Pts',(92.4798977842308,10.,135.388595494457));
#8059=CARTESIAN_POINT('Ctrl Pts',(92.4798977842308,10.,135.388595494457));
#8060=CARTESIAN_POINT('Ctrl Pts',(92.6598954328073,10.,135.397975686933));
#8061=CARTESIAN_POINT('Ctrl Pts',(93.0219188791522,10.,135.416841764542));
#8062=CARTESIAN_POINT('Ctrl Pts',(93.3575175427276,10.,135.554020061983));
#8063=CARTESIAN_POINT('Ctrl Pts',(93.5262569298698,10.,135.622993464895));
#8064=CARTESIAN_POINT('',(89.0866787117315,10.,136.566236279207));
#8065=CARTESIAN_POINT('',(89.1467725514721,10.,137.428479893117));
#8066=CARTESIAN_POINT('Ctrl Pts',(89.0866787117315,10.,136.566236279207));
#8067=CARTESIAN_POINT('Ctrl Pts',(89.1035754919189,10.,136.691002819998));
#8068=CARTESIAN_POINT('Ctrl Pts',(89.1423091891678,10.,136.977014081562));
#8069=CARTESIAN_POINT('Ctrl Pts',(89.1451634201538,10.,137.265717444771));
#8070=CARTESIAN_POINT('Ctrl Pts',(89.1467725514721,10.,137.428479893117));
#8071=CARTESIAN_POINT('',(89.1604240617221,10.,140.489386378492));
#8072=CARTESIAN_POINT('',(88.8394295144125,10.,68.5168153124222));
#8073=CARTESIAN_POINT('',(88.3119866075714,10.,140.493170372762));
#8074=CARTESIAN_POINT('',(44.8943808230459,10.,140.686811012629));
#8075=CARTESIAN_POINT('',(88.2985023372272,10.,137.469761988569));
#8076=CARTESIAN_POINT('',(87.9978178153869,10.,70.0510525493797));
#8077=CARTESIAN_POINT('',(88.0172757005729,10.,136.421005613607));
#8078=CARTESIAN_POINT('Ctrl Pts',(88.2985023372272,10.,137.469761988569));
#8079=CARTESIAN_POINT('Ctrl Pts',(88.2965962213759,10.,137.248326501688));
#8080=CARTESIAN_POINT('Ctrl Pts',(88.2933508751746,10.,136.871311213936));
#8081=CARTESIAN_POINT('Ctrl Pts',(88.0979218079207,10.,136.552547299077));
#8082=CARTESIAN_POINT('Ctrl Pts',(88.0172757005729,10.,136.421005613607));
#8083=CARTESIAN_POINT('',(87.2566352948852,10.,136.138459791143));
#8084=CARTESIAN_POINT('Ctrl Pts',(88.0172757005729,10.,136.421005613607));
#8085=CARTESIAN_POINT('Ctrl Pts',(87.9129414541531,10.,136.338151556377));
#8086=CARTESIAN_POINT('Ctrl Pts',(87.6910513242275,10.,136.161943857039));
#8087=CARTESIAN_POINT('Ctrl Pts',(87.4070808977726,10.,136.146592719519));
#8088=CARTESIAN_POINT('Ctrl Pts',(87.2566352948852,10.,136.138459791143));
#8089=CARTESIAN_POINT('',(86.5449485416498,10.,136.324445531072));
#8090=CARTESIAN_POINT('Ctrl Pts',(87.2566352948852,10.,136.138459791143));
#8091=CARTESIAN_POINT('Ctrl Pts',(87.1328906150379,10.,136.146813249134));
#8092=CARTESIAN_POINT('Ctrl Pts',(86.8838902217162,10.,136.163622168337));
#8093=CARTESIAN_POINT('Ctrl Pts',(86.6583852530139,10.,136.27062130569));
#8094=CARTESIAN_POINT('Ctrl Pts',(86.5449485416498,10.,136.324445531072));
#8095=CARTESIAN_POINT('',(86.0738108276504,10.,136.842179774084));
#8096=CARTESIAN_POINT('Ctrl Pts',(86.5449485416498,10.,136.324445531072));
#8097=CARTESIAN_POINT('Ctrl Pts',(86.4426440779277,10.,136.391322241062));
#8098=CARTESIAN_POINT('Ctrl Pts',(86.2407631476424,10.,136.523292361777));
#8099=CARTESIAN_POINT('Ctrl Pts',(86.128957996979,10.,136.736845879209));
#8100=CARTESIAN_POINT('Ctrl Pts',(86.0738108276504,10.,136.842179774084));
#8101=CARTESIAN_POINT('',(85.9373854843396,10.,137.784984905045));
#8102=CARTESIAN_POINT('Ctrl Pts',(86.0738108276504,10.,136.842179774084));
#8103=CARTESIAN_POINT('Ctrl Pts',(86.0335647950889,10.,136.975422404362));
#8104=CARTESIAN_POINT('Ctrl Pts',(85.9408871906732,10.,137.282250357186));
#8105=CARTESIAN_POINT('Ctrl Pts',(85.9386507383501,10.,137.603334348911));
#8106=CARTESIAN_POINT('Ctrl Pts',(85.9373854843396,10.,137.784984905045));
#8107=CARTESIAN_POINT('',(85.9495108666485,10.,140.503706912165));
#8108=CARTESIAN_POINT('',(85.6292793833097,10.,68.7022280852228));
#8109=CARTESIAN_POINT('',(85.1057845167663,10.,140.507469895115));
#8110=CARTESIAN_POINT('',(43.2889242255084,10.,140.693971279465));
#8111=CARTESIAN_POINT('',(85.0836034097836,10.,135.534079187969));
#8112=CARTESIAN_POINT('',(84.7916157245818,10.,70.0653520717322));
#8113=CARTESIAN_POINT('',(85.8429685686556,10.,135.530692452275));
#8114=CARTESIAN_POINT('',(42.8448799435851,10.,135.722462063794));
#8115=CARTESIAN_POINT('',(85.8461044444907,10.,136.233810459374));
#8116=CARTESIAN_POINT('',(85.5398903299622,10.,67.575269982465));
#8117=CARTESIAN_POINT('',(85.8648534950815,10.,136.233726839421));
#8118=CARTESIAN_POINT('',(43.2276983988346,10.,136.423886703033));
#8119=CARTESIAN_POINT('',(86.518371584252,10.,135.62143207018));
#8120=CARTESIAN_POINT('Ctrl Pts',(85.8648534950815,10.,136.233726839421));
#8121=CARTESIAN_POINT('Ctrl Pts',(85.9565191730313,10.,136.106984981205));
#8122=CARTESIAN_POINT('Ctrl Pts',(86.1348532323568,10.,135.860410793703));
#8123=CARTESIAN_POINT('Ctrl Pts',(86.3929428723554,10.,135.699589460339));
#8124=CARTESIAN_POINT('Ctrl Pts',(86.518371584252,10.,135.62143207018));
#8125=CARTESIAN_POINT('',(87.4268283803979,10.,135.411131964974));
#8126=CARTESIAN_POINT('Ctrl Pts',(86.518371584252,10.,135.62143207018));
#8127=CARTESIAN_POINT('Ctrl Pts',(86.657520474195,10.,135.56068222579));
#8128=CARTESIAN_POINT('Ctrl Pts',(86.9470264928553,10.,135.434289226243));
#8129=CARTESIAN_POINT('Ctrl Pts',(87.2628191093459,10.,135.419047743629));
#8130=CARTESIAN_POINT('Ctrl Pts',(87.4268283803979,10.,135.411131964974));
#8131=CARTESIAN_POINT('',(88.2055697607744,10.,135.548284257082));
#8132=CARTESIAN_POINT('Ctrl Pts',(87.4268283803979,10.,135.411131964974));
#8133=CARTESIAN_POINT('Ctrl Pts',(87.5583291425692,10.,135.416635072204));
#8134=CARTESIAN_POINT('Ctrl Pts',(87.8239720820088,10.,135.427751825876));
#8135=CARTESIAN_POINT('Ctrl Pts',(88.0775301181493,10.,135.507841323922));
#8136=CARTESIAN_POINT('Ctrl Pts',(88.2055697607744,10.,135.548284257082));
#8137=CARTESIAN_POINT('',(88.8074399657175,10.,135.967476276786));
#8138=CARTESIAN_POINT('Ctrl Pts',(88.2055697607744,10.,135.548284257082));
#8139=CARTESIAN_POINT('Ctrl Pts',(88.3253918953166,10.,135.598568145284));
#8140=CARTESIAN_POINT('Ctrl Pts',(88.5562213765275,10.,135.695436757009));
#8141=CARTESIAN_POINT('Ctrl Pts',(88.7258597884358,10.,135.879134755871));
#8142=CARTESIAN_POINT('Ctrl Pts',(88.8074399657175,10.,135.967476276786));
#8143=CARTESIAN_POINT('Ctrl Pts',(88.8074399657175,10.,135.967476276786));
#8144=CARTESIAN_POINT('Ctrl Pts',(88.8741921310722,10.,136.061052258903));
#8145=CARTESIAN_POINT('Ctrl Pts',(89.0043387546384,10.,136.243497248584));
#8146=CARTESIAN_POINT('Ctrl Pts',(89.0597082260798,10.,136.460522981533));
#8147=CARTESIAN_POINT('Ctrl Pts',(89.0866787117315,10.,136.566236279207));
#8148=CARTESIAN_POINT('',(80.9263990271456,10.,135.679188285001));
#8149=CARTESIAN_POINT('',(81.7878390867627,10.,136.490979602256));
#8150=CARTESIAN_POINT('Ctrl Pts',(80.9263990271456,10.,135.679188285001));
#8151=CARTESIAN_POINT('Ctrl Pts',(81.0917454207833,10.,135.77659796501));
#8152=CARTESIAN_POINT('Ctrl Pts',(81.4397699197879,10.,135.981627868216));
#8153=CARTESIAN_POINT('Ctrl Pts',(81.6680269444521,10.,136.315650879591));
#8154=CARTESIAN_POINT('Ctrl Pts',(81.7878390867627,10.,136.490979602256));
#8155=CARTESIAN_POINT('',(82.1472377799003,10.,138.247206682088));
#8156=CARTESIAN_POINT('Ctrl Pts',(81.7878390867627,10.,136.490979602256));
#8157=CARTESIAN_POINT('Ctrl Pts',(81.890895268283,10.,136.729211020762));
#8158=CARTESIAN_POINT('Ctrl Pts',(82.1323038584306,10.,137.287266927956));
#8159=CARTESIAN_POINT('Ctrl Pts',(82.1417971369373,10.,137.897486785759));
#8160=CARTESIAN_POINT('Ctrl Pts',(82.1472377799003,10.,138.247206682088));
#8161=CARTESIAN_POINT('',(78.4207161569316,10.,138.263826807001));
#8162=CARTESIAN_POINT('',(41.3827180204544,10.,138.42901467328));
#8163=CARTESIAN_POINT('',(78.8950851494996,10.,139.522657558583));
#8164=CARTESIAN_POINT('Ctrl Pts',(78.4207161569316,10.,138.263826807001));
#8165=CARTESIAN_POINT('Ctrl Pts',(78.4474503920208,10.,138.514869377071));
#8166=CARTESIAN_POINT('Ctrl Pts',(78.4967084954066,10.,138.977417896957));
#8167=CARTESIAN_POINT('Ctrl Pts',(78.770081850218,10.,139.351571336782));
#8168=CARTESIAN_POINT('Ctrl Pts',(78.8950851494996,10.,139.522657558583));
#8169=CARTESIAN_POINT('',(79.9470143781496,10.,139.953909170618));
#8170=CARTESIAN_POINT('Ctrl Pts',(78.8950851494996,10.,139.522657558583));
#8171=CARTESIAN_POINT('Ctrl Pts',(79.0458740795098,10.,139.649131064257));
#8172=CARTESIAN_POINT('Ctrl Pts',(79.3504482020747,10.,139.904591176719));
#8173=CARTESIAN_POINT('Ctrl Pts',(79.7468590824393,10.,139.937362376568));
#8174=CARTESIAN_POINT('Ctrl Pts',(79.9470143781496,10.,139.953909170618));
#8175=CARTESIAN_POINT('',(80.7568152825725,10.,139.697170739163));
#8176=CARTESIAN_POINT('Ctrl Pts',(79.9470143781496,10.,139.953909170618));
#8177=CARTESIAN_POINT('Ctrl Pts',(80.0989860600456,10.,139.944538029741));
#8178=CARTESIAN_POINT('Ctrl Pts',(80.3908679639957,10.,139.926539502601));
#8179=CARTESIAN_POINT('Ctrl Pts',(80.6382402379648,10.,139.771491303833));
#8180=CARTESIAN_POINT('Ctrl Pts',(80.7568152825725,10.,139.697170739163));
#8181=CARTESIAN_POINT('',(81.2549267555717,10.,138.921502083949));
#8182=CARTESIAN_POINT('Ctrl Pts',(80.7568152825725,10.,139.697170739163));
#8183=CARTESIAN_POINT('Ctrl Pts',(80.8609987925591,10.,139.594688723878));
#8184=CARTESIAN_POINT('Ctrl Pts',(81.0850848984686,10.,139.3742623269));
#8185=CARTESIAN_POINT('Ctrl Pts',(81.1957257427055,10.,139.079318687144));
#8186=CARTESIAN_POINT('Ctrl Pts',(81.2549267555717,10.,138.921502083949));
#8187=CARTESIAN_POINT('',(82.1225750230127,10.,139.025446364013));
#8188=CARTESIAN_POINT('',(32.9986403791695,10.,133.140397995809));
#8189=CARTESIAN_POINT('',(81.354483829188,10.,140.22419545181));
#8190=CARTESIAN_POINT('Ctrl Pts',(82.1225750230126,10.,139.025446364013));
#8191=CARTESIAN_POINT('Ctrl Pts',(82.0425153407517,10.,139.267227905065));
#8192=CARTESIAN_POINT('Ctrl Pts',(81.8882891621107,10.,139.732993470069));
#8193=CARTESIAN_POINT('Ctrl Pts',(81.5278277041096,10.,140.06468626441));
#8194=CARTESIAN_POINT('Ctrl Pts',(81.354483829188,10.,140.22419545181));
#8195=CARTESIAN_POINT('',(79.9501084440082,10.,140.647652652422));
#8196=CARTESIAN_POINT('Ctrl Pts',(81.354483829188,10.,140.22419545181));
#8197=CARTESIAN_POINT('Ctrl Pts',(81.1493754579609,10.,140.346708025141));
#8198=CARTESIAN_POINT('Ctrl Pts',(80.7175181879441,10.,140.604659200633));
#8199=CARTESIAN_POINT('Ctrl Pts',(80.2143168930017,10.,140.632850607877));
#8200=CARTESIAN_POINT('Ctrl Pts',(79.9501084440082,10.,140.647652652422));
#8201=CARTESIAN_POINT('',(78.1939532013489,10.,139.971102459246));
#8202=CARTESIAN_POINT('Ctrl Pts',(79.9501084440082,10.,140.647652652422));
#8203=CARTESIAN_POINT('Ctrl Pts',(79.6031004087127,10.,140.62711537591));
#8204=CARTESIAN_POINT('Ctrl Pts',(78.9434442679092,10.,140.588074376311));
#8205=CARTESIAN_POINT('Ctrl Pts',(78.4349548867208,10.,140.169492111203));
#8206=CARTESIAN_POINT('Ctrl Pts',(78.1939532013489,10.,139.971102459246));
#8207=CARTESIAN_POINT('',(77.557448156064,10.,138.094235240356));
#8208=CARTESIAN_POINT('Ctrl Pts',(78.1939532013489,10.,139.971102459246));
#8209=CARTESIAN_POINT('Ctrl Pts',(78.0098029227291,10.,139.709481801628));
#8210=CARTESIAN_POINT('Ctrl Pts',(77.6149112479287,10.,139.148462722954));
#8211=CARTESIAN_POINT('Ctrl Pts',(77.5774435175934,10.,138.461073483213));
#8212=CARTESIAN_POINT('Ctrl Pts',(77.557448156064,10.,138.094235240356));
#8213=CARTESIAN_POINT('',(78.1583027030835,10.,136.183725316019));
#8214=CARTESIAN_POINT('Ctrl Pts',(77.557448156064,10.,138.094235240356));
#8215=CARTESIAN_POINT('Ctrl Pts',(77.574800521809,10.,137.728555411294));
#8216=CARTESIAN_POINT('Ctrl Pts',(77.6076100513935,10.,137.037134809266));
#8217=CARTESIAN_POINT('Ctrl Pts',(77.9819461735906,10.,136.457025379137));
#8218=CARTESIAN_POINT('Ctrl Pts',(78.1583027030835,10.,136.183725316019));
#8219=CARTESIAN_POINT('',(79.8800303448583,10.,135.444790357097));
#8220=CARTESIAN_POINT('Ctrl Pts',(78.1583027030835,10.,136.183725316019));
#8221=CARTESIAN_POINT('Ctrl Pts',(78.3902127056772,10.,135.969517698395));
#8222=CARTESIAN_POINT('Ctrl Pts',(78.8751655830053,10.,135.521582726421));
#8223=CARTESIAN_POINT('Ctrl Pts',(79.5354838249793,10.,135.471120809321));
#8224=CARTESIAN_POINT('Ctrl Pts',(79.8800303448583,10.,135.444790357097));
#8225=CARTESIAN_POINT('Ctrl Pts',(79.8800303448583,10.,135.444790357097));
#8226=CARTESIAN_POINT('Ctrl Pts',(80.0600278910301,10.,135.454170874991));
#8227=CARTESIAN_POINT('Ctrl Pts',(80.4220541510672,10.,135.473037764473));
#8228=CARTESIAN_POINT('Ctrl Pts',(80.7576564302742,10.,135.610214898277));
#8229=CARTESIAN_POINT('Ctrl Pts',(80.9263990271456,10.,135.679188285001));
#8230=CARTESIAN_POINT('',(97.2196205660171,10.,139.731561294906));
#8231=CARTESIAN_POINT('',(97.5944534112236,10.,139.692390709599));
#8232=CARTESIAN_POINT('Ctrl Pts',(97.2196205660171,10.,139.731561294906));
#8233=CARTESIAN_POINT('Ctrl Pts',(97.2814788209685,10.,139.729617904821));
#8234=CARTESIAN_POINT('Ctrl Pts',(97.4073665993776,10.,139.725662910285));
#8235=CARTESIAN_POINT('Ctrl Pts',(97.5313781711589,10.,139.703608240247));
#8236=CARTESIAN_POINT('Ctrl Pts',(97.5944534112236,10.,139.692390709599));
#8237=CARTESIAN_POINT('',(97.7149846714577,10.,140.441858697203));
#8238=CARTESIAN_POINT('',(85.4145536487788,10.,63.9573079895475));
#8239=CARTESIAN_POINT('',(97.0825053368278,10.,140.519681990169));
#8240=CARTESIAN_POINT('Ctrl Pts',(97.7149846714577,10.,140.441858697203));
#8241=CARTESIAN_POINT('Ctrl Pts',(97.6001953492554,10.,140.46418044549));
#8242=CARTESIAN_POINT('Ctrl Pts',(97.3911094370729,10.,140.504838958081));
#8243=CARTESIAN_POINT('Ctrl Pts',(97.1784248908547,10.,140.515068516086));
#8244=CARTESIAN_POINT('Ctrl Pts',(97.0825053368278,10.,140.519681990169));
#8245=CARTESIAN_POINT('',(96.2754199410763,10.,140.331090428008));
#8246=CARTESIAN_POINT('Ctrl Pts',(97.0825053368278,10.,140.519681990169));
#8247=CARTESIAN_POINT('Ctrl Pts',(96.9194818537887,10.,140.518254767107));
#8248=CARTESIAN_POINT('Ctrl Pts',(96.6348720984658,10.,140.515763091683));
#8249=CARTESIAN_POINT('Ctrl Pts',(96.3830144149534,10.,140.386368321545));
#8250=CARTESIAN_POINT('Ctrl Pts',(96.2754199410763,10.,140.331090428008));
#8251=CARTESIAN_POINT('',(95.9638350558604,10.,139.835601285812));
#8252=CARTESIAN_POINT('Ctrl Pts',(96.2754199410763,10.,140.331090428008));
#8253=CARTESIAN_POINT('Ctrl Pts',(96.1990793205539,10.,140.262206411378));
#8254=CARTESIAN_POINT('Ctrl Pts',(96.0484468764889,10.,140.126287057945));
#8255=CARTESIAN_POINT('Ctrl Pts',(95.9917820911652,10.,139.931613940735));
#8256=CARTESIAN_POINT('Ctrl Pts',(95.9638350558604,10.,139.835601285812));
#8257=CARTESIAN_POINT('',(95.9038475940191,10.,139.001486101178));
#8258=CARTESIAN_POINT('Ctrl Pts',(95.9638350558604,10.,139.835601285812));
#8259=CARTESIAN_POINT('Ctrl Pts',(95.9469650332468,10.,139.716310048829));
#8260=CARTESIAN_POINT('Ctrl Pts',(95.9078559313385,10.,139.439761922557));
#8261=CARTESIAN_POINT('Ctrl Pts',(95.9053006400547,10.,139.160363684074));
#8262=CARTESIAN_POINT('Ctrl Pts',(95.9038475940191,10.,139.001486101178));
#8263=CARTESIAN_POINT('',(95.8910741145416,10.,136.137449415331));
#8264=CARTESIAN_POINT('',(95.5929296551048,10.,69.2882662294573));
#8265=CARTESIAN_POINT('',(95.2770284027207,10.,136.14018803259));
#8266=CARTESIAN_POINT('',(48.250068256446,10.,136.349926236462));
#8267=CARTESIAN_POINT('',(95.2741224817563,10.,135.488629914615));
#8268=CARTESIAN_POINT('',(94.9724972035463,10.,67.8589865037934));
#8269=CARTESIAN_POINT('',(95.8881681935772,10.,135.485891297356));
#8270=CARTESIAN_POINT('',(47.9401394795711,10.,135.699737427117));
#8271=CARTESIAN_POINT('',(95.8826490640167,10.,134.248406275122));
#8272=CARTESIAN_POINT('',(95.5850899548837,10.,67.5304688275461));
#8273=CARTESIAN_POINT('',(96.7241157584114,10.,133.733712505211));
#8274=CARTESIAN_POINT('',(90.8729711795441,10.,137.31263925496));
#8275=CARTESIAN_POINT('',(96.7319136167561,10.,135.48212822934));
#8276=CARTESIAN_POINT('',(96.4249364488909,10.,66.6524978974665));
#8277=CARTESIAN_POINT('',(97.5756590399349,10.,135.478365161325));
#8278=CARTESIAN_POINT('',(48.6690350470718,10.,135.69648658448));
#8279=CARTESIAN_POINT('',(97.5785649608994,10.,136.1299232793));
#8280=CARTESIAN_POINT('',(97.2725808012427,10.,67.5229426915163));
#8281=CARTESIAN_POINT('',(96.7348195377205,10.,136.133686347315));
#8282=CARTESIAN_POINT('',(49.0938136796256,10.,136.346163168448));
#8283=CARTESIAN_POINT('',(96.7478020670804,10.,139.04459565964));
#8284=CARTESIAN_POINT('',(96.4302883385453,10.,67.8524848185186));
#8285=CARTESIAN_POINT('',(96.8251815444354,10.,139.578632963286));
#8286=CARTESIAN_POINT('Ctrl Pts',(96.7478020670804,10.,139.04459565964));
#8287=CARTESIAN_POINT('Ctrl Pts',(96.7482783953231,10.,139.152622675119));
#8288=CARTESIAN_POINT('Ctrl Pts',(96.7490813839951,10.,139.334733375091));
#8289=CARTESIAN_POINT('Ctrl Pts',(96.8031756746048,10.,139.50810456284));
#8290=CARTESIAN_POINT('Ctrl Pts',(96.8251815444354,10.,139.578632963286));
#8291=CARTESIAN_POINT('Ctrl Pts',(96.8251815444354,10.,139.578632963286));
#8292=CARTESIAN_POINT('Ctrl Pts',(96.8687203449844,10.,139.623211262453));
#8293=CARTESIAN_POINT('Ctrl Pts',(96.9745825197984,10.,139.731600920409));
#8294=CARTESIAN_POINT('Ctrl Pts',(97.128818484939,10.,139.731575978659));
#8295=CARTESIAN_POINT('Ctrl Pts',(97.2196205660171,10.,139.731561294906));
#8296=CARTESIAN_POINT('',(67.1081292670602,10.,133.715793596165));
#8297=CARTESIAN_POINT('',(67.9518651535908,10.,133.712030570682));
#8298=CARTESIAN_POINT('',(33.852909441972,10.,133.864110435139));
#8299=CARTESIAN_POINT('',(67.9825131210748,10.,140.583838943333));
#8300=CARTESIAN_POINT('',(67.6530203451483,10.,66.705816933625));
#8301=CARTESIAN_POINT('',(67.1950243863166,10.,140.587351108956));
#8302=CARTESIAN_POINT('',(34.3054253527212,10.,140.734037295049));
#8303=CARTESIAN_POINT('',(67.1922021065717,10.,139.954546809896));
#8304=CARTESIAN_POINT('',(66.8808555941323,10.,70.1452332855736));
#8305=CARTESIAN_POINT('',(67.1734530559809,10.,139.954630429849));
#8306=CARTESIAN_POINT('',(33.9088587055759,10.,140.10298907879));
#8307=CARTESIAN_POINT('',(65.8033680377089,10.,140.710746501445));
#8308=CARTESIAN_POINT('Ctrl Pts',(67.1734530559809,10.,139.954630429849));
#8309=CARTESIAN_POINT('Ctrl Pts',(67.0014109929614,10.,140.174135820739));
#8310=CARTESIAN_POINT('Ctrl Pts',(66.6523865347168,10.,140.619449884013));
#8311=CARTESIAN_POINT('Ctrl Pts',(66.0890322380889,10.,140.680028471969));
#8312=CARTESIAN_POINT('Ctrl Pts',(65.8033680377089,10.,140.710746501445));
#8313=CARTESIAN_POINT('',(64.2720436988814,10.,139.995694725119));
#8314=CARTESIAN_POINT('Ctrl Pts',(65.8033680377089,10.,140.710746501445));
#8315=CARTESIAN_POINT('Ctrl Pts',(65.5100027833307,10.,140.680743112051));
#8316=CARTESIAN_POINT('Ctrl Pts',(64.9170986948044,10.,140.620104941798));
#8317=CARTESIAN_POINT('Ctrl Pts',(64.4885494456704,10.,140.20527127459));
#8318=CARTESIAN_POINT('Ctrl Pts',(64.2720436988814,10.,139.995694725119));
#8319=CARTESIAN_POINT('',(63.6542877041873,10.,138.118743886276));
#8320=CARTESIAN_POINT('Ctrl Pts',(64.2720436988814,10.,139.995694725119));
#8321=CARTESIAN_POINT('Ctrl Pts',(64.093244131436,10.,139.727212634562));
#8322=CARTESIAN_POINT('Ctrl Pts',(63.7154765264975,10.,139.159963855566));
#8323=CARTESIAN_POINT('Ctrl Pts',(63.6753972368672,10.,138.477954378304));
#8324=CARTESIAN_POINT('Ctrl Pts',(63.6542877041873,10.,138.118743886276));
#8325=CARTESIAN_POINT('',(64.2223570647188,10.,136.213062769913));
#8326=CARTESIAN_POINT('Ctrl Pts',(63.6542877041873,10.,138.118743886276));
#8327=CARTESIAN_POINT('Ctrl Pts',(63.6682939555541,10.,137.749003342593));
#8328=CARTESIAN_POINT('Ctrl Pts',(63.6942943512222,10.,137.062638363232));
#8329=CARTESIAN_POINT('Ctrl Pts',(64.0556578392267,10.,136.481257417601));
#8330=CARTESIAN_POINT('Ctrl Pts',(64.2223570647188,10.,136.213062769913));
#8331=CARTESIAN_POINT('',(65.7426644638543,10.,135.507842396143));
#8332=CARTESIAN_POINT('Ctrl Pts',(64.2223570647188,10.,136.213062769913));
#8333=CARTESIAN_POINT('Ctrl Pts',(64.4310474980198,10.,136.00842992506));
#8334=CARTESIAN_POINT('Ctrl Pts',(64.8538746578529,10.,135.593823834931));
#8335=CARTESIAN_POINT('Ctrl Pts',(65.4438680270292,10.,135.536747934179));
#8336=CARTESIAN_POINT('Ctrl Pts',(65.7426644638543,10.,135.507842396143));
#8337=CARTESIAN_POINT('',(67.1003766868804,10.,136.181477503614));
#8338=CARTESIAN_POINT('Ctrl Pts',(65.7426644638543,10.,135.507842396143));
#8339=CARTESIAN_POINT('Ctrl Pts',(66.0199454186463,10.,135.532157582455));
#8340=CARTESIAN_POINT('Ctrl Pts',(66.5617292014177,10.,135.579667421812));
#8341=CARTESIAN_POINT('Ctrl Pts',(66.9236730416887,10.,135.984053329107));
#8342=CARTESIAN_POINT('Ctrl Pts',(67.1003766868804,10.,136.181477503614));
#8343=CARTESIAN_POINT('',(67.1191257374712,10.,136.181393883661));
#8344=CARTESIAN_POINT('',(33.8545313870668,10.,136.329752532602));
#8345=CARTESIAN_POINT('',(66.8147826938234,10.,67.9423801028555));
#8346=CARTESIAN_POINT('',(56.3735159304311,10.,135.78869307937));
#8347=CARTESIAN_POINT('',(57.2349559900483,10.,136.600484396625));
#8348=CARTESIAN_POINT('Ctrl Pts',(56.3735159304311,10.,135.78869307937));
#8349=CARTESIAN_POINT('Ctrl Pts',(56.538870472299,10.,135.886100848483));
#8350=CARTESIAN_POINT('Ctrl Pts',(56.8869036351207,10.,136.091121730188));
#8351=CARTESIAN_POINT('Ctrl Pts',(57.1151513688552,10.,136.425154448592));
#8352=CARTESIAN_POINT('Ctrl Pts',(57.2349559900483,10.,136.600484396625));
#8353=CARTESIAN_POINT('',(57.5943546831858,10.,138.356711476457));
#8354=CARTESIAN_POINT('Ctrl Pts',(57.2349559900483,10.,136.600484396625));
#8355=CARTESIAN_POINT('Ctrl Pts',(57.3380121715685,10.,136.83871581513));
#8356=CARTESIAN_POINT('Ctrl Pts',(57.5794207617162,10.,137.396771722325));
#8357=CARTESIAN_POINT('Ctrl Pts',(57.5889140402229,10.,138.006991580128));
#8358=CARTESIAN_POINT('Ctrl Pts',(57.5943546831858,10.,138.356711476457));
#8359=CARTESIAN_POINT('',(53.8678235235688,10.,138.373331643902));
#8360=CARTESIAN_POINT('',(29.1062764720971,10.,138.483767070465));
#8361=CARTESIAN_POINT('',(54.3421925161369,10.,139.632162395485));
#8362=CARTESIAN_POINT('Ctrl Pts',(53.8678235235688,10.,138.373331643902));
#8363=CARTESIAN_POINT('Ctrl Pts',(53.894557758658,10.,138.624374213973));
#8364=CARTESIAN_POINT('Ctrl Pts',(53.9438158620437,10.,139.086922733858));
#8365=CARTESIAN_POINT('Ctrl Pts',(54.2171892168552,10.,139.461076173684));
#8366=CARTESIAN_POINT('Ctrl Pts',(54.3421925161369,10.,139.632162395485));
#8367=CARTESIAN_POINT('',(55.3941312814351,10.,140.063413964986));
#8368=CARTESIAN_POINT('Ctrl Pts',(54.3421925161369,10.,139.632162395485));
#8369=CARTESIAN_POINT('Ctrl Pts',(54.4929879663263,10.,139.758635887284));
#8370=CARTESIAN_POINT('Ctrl Pts',(54.7975686077777,10.,140.01409039344));
#8371=CARTESIAN_POINT('Ctrl Pts',(55.1939800085423,10.,140.046865535015));
#8372=CARTESIAN_POINT('Ctrl Pts',(55.3941312814351,10.,140.063413964986));
#8373=CARTESIAN_POINT('',(56.203932185858,10.,139.806675533531));
#8374=CARTESIAN_POINT('Ctrl Pts',(55.3941312814351,10.,140.063413964986));
#8375=CARTESIAN_POINT('Ctrl Pts',(55.5461029633311,10.,140.05404282411));
#8376=CARTESIAN_POINT('Ctrl Pts',(55.8379848672812,10.,140.036044296969));
#8377=CARTESIAN_POINT('Ctrl Pts',(56.0853571412503,10.,139.880996098202));
#8378=CARTESIAN_POINT('Ctrl Pts',(56.203932185858,10.,139.806675533531));
#8379=CARTESIAN_POINT('',(56.7020436588572,10.,139.031006878318));
#8380=CARTESIAN_POINT('Ctrl Pts',(56.203932185858,10.,139.806675533531));
#8381=CARTESIAN_POINT('Ctrl Pts',(56.308107022577,10.,139.704192036559));
#8382=CARTESIAN_POINT('Ctrl Pts',(56.5321799525714,10.,139.483757062377));
#8383=CARTESIAN_POINT('Ctrl Pts',(56.6428342106114,10.,139.188822159625));
#8384=CARTESIAN_POINT('Ctrl Pts',(56.7020436588572,10.,139.031006878318));
#8385=CARTESIAN_POINT('',(57.5697014629465,10.,139.134951115849));
#8386=CARTESIAN_POINT('',(20.5421151314634,10.,134.699096092465));
#8387=CARTESIAN_POINT('',(56.8016007324736,10.,140.333700246179));
#8388=CARTESIAN_POINT('Ctrl Pts',(57.5697014629465,10.,139.134951115849));
#8389=CARTESIAN_POINT('Ctrl Pts',(57.4896380453447,10.,139.376732463003));
#8390=CARTESIAN_POINT('Ctrl Pts',(57.3354050467604,10.,139.842496519675));
#8391=CARTESIAN_POINT('Ctrl Pts',(56.9749439687558,10.,140.174190775485));
#8392=CARTESIAN_POINT('Ctrl Pts',(56.8016007324736,10.,140.333700246179));
#8393=CARTESIAN_POINT('',(55.3972253472937,10.,140.757157446791));
#8394=CARTESIAN_POINT('Ctrl Pts',(56.8016007324736,10.,140.333700246179));
#8395=CARTESIAN_POINT('Ctrl Pts',(56.5964955691812,10.,140.456212766078));
#8396=CARTESIAN_POINT('Ctrl Pts',(56.1646395616639,10.,140.714167109428));
#8397=CARTESIAN_POINT('Ctrl Pts',(55.6614373282629,10.,140.742356362859));
#8398=CARTESIAN_POINT('Ctrl Pts',(55.3972253472937,10.,140.757157446791));
#8399=CARTESIAN_POINT('',(53.6410605679861,10.,140.080607296148));
#8400=CARTESIAN_POINT('Ctrl Pts',(55.3972253472937,10.,140.757157446791));
#8401=CARTESIAN_POINT('Ctrl Pts',(55.050217660674,10.,140.736619594068));
#8402=CARTESIAN_POINT('Ctrl Pts',(54.3905594813896,10.,140.697577339227));
#8403=CARTESIAN_POINT('Ctrl Pts',(53.8820655196929,10.,140.278996957263));
#8404=CARTESIAN_POINT('Ctrl Pts',(53.6410605679861,10.,140.080607296148));
#8405=CARTESIAN_POINT('',(53.0045650593495,10.,138.203740034724));
#8406=CARTESIAN_POINT('Ctrl Pts',(53.6410605679861,10.,140.080607296148));
#8407=CARTESIAN_POINT('Ctrl Pts',(53.4569142238636,10.,139.818986229332));
#8408=CARTESIAN_POINT('Ctrl Pts',(53.0620299167062,10.,139.257964753726));
#8409=CARTESIAN_POINT('Ctrl Pts',(53.024561066071,10.,138.570577882006));
#8410=CARTESIAN_POINT('Ctrl Pts',(53.0045650593495,10.,138.203740034724));
#8411=CARTESIAN_POINT('',(53.605419606369,10.,136.293230110388));
#8412=CARTESIAN_POINT('Ctrl Pts',(53.0045650593495,10.,138.203740034724));
#8413=CARTESIAN_POINT('Ctrl Pts',(53.0219174250946,10.,137.838060205662));
#8414=CARTESIAN_POINT('Ctrl Pts',(53.0547269546791,10.,137.146639603634));
#8415=CARTESIAN_POINT('Ctrl Pts',(53.4290630768761,10.,136.566530173505));
#8416=CARTESIAN_POINT('Ctrl Pts',(53.605419606369,10.,136.293230110388));
#8417=CARTESIAN_POINT('',(55.3271472481438,10.,135.554295151465));
#8418=CARTESIAN_POINT('Ctrl Pts',(53.605419606369,10.,136.293230110388));
#8419=CARTESIAN_POINT('Ctrl Pts',(53.8373263690099,10.,136.079022551161));
#8420=CARTESIAN_POINT('Ctrl Pts',(54.3222769420048,10.,135.631083571704));
#8421=CARTESIAN_POINT('Ctrl Pts',(54.9825969142738,10.,135.580624395815));
#8422=CARTESIAN_POINT('Ctrl Pts',(55.3271472481438,10.,135.554295151465));
#8423=CARTESIAN_POINT('Ctrl Pts',(55.3271472481438,10.,135.554295151465));
#8424=CARTESIAN_POINT('Ctrl Pts',(55.5071481428207,10.,135.563674983439));
#8425=CARTESIAN_POINT('Ctrl Pts',(55.8691749026457,10.,135.582540168434));
#8426=CARTESIAN_POINT('Ctrl Pts',(56.2047765333611,10.,135.719719674513));
#8427=CARTESIAN_POINT('Ctrl Pts',(56.3735159304311,10.,135.78869307937));
#8428=CARTESIAN_POINT('',(46.7216944513045,10.,139.956779856549));
#8429=CARTESIAN_POINT('',(47.096527296511,10.,139.917609271243));
#8430=CARTESIAN_POINT('Ctrl Pts',(46.7216944513045,10.,139.956779856549));
#8431=CARTESIAN_POINT('Ctrl Pts',(46.7835527062559,10.,139.954836466464));
#8432=CARTESIAN_POINT('Ctrl Pts',(46.9094404846649,10.,139.950881471928));
#8433=CARTESIAN_POINT('Ctrl Pts',(47.0334520564462,10.,139.92882680189));
#8434=CARTESIAN_POINT('Ctrl Pts',(47.096527296511,10.,139.917609271243));
#8435=CARTESIAN_POINT('',(47.2170585567451,10.,140.667077258847));
#8436=CARTESIAN_POINT('',(35.5355453024832,10.,68.0309809147126));
#8437=CARTESIAN_POINT('',(46.5845792221151,10.,140.744900551812));
#8438=CARTESIAN_POINT('Ctrl Pts',(47.2170585567451,10.,140.667077258847));
#8439=CARTESIAN_POINT('Ctrl Pts',(47.1022692345428,10.,140.689399007133));
#8440=CARTESIAN_POINT('Ctrl Pts',(46.8931833223602,10.,140.730057519724));
#8441=CARTESIAN_POINT('Ctrl Pts',(46.6804987761421,10.,140.740287077729));
#8442=CARTESIAN_POINT('Ctrl Pts',(46.5845792221151,10.,140.744900551812));
#8443=CARTESIAN_POINT('',(45.7774842897153,10.,140.556309032184));
#8444=CARTESIAN_POINT('Ctrl Pts',(46.5845792221151,10.,140.744900551812));
#8445=CARTESIAN_POINT('Ctrl Pts',(46.4215524505431,10.,140.743473824702));
#8446=CARTESIAN_POINT('Ctrl Pts',(46.136939355008,10.,140.740983036132));
#8447=CARTESIAN_POINT('Ctrl Pts',(45.8850787812899,10.,140.611586888808));
#8448=CARTESIAN_POINT('Ctrl Pts',(45.7774842897153,10.,140.556309032184));
#8449=CARTESIAN_POINT('',(45.4658994044994,10.,140.060819889989));
#8450=CARTESIAN_POINT('Ctrl Pts',(45.7774842897153,10.,140.556309032184));
#8451=CARTESIAN_POINT('Ctrl Pts',(45.701139031592,10.,140.487425902628));
#8452=CARTESIAN_POINT('Ctrl Pts',(45.5504998874817,10.,140.351510510694));
#8453=CARTESIAN_POINT('Ctrl Pts',(45.4938423821689,10.,140.156833071436));
#8454=CARTESIAN_POINT('Ctrl Pts',(45.4658994044994,10.,140.060819889989));
#8455=CARTESIAN_POINT('',(45.4059214793064,10.,139.226704662821));
#8456=CARTESIAN_POINT('Ctrl Pts',(45.4658994044994,10.,140.060819889989));
#8457=CARTESIAN_POINT('Ctrl Pts',(45.4490332476418,10.,139.941528555365));
#8458=CARTESIAN_POINT('Ctrl Pts',(45.4099330389187,10.,139.664979717237));
#8459=CARTESIAN_POINT('Ctrl Pts',(45.4073756946769,10.,139.38558210257));
#8460=CARTESIAN_POINT('Ctrl Pts',(45.4059214793064,10.,139.226704662821));
#8461=CARTESIAN_POINT('',(45.393147999829,10.,136.362667976974));
#8462=CARTESIAN_POINT('',(45.0950035403924,10.,69.5134847911006));
#8463=CARTESIAN_POINT('',(44.7790927513598,10.,136.365406636766));
#8464=CARTESIAN_POINT('',(23.0011051990893,10.,136.462535517284));
#8465=CARTESIAN_POINT('',(44.7761868303954,10.,135.713848518791));
#8466=CARTESIAN_POINT('',(44.4745615521844,10.,68.0842051079689));
#8467=CARTESIAN_POINT('',(45.3902420788646,10.,135.711109858999));
#8468=CARTESIAN_POINT('',(22.6911716538903,10.,135.812346729205));
#8469=CARTESIAN_POINT('',(45.3847229493041,10.,134.473624836765));
#8470=CARTESIAN_POINT('',(45.0871638401715,10.,67.7556873891895));
#8471=CARTESIAN_POINT('',(46.2261896436988,10.,133.958931066854));
#8472=CARTESIAN_POINT('',(58.7996623190801,10.,126.268207125819));
#8473=CARTESIAN_POINT('',(46.2339875020435,10.,135.707346790984));
#8474=CARTESIAN_POINT('',(45.927010334178,10.,66.8777164591094));
#8475=CARTESIAN_POINT('',(47.0777329252223,10.,135.703583722968));
#8476=CARTESIAN_POINT('',(23.4200719897155,10.,135.809095865302));
#8477=CARTESIAN_POINT('',(47.0806388461868,10.,136.355141840943));
#8478=CARTESIAN_POINT('',(46.7746546865291,10.,67.7481612531589));
#8479=CARTESIAN_POINT('',(46.2368934230079,10.,136.358904908959));
#8480=CARTESIAN_POINT('',(23.8448506222693,10.,136.458772449269));
#8481=CARTESIAN_POINT('',(46.2498759523677,10.,139.269814221283));
#8482=CARTESIAN_POINT('',(45.9323622238325,10.,68.0777033801616));
#8483=CARTESIAN_POINT('',(46.3272554297228,10.,139.803851524929));
#8484=CARTESIAN_POINT('Ctrl Pts',(46.2498759523677,10.,139.269814221283));
#8485=CARTESIAN_POINT('Ctrl Pts',(46.2503522806105,10.,139.377841236763));
#8486=CARTESIAN_POINT('Ctrl Pts',(46.2511552692825,10.,139.559951936734));
#8487=CARTESIAN_POINT('Ctrl Pts',(46.3052495598922,10.,139.733323124483));
#8488=CARTESIAN_POINT('Ctrl Pts',(46.3272554297228,10.,139.803851524929));
#8489=CARTESIAN_POINT('Ctrl Pts',(46.3272554297228,10.,139.803851524929));
#8490=CARTESIAN_POINT('Ctrl Pts',(46.3707942302718,10.,139.848429824096));
#8491=CARTESIAN_POINT('Ctrl Pts',(46.4766564050857,10.,139.956819482053));
#8492=CARTESIAN_POINT('Ctrl Pts',(46.6308923702263,10.,139.956794540302));
#8493=CARTESIAN_POINT('Ctrl Pts',(46.7216944513045,10.,139.956779856549));
#8494=CARTESIAN_POINT('Origin',(-94.5000337698045,2.74093534578348,70.));
#8495=CARTESIAN_POINT('',(-94.3000000000001,3.72072432925117,75.));
#8496=CARTESIAN_POINT('',(-93.6747827894934,2.17616918222935,75.));
#8497=CARTESIAN_POINT('Origin',(-94.5000337698045,2.74093534578348,75.));
#8498=CARTESIAN_POINT('',(-93.6747827894934,2.17616918222935,70.));
#8499=CARTESIAN_POINT('',(-93.6747827894934,2.17616918222935,70.));
#8500=CARTESIAN_POINT('',(-94.3000000000001,3.72072432925117,70.));
#8501=CARTESIAN_POINT('Origin',(-94.5000337698045,2.74093534578348,70.));
#8502=CARTESIAN_POINT('',(-94.3000000000001,3.72072432925117,70.));
#8503=CARTESIAN_POINT('Origin',(1.68753899743024E-13,2.65,70.));
#8504=CARTESIAN_POINT('',(97.8010376910484,-5.04173709823097E-31,70.));
#8505=CARTESIAN_POINT('',(105.3,0.,70.));
#8506=CARTESIAN_POINT('',(93.6747827894931,2.17616918222935,70.));
#8507=CARTESIAN_POINT('Origin',(97.8010376910484,5.,70.));
#8508=CARTESIAN_POINT('',(94.2999999999998,3.72072432925117,70.));
#8509=CARTESIAN_POINT('Origin',(94.5000337698042,2.74093534578348,70.));
#8510=CARTESIAN_POINT('',(94.2999999999998,7.,70.));
#8511=CARTESIAN_POINT('',(94.2999999999998,3.18536216462559,70.));
#8512=CARTESIAN_POINT('',(-94.3000000000001,7.,70.));
#8513=CARTESIAN_POINT('',(8.88178419700125E-15,7.,70.));
#8514=CARTESIAN_POINT('',(-94.3000000000001,4.825,70.));
#8515=CARTESIAN_POINT('',(-97.8010376910487,0.,70.));
#8516=CARTESIAN_POINT('Origin',(-97.8010376910487,5.,70.));
#8517=CARTESIAN_POINT('',(1.64313007644523E-13,0.,70.));
#8518=CARTESIAN_POINT('Origin',(94.5000337698042,2.74093534578348,70.));
#8519=CARTESIAN_POINT('',(93.6747827894931,2.17616918222935,75.));
#8520=CARTESIAN_POINT('',(93.6747827894931,2.17616918222935,70.));
#8521=CARTESIAN_POINT('',(94.2999999999998,3.72072432925117,75.));
#8522=CARTESIAN_POINT('Origin',(94.5000337698042,2.74093534578348,75.));
#8523=CARTESIAN_POINT('',(94.2999999999998,3.72072432925117,70.));
#8524=CARTESIAN_POINT('Origin',(97.8010376910484,5.,34.9999999999999));
#8525=CARTESIAN_POINT('',(97.8010376910484,-5.04173709823097E-31,75.));
#8526=CARTESIAN_POINT('',(97.8010376910484,0.,34.9999999999999));
#8527=CARTESIAN_POINT('Origin',(97.8010376910484,5.,75.));
#8528=CARTESIAN_POINT('Origin',(-49.9000000000001,4.,78.));
#8529=CARTESIAN_POINT('',(-94.3000000000001,4.,75.));
#8530=CARTESIAN_POINT('',(-94.3000000000001,7.,78.));
#8531=CARTESIAN_POINT('Origin',(-94.3000000000001,4.,78.));
#8532=CARTESIAN_POINT('',(-98.3000000000001,7.,78.));
#8533=CARTESIAN_POINT('',(-49.9000000000001,7.,78.));
#8534=CARTESIAN_POINT('',(-98.3000000000001,4.,75.));
#8535=CARTESIAN_POINT('Origin',(-98.3000000000001,4.,78.));
#8536=CARTESIAN_POINT('',(-49.9000000000001,4.,75.));
#8537=CARTESIAN_POINT('Origin',(49.8999999999998,4.,78.));
#8538=CARTESIAN_POINT('',(94.2999999999998,7.,78.));
#8539=CARTESIAN_POINT('',(94.2999999999998,4.,75.));
#8540=CARTESIAN_POINT('Origin',(94.2999999999998,4.,78.));
#8541=CARTESIAN_POINT('',(98.2999999999998,4.,75.));
#8542=CARTESIAN_POINT('',(49.8999999999998,4.,75.));
#8543=CARTESIAN_POINT('',(98.2999999999998,7.,78.));
#8544=CARTESIAN_POINT('Origin',(98.2999999999998,4.,78.));
#8545=CARTESIAN_POINT('',(49.8999999999998,7.,78.));
#8546=CARTESIAN_POINT('Origin',(-94.3000000000001,7.,70.));
#8547=CARTESIAN_POINT('',(-94.3000000000001,7.,70.));
#8548=CARTESIAN_POINT('',(-94.3000000000001,5.25,75.));
#8549=CARTESIAN_POINT('Origin',(94.2999999999998,3.72072432925117,70.));
#8550=CARTESIAN_POINT('',(94.2999999999998,3.61036216462559,75.));
#8551=CARTESIAN_POINT('',(94.2999999999998,7.,70.));
#8552=CARTESIAN_POINT('Origin',(99.7999999999998,3.5,75.));
#8553=CARTESIAN_POINT('',(102.3,-2.01697390539463E-31,75.));
#8554=CARTESIAN_POINT('',(105.3,0.,75.));
#8555=CARTESIAN_POINT('Origin',(98.2999999999998,0.,75.));
#8556=CARTESIAN_POINT('Origin',(-97.8010376910487,5.,34.9999999999999));
#8557=CARTESIAN_POINT('',(-97.8010376910487,-2.39610216372988E-15,75.));
#8558=CARTESIAN_POINT('Origin',(-97.8010376910487,5.,75.));
#8559=CARTESIAN_POINT('',(-97.8010376910487,0.,34.9999999999999));
#8560=CARTESIAN_POINT('Origin',(-1.50990331349021E-13,7.,1.06581410364015E-13));
#8561=CARTESIAN_POINT('',(98.2999999999998,7.,131.55));
#8562=CARTESIAN_POINT('',(98.2999999999998,7.,-69.2750000000001));
#8563=CARTESIAN_POINT('',(88.2999999999998,7.,141.55));
#8564=CARTESIAN_POINT('Origin',(98.2999999999998,7.,141.55));
#8565=CARTESIAN_POINT('',(-88.3000000000001,7.,141.55));
#8566=CARTESIAN_POINT('',(47.6499999999998,7.,141.55));
#8567=CARTESIAN_POINT('',(-98.3000000000002,7.,131.55));
#8568=CARTESIAN_POINT('Origin',(-98.3000000000002,7.,141.55));
#8569=CARTESIAN_POINT('',(-98.3000000000001,7.,69.2749999999999));
#8570=CARTESIAN_POINT('Origin',(-98.3000000000001,0.,78.));
#8571=CARTESIAN_POINT('',(-105.3,0.,78.));
#8572=CARTESIAN_POINT('Origin',(-98.3000000000001,0.,78.));
#8573=CARTESIAN_POINT('',(-102.3,-2.39610216372988E-15,75.));
#8574=CARTESIAN_POINT('Origin',(-102.3,0.,78.));
#8575=CARTESIAN_POINT('Origin',(-98.3000000000001,0.,75.));
#8576=CARTESIAN_POINT('Origin',(-99.8000000000002,3.5,75.));
#8577=CARTESIAN_POINT('',(-105.3,-2.39610216372988E-15,75.));
#8578=CARTESIAN_POINT('Origin',(98.2999999999998,0.,78.));
#8579=CARTESIAN_POINT('',(105.3,0.,78.));
#8580=CARTESIAN_POINT('Origin',(102.3,0.,78.));
#8581=CARTESIAN_POINT('Origin',(98.2999999999998,0.,78.));
#8582=CARTESIAN_POINT('Origin',(98.2999999999998,0.,-69.2750000000001));
#8583=CARTESIAN_POINT('',(105.3,0.,129.016808163796));
#8584=CARTESIAN_POINT('',(105.3,0.,-148.55));
#8585=CARTESIAN_POINT('',(104.570644915343,3.11111111111111,129.016808163796));
#8586=CARTESIAN_POINT('Origin',(98.2999999999998,0.,129.016808163796));
#8587=CARTESIAN_POINT('',(104.570644915343,3.11111111111111,135.216808163796));
#8588=CARTESIAN_POINT('',(104.570644915343,3.11111111111111,-69.2750000000001));
#8589=CARTESIAN_POINT('',(105.3,0.,135.216808163796));
#8590=CARTESIAN_POINT('Origin',(98.2999999999998,0.,135.216808163796));
#8591=CARTESIAN_POINT('',(105.3,0.,138.55));
#8592=CARTESIAN_POINT('',(105.3,0.,-148.55));
#8593=CARTESIAN_POINT('Origin',(98.2999999999998,0.,131.55));
#8594=CARTESIAN_POINT('Ctrl Pts',(51.8104400622619,10.,136.371545979597));
#8595=CARTESIAN_POINT('Ctrl Pts',(51.8104400622619,9.8,136.371545979597));
#8596=CARTESIAN_POINT('Ctrl Pts',(51.86291215507,10.,136.532588035795));
#8597=CARTESIAN_POINT('Ctrl Pts',(51.86291215507,9.8,136.532588035795));
#8598=CARTESIAN_POINT('Ctrl Pts',(51.9826939120678,10.,136.900210126122));
#8599=CARTESIAN_POINT('Ctrl Pts',(51.9826939120678,9.8,136.900210126122));
#8600=CARTESIAN_POINT('Ctrl Pts',(51.9896922066713,10.,137.287490220197));
#8601=CARTESIAN_POINT('Ctrl Pts',(51.9896922066713,9.8,137.287490220197));
#8602=CARTESIAN_POINT('Ctrl Pts',(51.993624799342,10.,137.505116791495));
#8603=CARTESIAN_POINT('Ctrl Pts',(51.993624799342,9.8,137.505116791495));
#8604=CARTESIAN_POINT('',(51.8104400622619,9.8,136.371545979597));
#8605=CARTESIAN_POINT('',(51.8104400622619,10.,136.371545979597));
#8606=CARTESIAN_POINT('',(51.993624799342,9.8,137.505116791495));
#8607=CARTESIAN_POINT('Ctrl Pts',(51.8104400622619,9.8,136.371545979597));
#8608=CARTESIAN_POINT('Ctrl Pts',(51.86291215507,9.8,136.532588035795));
#8609=CARTESIAN_POINT('Ctrl Pts',(51.9826939120678,9.8,136.900210126122));
#8610=CARTESIAN_POINT('Ctrl Pts',(51.9896922066713,9.8,137.287490220197));
#8611=CARTESIAN_POINT('Ctrl Pts',(51.993624799342,9.8,137.505116791495));
#8612=CARTESIAN_POINT('',(51.993624799342,10.,137.505116791495));
#8613=CARTESIAN_POINT('Ctrl Pts',(51.1890054696537,10.,135.769624799937));
#8614=CARTESIAN_POINT('Ctrl Pts',(51.1890054696537,9.8,135.769624799937));
#8615=CARTESIAN_POINT('Ctrl Pts',(51.3245556411477,10.,135.841848362535));
#8616=CARTESIAN_POINT('Ctrl Pts',(51.3245556411477,9.8,135.841848362535));
#8617=CARTESIAN_POINT('Ctrl Pts',(51.5897030178463,10.,135.983123640521));
#8618=CARTESIAN_POINT('Ctrl Pts',(51.5897030178463,9.8,135.983123640521));
#8619=CARTESIAN_POINT('Ctrl Pts',(51.7379706596334,10.,136.244024407697));
#8620=CARTESIAN_POINT('Ctrl Pts',(51.7379706596334,9.8,136.244024407697));
#8621=CARTESIAN_POINT('Ctrl Pts',(51.8104400622619,10.,136.371545979597));
#8622=CARTESIAN_POINT('Ctrl Pts',(51.8104400622619,9.8,136.371545979597));
#8623=CARTESIAN_POINT('',(51.1890054696537,9.8,135.769624799937));
#8624=CARTESIAN_POINT('',(51.1890054696537,10.,135.769624799937));
#8625=CARTESIAN_POINT('Ctrl Pts',(51.1890054696537,9.8,135.769624799937));
#8626=CARTESIAN_POINT('Ctrl Pts',(51.3245556411477,9.8,135.841848362535));
#8627=CARTESIAN_POINT('Ctrl Pts',(51.5897030178463,9.8,135.983123640521));
#8628=CARTESIAN_POINT('Ctrl Pts',(51.7379706596334,9.8,136.244024407697));
#8629=CARTESIAN_POINT('Ctrl Pts',(51.8104400622619,9.8,136.371545979597));
#8630=CARTESIAN_POINT('Ctrl Pts',(50.2646937823672,10.,135.576873474491));
#8631=CARTESIAN_POINT('Ctrl Pts',(50.2646937823672,9.8,135.576873474491));
#8632=CARTESIAN_POINT('Ctrl Pts',(50.4239014596746,10.,135.584363388102));
#8633=CARTESIAN_POINT('Ctrl Pts',(50.4239014596746,9.8,135.584363388102));
#8634=CARTESIAN_POINT('Ctrl Pts',(50.7422809711761,10.,135.599341529087));
#8635=CARTESIAN_POINT('Ctrl Pts',(50.7422809711761,9.8,135.599341529087));
#8636=CARTESIAN_POINT('Ctrl Pts',(51.0401084799519,10.,135.712867969916));
#8637=CARTESIAN_POINT('Ctrl Pts',(51.0401084799519,9.8,135.712867969916));
#8638=CARTESIAN_POINT('Ctrl Pts',(51.1890054696537,10.,135.769624799937));
#8639=CARTESIAN_POINT('Ctrl Pts',(51.1890054696537,9.8,135.769624799937));
#8640=CARTESIAN_POINT('',(50.2646937823672,9.8,135.576873474491));
#8641=CARTESIAN_POINT('',(50.2646937823672,10.,135.576873474491));
#8642=CARTESIAN_POINT('Ctrl Pts',(50.2646937823672,9.8,135.576873474491));
#8643=CARTESIAN_POINT('Ctrl Pts',(50.4239014596746,9.8,135.584363388102));
#8644=CARTESIAN_POINT('Ctrl Pts',(50.7422809711761,9.8,135.599341529087));
#8645=CARTESIAN_POINT('Ctrl Pts',(51.0401084799519,9.8,135.712867969916));
#8646=CARTESIAN_POINT('Ctrl Pts',(51.1890054696537,9.8,135.769624799937));
#8647=CARTESIAN_POINT('Ctrl Pts',(48.7677438448414,10.,136.263240251463));
#8648=CARTESIAN_POINT('Ctrl Pts',(48.7677438448414,9.8,136.263240251463));
#8649=CARTESIAN_POINT('Ctrl Pts',(48.9790414010901,10.,136.064052691137));
#8650=CARTESIAN_POINT('Ctrl Pts',(48.9790414010901,9.8,136.064052691137));
#8651=CARTESIAN_POINT('Ctrl Pts',(49.4007485189072,10.,135.66651467195));
#8652=CARTESIAN_POINT('Ctrl Pts',(49.4007485189072,9.8,135.66651467195));
#8653=CARTESIAN_POINT('Ctrl Pts',(49.9771165833596,10.,135.606711897793));
#8654=CARTESIAN_POINT('Ctrl Pts',(49.9771165833596,9.8,135.606711897793));
#8655=CARTESIAN_POINT('Ctrl Pts',(50.2646937823672,10.,135.576873474491));
#8656=CARTESIAN_POINT('Ctrl Pts',(50.2646937823672,9.8,135.576873474491));
#8657=CARTESIAN_POINT('',(48.7677438448414,9.8,136.263240251463));
#8658=CARTESIAN_POINT('',(48.7677438448414,10.,136.263240251463));
#8659=CARTESIAN_POINT('Ctrl Pts',(48.7677438448414,9.8,136.263240251463));
#8660=CARTESIAN_POINT('Ctrl Pts',(48.9790414010901,9.8,136.064052691137));
#8661=CARTESIAN_POINT('Ctrl Pts',(49.4007485189072,9.8,135.66651467195));
#8662=CARTESIAN_POINT('Ctrl Pts',(49.9771165833596,9.8,135.606711897793));
#8663=CARTESIAN_POINT('Ctrl Pts',(50.2646937823672,9.8,135.576873474491));
#8664=CARTESIAN_POINT('Origin',(48.7567473744304,10.,133.797639963967));
#8665=CARTESIAN_POINT('',(48.7567473744304,9.8,133.797639963967));
#8666=CARTESIAN_POINT('',(48.7567473744304,10.,133.797639963967));
#8667=CARTESIAN_POINT('',(48.7567473744304,9.8,133.797639963967));
#8668=CARTESIAN_POINT('Origin',(47.9130019512515,10.,133.801403031982));
#8669=CARTESIAN_POINT('',(47.9130019512515,9.8,133.801403031982));
#8670=CARTESIAN_POINT('',(47.9130019512515,10.,133.801403031982));
#8671=CARTESIAN_POINT('',(47.9130019512515,9.8,133.801403031982));
#8672=CARTESIAN_POINT('Origin',(47.9436499187355,10.,140.673211404632));
#8673=CARTESIAN_POINT('',(47.9436499187355,9.8,140.673211404632));
#8674=CARTESIAN_POINT('',(47.9436499187355,10.,140.673211404632));
#8675=CARTESIAN_POINT('',(47.9436499187355,9.8,140.673211404632));
#8676=CARTESIAN_POINT('Origin',(48.7873953419144,10.,140.669448336617));
#8677=CARTESIAN_POINT('',(48.7873953419144,9.8,140.669448336617));
#8678=CARTESIAN_POINT('',(48.7873953419144,10.,140.669448336617));
#8679=CARTESIAN_POINT('',(48.7873953419144,9.8,140.669448336617));
#8680=CARTESIAN_POINT('Origin',(48.7752699596054,10.,137.950726329497));
#8681=CARTESIAN_POINT('',(48.7752699596054,9.8,137.950726329497));
#8682=CARTESIAN_POINT('',(48.7752699596054,10.,137.950726329497));
#8683=CARTESIAN_POINT('',(48.7752699596054,9.8,137.950726329497));
#8684=CARTESIAN_POINT('Ctrl Pts',(49.1726767882346,10.,136.669253303588));
#8685=CARTESIAN_POINT('Ctrl Pts',(49.1726767882346,9.8,136.669253303588));
#8686=CARTESIAN_POINT('Ctrl Pts',(49.0564713044578,10.,136.83013534364));
#8687=CARTESIAN_POINT('Ctrl Pts',(49.0564713044578,9.8,136.83013534364));
#8688=CARTESIAN_POINT('Ctrl Pts',(48.7830783071412,10.,137.208637473788));
#8689=CARTESIAN_POINT('Ctrl Pts',(48.7830783071412,9.8,137.208637473788));
#8690=CARTESIAN_POINT('Ctrl Pts',(48.7781204711894,10.,137.679819729887));
#8691=CARTESIAN_POINT('Ctrl Pts',(48.7781204711894,9.8,137.679819729887));
#8692=CARTESIAN_POINT('Ctrl Pts',(48.7752699596054,10.,137.950726329497));
#8693=CARTESIAN_POINT('Ctrl Pts',(48.7752699596054,9.8,137.950726329497));
#8694=CARTESIAN_POINT('',(49.1726767882346,9.8,136.669253303588));
#8695=CARTESIAN_POINT('',(49.1726767882346,10.,136.669253303588));
#8696=CARTESIAN_POINT('Ctrl Pts',(49.1726767882346,9.8,136.669253303588));
#8697=CARTESIAN_POINT('Ctrl Pts',(49.0564713044578,9.8,136.83013534364));
#8698=CARTESIAN_POINT('Ctrl Pts',(48.7830783071412,9.8,137.208637473788));
#8699=CARTESIAN_POINT('Ctrl Pts',(48.7781204711894,9.8,137.679819729887));
#8700=CARTESIAN_POINT('Ctrl Pts',(48.7752699596054,9.8,137.950726329497));
#8701=CARTESIAN_POINT('Ctrl Pts',(50.0945006968545,10.,136.304201300661));
#8702=CARTESIAN_POINT('Ctrl Pts',(50.0945006968545,9.8,136.304201300661));
#8703=CARTESIAN_POINT('Ctrl Pts',(49.9261979806271,10.,136.320879562953));
#8704=CARTESIAN_POINT('Ctrl Pts',(49.9261979806271,9.8,136.320879562953));
#8705=CARTESIAN_POINT('Ctrl Pts',(49.5844369255859,10.,136.35474699329));
#8706=CARTESIAN_POINT('Ctrl Pts',(49.5844369255859,9.8,136.35474699329));
#8707=CARTESIAN_POINT('Ctrl Pts',(49.3113036145275,10.,136.563368814802));
#8708=CARTESIAN_POINT('Ctrl Pts',(49.3113036145275,9.8,136.563368814802));
#8709=CARTESIAN_POINT('Ctrl Pts',(49.1726767882346,10.,136.669253303588));
#8710=CARTESIAN_POINT('Ctrl Pts',(49.1726767882346,9.8,136.669253303588));
#8711=CARTESIAN_POINT('',(50.0945006968545,9.8,136.304201300661));
#8712=CARTESIAN_POINT('',(50.0945006968545,10.,136.304201300661));
#8713=CARTESIAN_POINT('Ctrl Pts',(50.0945006968545,9.8,136.304201300661));
#8714=CARTESIAN_POINT('Ctrl Pts',(49.9261979806271,9.8,136.320879562953));
#8715=CARTESIAN_POINT('Ctrl Pts',(49.5844369255859,9.8,136.35474699329));
#8716=CARTESIAN_POINT('Ctrl Pts',(49.3113036145275,9.8,136.563368814802));
#8717=CARTESIAN_POINT('Ctrl Pts',(49.1726767882346,9.8,136.669253303588));
#8718=CARTESIAN_POINT('Ctrl Pts',(50.8786658040578,10.,136.605391627508));
#8719=CARTESIAN_POINT('Ctrl Pts',(50.8786658040578,9.8,136.605391627508));
#8720=CARTESIAN_POINT('Ctrl Pts',(50.774418556005,10.,136.51711648966));
#8721=CARTESIAN_POINT('Ctrl Pts',(50.774418556005,9.8,136.51711648966));
#8722=CARTESIAN_POINT('Ctrl Pts',(50.5493873097072,10.,136.326563121031));
#8723=CARTESIAN_POINT('Ctrl Pts',(50.5493873097072,9.8,136.326563121031));
#8724=CARTESIAN_POINT('Ctrl Pts',(50.253380401308,10.,136.312011685295));
#8725=CARTESIAN_POINT('Ctrl Pts',(50.253380401308,9.8,136.312011685295));
#8726=CARTESIAN_POINT('Ctrl Pts',(50.0945006968545,10.,136.304201300661));
#8727=CARTESIAN_POINT('Ctrl Pts',(50.0945006968545,9.8,136.304201300661));
#8728=CARTESIAN_POINT('',(50.8786658040578,9.8,136.605391627508));
#8729=CARTESIAN_POINT('',(50.8786658040578,10.,136.605391627508));
#8730=CARTESIAN_POINT('Ctrl Pts',(50.8786658040578,9.8,136.605391627508));
#8731=CARTESIAN_POINT('Ctrl Pts',(50.774418556005,9.8,136.51711648966));
#8732=CARTESIAN_POINT('Ctrl Pts',(50.5493873097072,9.8,136.326563121031));
#8733=CARTESIAN_POINT('Ctrl Pts',(50.253380401308,9.8,136.312011685295));
#8734=CARTESIAN_POINT('Ctrl Pts',(50.0945006968545,9.8,136.304201300661));
#8735=CARTESIAN_POINT('Ctrl Pts',(51.145238691816,10.,137.518275268527));
#8736=CARTESIAN_POINT('Ctrl Pts',(51.145238691816,9.8,137.518275268527));
#8737=CARTESIAN_POINT('Ctrl Pts',(51.1393282633148,10.,137.335377768552));
#8738=CARTESIAN_POINT('Ctrl Pts',(51.1393282633148,9.8,137.335377768552));
#8739=CARTESIAN_POINT('Ctrl Pts',(51.1287010582842,10.,137.006520185483));
#8740=CARTESIAN_POINT('Ctrl Pts',(51.1287010582842,9.8,137.006520185483));
#8741=CARTESIAN_POINT('Ctrl Pts',(50.9555272375807,10.,136.728699502984));
#8742=CARTESIAN_POINT('Ctrl Pts',(50.9555272375807,9.8,136.728699502984));
#8743=CARTESIAN_POINT('Ctrl Pts',(50.8786658040578,10.,136.605391627508));
#8744=CARTESIAN_POINT('Ctrl Pts',(50.8786658040578,9.8,136.605391627508));
#8745=CARTESIAN_POINT('',(51.145238691816,9.8,137.518275268527));
#8746=CARTESIAN_POINT('',(51.145238691816,10.,137.518275268527));
#8747=CARTESIAN_POINT('Ctrl Pts',(51.145238691816,9.8,137.518275268527));
#8748=CARTESIAN_POINT('Ctrl Pts',(51.1393282633148,9.8,137.335377768552));
#8749=CARTESIAN_POINT('Ctrl Pts',(51.1287010582842,9.8,137.006520185483));
#8750=CARTESIAN_POINT('Ctrl Pts',(50.9555272375807,9.8,136.728699502984));
#8751=CARTESIAN_POINT('Ctrl Pts',(50.8786658040578,9.8,136.605391627508));
#8752=CARTESIAN_POINT('Origin',(51.1592456081327,10.,140.658869987237));
#8753=CARTESIAN_POINT('',(51.1592456081327,9.8,140.658869987237));
#8754=CARTESIAN_POINT('',(51.1592456081327,10.,140.658869987237));
#8755=CARTESIAN_POINT('',(51.1592456081327,9.8,140.658869987237));
#8756=CARTESIAN_POINT('Origin',(52.0076735256351,10.,140.6550860355));
#8757=CARTESIAN_POINT('',(52.0076735256351,9.8,140.6550860355));
#8758=CARTESIAN_POINT('',(52.0076735256351,10.,140.6550860355));
#8759=CARTESIAN_POINT('',(52.0076735256351,9.8,140.6550860355));
#8760=CARTESIAN_POINT('Origin',(51.993624799342,10.,137.505116791495));
#8761=CARTESIAN_POINT('',(51.993624799342,9.8,137.505116791495));
#8762=CARTESIAN_POINT('Origin',(71.2455857509266,9.8,137.234594008736));
#8763=CARTESIAN_POINT('Ctrl Pts',(59.1684009223466,10.,138.138750746882));
#8764=CARTESIAN_POINT('Ctrl Pts',(59.1684009223466,9.8,138.138750746882));
#8765=CARTESIAN_POINT('Ctrl Pts',(59.1782916626762,10.,138.423842789622));
#8766=CARTESIAN_POINT('Ctrl Pts',(59.1782916626762,9.8,138.423842789622));
#8767=CARTESIAN_POINT('Ctrl Pts',(59.1961627186578,10.,138.938960534704));
#8768=CARTESIAN_POINT('Ctrl Pts',(59.1961627186578,9.8,138.938960534704));
#8769=CARTESIAN_POINT('Ctrl Pts',(59.4697759558288,10.,139.372821817479));
#8770=CARTESIAN_POINT('Ctrl Pts',(59.4697759558288,9.8,139.372821817479));
#8771=CARTESIAN_POINT('Ctrl Pts',(59.5919578795756,10.,139.566562466567));
#8772=CARTESIAN_POINT('Ctrl Pts',(59.5919578795756,9.8,139.566562466567));
#8773=CARTESIAN_POINT('',(59.1684009223466,10.,138.138750746882));
#8774=CARTESIAN_POINT('',(59.5919578795756,10.,139.566562466567));
#8775=CARTESIAN_POINT('Ctrl Pts',(59.1684009223466,10.,138.138750746882));
#8776=CARTESIAN_POINT('Ctrl Pts',(59.1782916626762,10.,138.423842789622));
#8777=CARTESIAN_POINT('Ctrl Pts',(59.1961627186578,10.,138.938960534704));
#8778=CARTESIAN_POINT('Ctrl Pts',(59.4697759558288,10.,139.372821817479));
#8779=CARTESIAN_POINT('Ctrl Pts',(59.5919578795756,10.,139.566562466567));
#8780=CARTESIAN_POINT('',(59.1684009223466,9.8,138.138750746882));
#8781=CARTESIAN_POINT('',(59.1684009223466,10.,138.138750746882));
#8782=CARTESIAN_POINT('',(59.5919578795756,9.8,139.566562466567));
#8783=CARTESIAN_POINT('Ctrl Pts',(59.1684009223466,9.8,138.138750746882));
#8784=CARTESIAN_POINT('Ctrl Pts',(59.1782916626762,9.8,138.423842789622));
#8785=CARTESIAN_POINT('Ctrl Pts',(59.1961627186578,9.8,138.938960534704));
#8786=CARTESIAN_POINT('Ctrl Pts',(59.4697759558288,9.8,139.372821817479));
#8787=CARTESIAN_POINT('Ctrl Pts',(59.5919578795756,9.8,139.566562466567));
#8788=CARTESIAN_POINT('',(59.5919578795756,10.,139.566562466567));
#8789=CARTESIAN_POINT('Ctrl Pts',(59.574513295381,10.,136.707238737946));
#8790=CARTESIAN_POINT('Ctrl Pts',(59.574513295381,9.8,136.707238737946));
#8791=CARTESIAN_POINT('Ctrl Pts',(59.4554470484568,10.,136.901384715452));
#8792=CARTESIAN_POINT('Ctrl Pts',(59.4554470484568,9.8,136.901384715452));
#8793=CARTESIAN_POINT('Ctrl Pts',(59.1876115144555,10.,137.338109588391));
#8794=CARTESIAN_POINT('Ctrl Pts',(59.1876115144555,9.8,137.338109588391));
#8795=CARTESIAN_POINT('Ctrl Pts',(59.1752610112073,10.,137.85284235522));
#8796=CARTESIAN_POINT('Ctrl Pts',(59.1752610112073,9.8,137.85284235522));
#8797=CARTESIAN_POINT('Ctrl Pts',(59.1684009223466,10.,138.138750746882));
#8798=CARTESIAN_POINT('Ctrl Pts',(59.1684009223466,9.8,138.138750746882));
#8799=CARTESIAN_POINT('',(59.574513295381,10.,136.707238737946));
#8800=CARTESIAN_POINT('Ctrl Pts',(59.574513295381,10.,136.707238737946));
#8801=CARTESIAN_POINT('Ctrl Pts',(59.4554470484568,10.,136.901384715452));
#8802=CARTESIAN_POINT('Ctrl Pts',(59.1876115144555,10.,137.338109588391));
#8803=CARTESIAN_POINT('Ctrl Pts',(59.1752610112073,10.,137.85284235522));
#8804=CARTESIAN_POINT('Ctrl Pts',(59.1684009223466,10.,138.138750746882));
#8805=CARTESIAN_POINT('',(59.574513295381,9.8,136.707238737946));
#8806=CARTESIAN_POINT('',(59.574513295381,10.,136.707238737946));
#8807=CARTESIAN_POINT('Ctrl Pts',(59.574513295381,9.8,136.707238737946));
#8808=CARTESIAN_POINT('Ctrl Pts',(59.4554470484568,9.8,136.901384715452));
#8809=CARTESIAN_POINT('Ctrl Pts',(59.1876115144555,9.8,137.338109588391));
#8810=CARTESIAN_POINT('Ctrl Pts',(59.1752610112073,9.8,137.85284235522));
#8811=CARTESIAN_POINT('Ctrl Pts',(59.1684009223466,9.8,138.138750746882));
#8812=CARTESIAN_POINT('Ctrl Pts',(60.6270369859092,10.,136.21972302986));
#8813=CARTESIAN_POINT('Ctrl Pts',(60.6270369859092,9.8,136.21972302986));
#8814=CARTESIAN_POINT('Ctrl Pts',(60.4228554572458,10.,136.240490580072));
#8815=CARTESIAN_POINT('Ctrl Pts',(60.4228554572458,9.8,136.240490580072));
#8816=CARTESIAN_POINT('Ctrl Pts',(60.0158104883158,10.,136.281891616131));
#8817=CARTESIAN_POINT('Ctrl Pts',(60.0158104883158,9.8,136.281891616131));
#8818=CARTESIAN_POINT('Ctrl Pts',(59.7212944602066,10.,136.565762773461));
#8819=CARTESIAN_POINT('Ctrl Pts',(59.7212944602066,9.8,136.565762773461));
#8820=CARTESIAN_POINT('Ctrl Pts',(59.574513295381,10.,136.707238737946));
#8821=CARTESIAN_POINT('Ctrl Pts',(59.574513295381,9.8,136.707238737946));
#8822=CARTESIAN_POINT('',(60.6270369859092,10.,136.21972302986));
#8823=CARTESIAN_POINT('Ctrl Pts',(60.6270369859092,10.,136.21972302986));
#8824=CARTESIAN_POINT('Ctrl Pts',(60.4228554572458,10.,136.240490580072));
#8825=CARTESIAN_POINT('Ctrl Pts',(60.0158104883158,10.,136.281891616131));
#8826=CARTESIAN_POINT('Ctrl Pts',(59.7212944602066,10.,136.565762773461));
#8827=CARTESIAN_POINT('Ctrl Pts',(59.574513295381,10.,136.707238737946));
#8828=CARTESIAN_POINT('',(60.6270369859092,9.8,136.21972302986));
#8829=CARTESIAN_POINT('',(60.6270369859092,10.,136.21972302986));
#8830=CARTESIAN_POINT('Ctrl Pts',(60.6270369859092,9.8,136.21972302986));
#8831=CARTESIAN_POINT('Ctrl Pts',(60.4228554572458,9.8,136.240490580072));
#8832=CARTESIAN_POINT('Ctrl Pts',(60.0158104883158,9.8,136.281891616131));
#8833=CARTESIAN_POINT('Ctrl Pts',(59.7212944602066,9.8,136.565762773461));
#8834=CARTESIAN_POINT('Ctrl Pts',(59.574513295381,9.8,136.707238737946));
#8835=CARTESIAN_POINT('Ctrl Pts',(61.6744509601415,10.,136.688493626798));
#8836=CARTESIAN_POINT('Ctrl Pts',(61.6744509601415,9.8,136.688493626798));
#8837=CARTESIAN_POINT('Ctrl Pts',(61.525321586089,10.,136.551073018755));
#8838=CARTESIAN_POINT('Ctrl Pts',(61.525321586089,9.8,136.551073018755));
#8839=CARTESIAN_POINT('Ctrl Pts',(61.2285070467101,10.,136.277562620576));
#8840=CARTESIAN_POINT('Ctrl Pts',(61.2285070467101,9.8,136.277562620576));
#8841=CARTESIAN_POINT('Ctrl Pts',(60.8268756009363,10.,136.238940251889));
#8842=CARTESIAN_POINT('Ctrl Pts',(60.8268756009363,9.8,136.238940251889));
#8843=CARTESIAN_POINT('Ctrl Pts',(60.6270369859092,10.,136.21972302986));
#8844=CARTESIAN_POINT('Ctrl Pts',(60.6270369859092,9.8,136.21972302986));
#8845=CARTESIAN_POINT('',(61.6744509601415,10.,136.688493626798));
#8846=CARTESIAN_POINT('Ctrl Pts',(61.6744509601415,10.,136.688493626798));
#8847=CARTESIAN_POINT('Ctrl Pts',(61.525321586089,10.,136.551073018755));
#8848=CARTESIAN_POINT('Ctrl Pts',(61.2285070467101,10.,136.277562620576));
#8849=CARTESIAN_POINT('Ctrl Pts',(60.8268756009363,10.,136.238940251889));
#8850=CARTESIAN_POINT('Ctrl Pts',(60.6270369859092,10.,136.21972302986));
#8851=CARTESIAN_POINT('',(61.6744509601415,9.8,136.688493626798));
#8852=CARTESIAN_POINT('',(61.6744509601415,10.,136.688493626798));
#8853=CARTESIAN_POINT('Ctrl Pts',(61.6744509601415,9.8,136.688493626798));
#8854=CARTESIAN_POINT('Ctrl Pts',(61.525321586089,9.8,136.551073018755));
#8855=CARTESIAN_POINT('Ctrl Pts',(61.2285070467101,9.8,136.277562620576));
#8856=CARTESIAN_POINT('Ctrl Pts',(60.8268756009363,9.8,136.238940251889));
#8857=CARTESIAN_POINT('Ctrl Pts',(60.6270369859092,9.8,136.21972302986));
#8858=CARTESIAN_POINT('Ctrl Pts',(62.1072874543729,10.,138.092827180735));
#8859=CARTESIAN_POINT('Ctrl Pts',(62.1072874543729,9.8,138.092827180735));
#8860=CARTESIAN_POINT('Ctrl Pts',(62.0969293635545,10.,137.811631806201));
#8861=CARTESIAN_POINT('Ctrl Pts',(62.0969293635545,9.8,137.811631806201));
#8862=CARTESIAN_POINT('Ctrl Pts',(62.0781624965218,10.,137.30215990674));
#8863=CARTESIAN_POINT('Ctrl Pts',(62.0781624965218,9.8,137.30215990674));
#8864=CARTESIAN_POINT('Ctrl Pts',(61.7993687011376,10.,136.878376249681));
#8865=CARTESIAN_POINT('Ctrl Pts',(61.7993687011376,9.8,136.878376249681));
#8866=CARTESIAN_POINT('Ctrl Pts',(61.6744509601415,10.,136.688493626798));
#8867=CARTESIAN_POINT('Ctrl Pts',(61.6744509601415,9.8,136.688493626798));
#8868=CARTESIAN_POINT('',(62.1072874543729,10.,138.092827180735));
#8869=CARTESIAN_POINT('Ctrl Pts',(62.1072874543729,10.,138.092827180735));
#8870=CARTESIAN_POINT('Ctrl Pts',(62.0969293635545,10.,137.811631806201));
#8871=CARTESIAN_POINT('Ctrl Pts',(62.0781624965218,10.,137.30215990674));
#8872=CARTESIAN_POINT('Ctrl Pts',(61.7993687011376,10.,136.878376249681));
#8873=CARTESIAN_POINT('Ctrl Pts',(61.6744509601415,10.,136.688493626798));
#8874=CARTESIAN_POINT('',(62.1072874543729,9.8,138.092827180735));
#8875=CARTESIAN_POINT('',(62.1072874543729,10.,138.092827180735));
#8876=CARTESIAN_POINT('Ctrl Pts',(62.1072874543729,9.8,138.092827180735));
#8877=CARTESIAN_POINT('Ctrl Pts',(62.0969293635545,9.8,137.811631806201));
#8878=CARTESIAN_POINT('Ctrl Pts',(62.0781624965218,9.8,137.30215990674));
#8879=CARTESIAN_POINT('Ctrl Pts',(61.7993687011376,9.8,136.878376249681));
#8880=CARTESIAN_POINT('Ctrl Pts',(61.6744509601415,9.8,136.688493626798));
#8881=CARTESIAN_POINT('Ctrl Pts',(61.7385591421971,10.,139.500740447383));
#8882=CARTESIAN_POINT('Ctrl Pts',(61.7385591421971,9.8,139.500740447383));
#8883=CARTESIAN_POINT('Ctrl Pts',(61.846859277925,10.,139.298325096123));
#8884=CARTESIAN_POINT('Ctrl Pts',(61.846859277925,9.8,139.298325096123));
#8885=CARTESIAN_POINT('Ctrl Pts',(62.0815286784839,10.,138.859722791286));
#8886=CARTESIAN_POINT('Ctrl Pts',(62.0815286784839,9.8,138.859722791286));
#8887=CARTESIAN_POINT('Ctrl Pts',(62.0982714738587,10.,138.361252819864));
#8888=CARTESIAN_POINT('Ctrl Pts',(62.0982714738587,9.8,138.361252819864));
#8889=CARTESIAN_POINT('Ctrl Pts',(62.1072874543729,10.,138.092827180735));
#8890=CARTESIAN_POINT('Ctrl Pts',(62.1072874543729,9.8,138.092827180735));
#8891=CARTESIAN_POINT('',(61.7385591421971,10.,139.500740447383));
#8892=CARTESIAN_POINT('Ctrl Pts',(61.7385591421971,10.,139.500740447383));
#8893=CARTESIAN_POINT('Ctrl Pts',(61.846859277925,10.,139.298325096123));
#8894=CARTESIAN_POINT('Ctrl Pts',(62.0815286784839,10.,138.859722791286));
#8895=CARTESIAN_POINT('Ctrl Pts',(62.0982714738587,10.,138.361252819864));
#8896=CARTESIAN_POINT('Ctrl Pts',(62.1072874543729,10.,138.092827180735));
#8897=CARTESIAN_POINT('',(61.7385591421971,9.8,139.500740447383));
#8898=CARTESIAN_POINT('',(61.7385591421971,10.,139.500740447383));
#8899=CARTESIAN_POINT('Ctrl Pts',(61.7385591421971,9.8,139.500740447383));
#8900=CARTESIAN_POINT('Ctrl Pts',(61.846859277925,9.8,139.298325096123));
#8901=CARTESIAN_POINT('Ctrl Pts',(62.0815286784839,9.8,138.859722791286));
#8902=CARTESIAN_POINT('Ctrl Pts',(62.0982714738587,9.8,138.361252819864));
#8903=CARTESIAN_POINT('Ctrl Pts',(62.1072874543729,9.8,138.092827180735));
#8904=CARTESIAN_POINT('Ctrl Pts',(60.6440752531197,10.,140.039999442431));
#8905=CARTESIAN_POINT('Ctrl Pts',(60.6440752531197,9.8,140.039999442431));
#8906=CARTESIAN_POINT('Ctrl Pts',(60.8681452462318,10.,140.019515490608));
#8907=CARTESIAN_POINT('Ctrl Pts',(60.8681452462318,9.8,140.019515490608));
#8908=CARTESIAN_POINT('Ctrl Pts',(61.3032911446664,10.,139.979735475911));
#8909=CARTESIAN_POINT('Ctrl Pts',(61.3032911446664,9.8,139.979735475911));
#8910=CARTESIAN_POINT('Ctrl Pts',(61.5963872344983,10.,139.657194947531));
#8911=CARTESIAN_POINT('Ctrl Pts',(61.5963872344983,9.8,139.657194947531));
#8912=CARTESIAN_POINT('Ctrl Pts',(61.7385591421971,10.,139.500740447383));
#8913=CARTESIAN_POINT('Ctrl Pts',(61.7385591421971,9.8,139.500740447383));
#8914=CARTESIAN_POINT('',(60.6440752531197,10.,140.039999442431));
#8915=CARTESIAN_POINT('Ctrl Pts',(60.6440752531197,10.,140.039999442431));
#8916=CARTESIAN_POINT('Ctrl Pts',(60.8681452462318,10.,140.019515490608));
#8917=CARTESIAN_POINT('Ctrl Pts',(61.3032911446664,10.,139.979735475911));
#8918=CARTESIAN_POINT('Ctrl Pts',(61.5963872344983,10.,139.657194947531));
#8919=CARTESIAN_POINT('Ctrl Pts',(61.7385591421971,10.,139.500740447383));
#8920=CARTESIAN_POINT('',(60.6440752531197,9.8,140.039999442431));
#8921=CARTESIAN_POINT('',(60.6440752531197,10.,140.039999442431));
#8922=CARTESIAN_POINT('Ctrl Pts',(60.6440752531197,9.8,140.039999442431));
#8923=CARTESIAN_POINT('Ctrl Pts',(60.8681452462318,9.8,140.019515490608));
#8924=CARTESIAN_POINT('Ctrl Pts',(61.3032911446664,9.8,139.979735475911));
#8925=CARTESIAN_POINT('Ctrl Pts',(61.5963872344983,9.8,139.657194947531));
#8926=CARTESIAN_POINT('Ctrl Pts',(61.7385591421971,9.8,139.500740447383));
#8927=CARTESIAN_POINT('Ctrl Pts',(59.5919578795756,10.,139.566562466567));
#8928=CARTESIAN_POINT('Ctrl Pts',(59.5919578795756,9.8,139.566562466567));
#8929=CARTESIAN_POINT('Ctrl Pts',(59.7413446860718,10.,139.705348668697));
#8930=CARTESIAN_POINT('Ctrl Pts',(59.7413446860718,9.8,139.705348668697));
#8931=CARTESIAN_POINT('Ctrl Pts',(60.0388352846677,10.,139.981729102264));
#8932=CARTESIAN_POINT('Ctrl Pts',(60.0388352846677,9.8,139.981729102264));
#8933=CARTESIAN_POINT('Ctrl Pts',(60.4429094926663,10.,140.020631922269));
#8934=CARTESIAN_POINT('Ctrl Pts',(60.4429094926663,9.8,140.020631922269));
#8935=CARTESIAN_POINT('Ctrl Pts',(60.6440752531197,10.,140.039999442431));
#8936=CARTESIAN_POINT('Ctrl Pts',(60.6440752531197,9.8,140.039999442431));
#8937=CARTESIAN_POINT('Ctrl Pts',(59.5919578795756,10.,139.566562466567));
#8938=CARTESIAN_POINT('Ctrl Pts',(59.7413446860718,10.,139.705348668697));
#8939=CARTESIAN_POINT('Ctrl Pts',(60.0388352846677,10.,139.981729102264));
#8940=CARTESIAN_POINT('Ctrl Pts',(60.4429094926663,10.,140.020631922269));
#8941=CARTESIAN_POINT('Ctrl Pts',(60.6440752531197,10.,140.039999442431));
#8942=CARTESIAN_POINT('Ctrl Pts',(59.5919578795756,9.8,139.566562466567));
#8943=CARTESIAN_POINT('Ctrl Pts',(59.7413446860718,9.8,139.705348668697));
#8944=CARTESIAN_POINT('Ctrl Pts',(60.0388352846677,9.8,139.981729102264));
#8945=CARTESIAN_POINT('Ctrl Pts',(60.4429094926663,9.8,140.020631922269));
#8946=CARTESIAN_POINT('Ctrl Pts',(60.6440752531197,9.8,140.039999442431));
#8947=CARTESIAN_POINT('Ctrl Pts',(58.305906448577,10.,138.14259743485));
#8948=CARTESIAN_POINT('Ctrl Pts',(58.305906448577,9.8,138.14259743485));
#8949=CARTESIAN_POINT('Ctrl Pts',(58.3195359682398,10.,137.746100076594));
#8950=CARTESIAN_POINT('Ctrl Pts',(58.3195359682398,9.8,137.746100076594));
#8951=CARTESIAN_POINT('Ctrl Pts',(58.3443922073093,10.,137.023005398932));
#8952=CARTESIAN_POINT('Ctrl Pts',(58.3443922073093,9.8,137.023005398932));
#8953=CARTESIAN_POINT('Ctrl Pts',(58.7736223999951,10.,136.445691444885));
#8954=CARTESIAN_POINT('Ctrl Pts',(58.7736223999951,9.8,136.445691444885));
#8955=CARTESIAN_POINT('Ctrl Pts',(58.9674911071918,10.,136.184938329599));
#8956=CARTESIAN_POINT('Ctrl Pts',(58.9674911071918,9.8,136.184938329599));
#8957=CARTESIAN_POINT('',(58.305906448577,9.8,138.14259743485));
#8958=CARTESIAN_POINT('',(58.305906448577,10.,138.14259743485));
#8959=CARTESIAN_POINT('',(58.9674911071918,9.8,136.184938329599));
#8960=CARTESIAN_POINT('Ctrl Pts',(58.305906448577,9.8,138.14259743485));
#8961=CARTESIAN_POINT('Ctrl Pts',(58.3195359682398,9.8,137.746100076594));
#8962=CARTESIAN_POINT('Ctrl Pts',(58.3443922073093,9.8,137.023005398932));
#8963=CARTESIAN_POINT('Ctrl Pts',(58.7736223999951,9.8,136.445691444885));
#8964=CARTESIAN_POINT('Ctrl Pts',(58.9674911071918,9.8,136.184938329599));
#8965=CARTESIAN_POINT('',(58.9674911071918,10.,136.184938329599));
#8966=CARTESIAN_POINT('Ctrl Pts',(59.0084721969492,10.,140.117609267831));
#8967=CARTESIAN_POINT('Ctrl Pts',(59.0084721969492,9.8,140.117609267831));
#8968=CARTESIAN_POINT('Ctrl Pts',(58.8055546667489,10.,139.860425564347));
#8969=CARTESIAN_POINT('Ctrl Pts',(58.8055546667489,9.8,139.860425564347));
#8970=CARTESIAN_POINT('Ctrl Pts',(58.3521238828698,10.,139.285733924069));
#8971=CARTESIAN_POINT('Ctrl Pts',(58.3521238828698,9.8,139.285733924069));
#8972=CARTESIAN_POINT('Ctrl Pts',(58.3223538921572,10.,138.549406536191));
#8973=CARTESIAN_POINT('Ctrl Pts',(58.3223538921572,9.8,138.549406536191));
#8974=CARTESIAN_POINT('Ctrl Pts',(58.305906448577,10.,138.14259743485));
#8975=CARTESIAN_POINT('Ctrl Pts',(58.305906448577,9.8,138.14259743485));
#8976=CARTESIAN_POINT('',(59.0084721969492,9.8,140.117609267831));
#8977=CARTESIAN_POINT('',(59.0084721969492,10.,140.117609267831));
#8978=CARTESIAN_POINT('Ctrl Pts',(59.0084721969492,9.8,140.117609267831));
#8979=CARTESIAN_POINT('Ctrl Pts',(58.8055546667489,9.8,139.860425564347));
#8980=CARTESIAN_POINT('Ctrl Pts',(58.3521238828698,9.8,139.285733924069));
#8981=CARTESIAN_POINT('Ctrl Pts',(58.3223538921572,9.8,138.549406536191));
#8982=CARTESIAN_POINT('Ctrl Pts',(58.305906448577,9.8,138.14259743485));
#8983=CARTESIAN_POINT('Ctrl Pts',(60.6471693189783,10.,140.733742924235));
#8984=CARTESIAN_POINT('Ctrl Pts',(60.6471693189783,9.8,140.733742924235));
#8985=CARTESIAN_POINT('Ctrl Pts',(60.343674931327,10.,140.709410595054));
#8986=CARTESIAN_POINT('Ctrl Pts',(60.343674931327,9.8,140.709410595054));
#8987=CARTESIAN_POINT('Ctrl Pts',(59.7383734396403,10.,140.660881212803));
#8988=CARTESIAN_POINT('Ctrl Pts',(59.7383734396403,9.8,140.660881212803));
#8989=CARTESIAN_POINT('Ctrl Pts',(59.2513200558796,10.,140.298363075246));
#8990=CARTESIAN_POINT('Ctrl Pts',(59.2513200558796,9.8,140.298363075246));
#8991=CARTESIAN_POINT('Ctrl Pts',(59.0084721969492,10.,140.117609267831));
#8992=CARTESIAN_POINT('Ctrl Pts',(59.0084721969492,9.8,140.117609267831));
#8993=CARTESIAN_POINT('',(60.6471693189783,9.8,140.733742924235));
#8994=CARTESIAN_POINT('',(60.6471693189783,10.,140.733742924235));
#8995=CARTESIAN_POINT('Ctrl Pts',(60.6471693189783,9.8,140.733742924235));
#8996=CARTESIAN_POINT('Ctrl Pts',(60.343674931327,9.8,140.709410595054));
#8997=CARTESIAN_POINT('Ctrl Pts',(59.7383734396403,9.8,140.660881212803));
#8998=CARTESIAN_POINT('Ctrl Pts',(59.2513200558796,9.8,140.298363075246));
#8999=CARTESIAN_POINT('Ctrl Pts',(59.0084721969492,9.8,140.117609267831));
#9000=CARTESIAN_POINT('Ctrl Pts',(62.2616496074809,10.,140.121849661121));
#9001=CARTESIAN_POINT('Ctrl Pts',(62.2616496074809,9.8,140.121849661121));
#9002=CARTESIAN_POINT('Ctrl Pts',(62.0175001665829,10.,140.299300697149));
#9003=CARTESIAN_POINT('Ctrl Pts',(62.0175001665829,9.8,140.299300697149));
#9004=CARTESIAN_POINT('Ctrl Pts',(61.5346865739086,10.,140.650215988675));
#9005=CARTESIAN_POINT('Ctrl Pts',(61.5346865739086,9.8,140.650215988675));
#9006=CARTESIAN_POINT('Ctrl Pts',(60.9407591829264,10.,140.706112293382));
#9007=CARTESIAN_POINT('Ctrl Pts',(60.9407591829264,9.8,140.706112293382));
#9008=CARTESIAN_POINT('Ctrl Pts',(60.6471693189783,10.,140.733742924235));
#9009=CARTESIAN_POINT('Ctrl Pts',(60.6471693189783,9.8,140.733742924235));
#9010=CARTESIAN_POINT('',(62.2616496074809,9.8,140.121849661121));
#9011=CARTESIAN_POINT('',(62.2616496074809,10.,140.121849661121));
#9012=CARTESIAN_POINT('Ctrl Pts',(62.2616496074809,9.8,140.121849661121));
#9013=CARTESIAN_POINT('Ctrl Pts',(62.0175001665829,9.8,140.299300697149));
#9014=CARTESIAN_POINT('Ctrl Pts',(61.5346865739086,9.8,140.650215988675));
#9015=CARTESIAN_POINT('Ctrl Pts',(60.9407591829264,9.8,140.706112293382));
#9016=CARTESIAN_POINT('Ctrl Pts',(60.6471693189783,9.8,140.733742924235));
#9017=CARTESIAN_POINT('Ctrl Pts',(62.9695633416119,10.,138.042107908823));
#9018=CARTESIAN_POINT('Ctrl Pts',(62.9695633416119,9.8,138.042107908823));
#9019=CARTESIAN_POINT('Ctrl Pts',(62.9597998595045,10.,138.477840577344));
#9020=CARTESIAN_POINT('Ctrl Pts',(62.9597998595045,9.8,138.477840577344));
#9021=CARTESIAN_POINT('Ctrl Pts',(62.9424456954945,10.,139.252336408939));
#9022=CARTESIAN_POINT('Ctrl Pts',(62.9424456954945,9.8,139.252336408939));
#9023=CARTESIAN_POINT('Ctrl Pts',(62.4688149097945,10.,139.857257988335));
#9024=CARTESIAN_POINT('Ctrl Pts',(62.4688149097945,9.8,139.857257988335));
#9025=CARTESIAN_POINT('Ctrl Pts',(62.2616496074809,10.,140.121849661121));
#9026=CARTESIAN_POINT('Ctrl Pts',(62.2616496074809,9.8,140.121849661121));
#9027=CARTESIAN_POINT('',(62.9695633416119,9.8,138.042107908823));
#9028=CARTESIAN_POINT('',(62.9695633416119,10.,138.042107908823));
#9029=CARTESIAN_POINT('Ctrl Pts',(62.9695633416119,9.8,138.042107908823));
#9030=CARTESIAN_POINT('Ctrl Pts',(62.9597998595045,9.8,138.477840577344));
#9031=CARTESIAN_POINT('Ctrl Pts',(62.9424456954945,9.8,139.252336408939));
#9032=CARTESIAN_POINT('Ctrl Pts',(62.4688149097945,9.8,139.857257988335));
#9033=CARTESIAN_POINT('Ctrl Pts',(62.2616496074809,9.8,140.121849661121));
#9034=CARTESIAN_POINT('Ctrl Pts',(62.2956324467585,10.,136.179469675248));
#9035=CARTESIAN_POINT('Ctrl Pts',(62.2956324467585,9.8,136.179469675248));
#9036=CARTESIAN_POINT('Ctrl Pts',(62.4906394366906,10.,136.433183870369));
#9037=CARTESIAN_POINT('Ctrl Pts',(62.4906394366906,9.8,136.433183870369));
#9038=CARTESIAN_POINT('Ctrl Pts',(62.9109108264636,10.,136.979978718212));
#9039=CARTESIAN_POINT('Ctrl Pts',(62.9109108264636,9.8,136.979978718212));
#9040=CARTESIAN_POINT('Ctrl Pts',(62.9490961206822,10.,137.671470217581));
#9041=CARTESIAN_POINT('Ctrl Pts',(62.9490961206822,9.8,137.671470217581));
#9042=CARTESIAN_POINT('Ctrl Pts',(62.9695633416119,10.,138.042107908823));
#9043=CARTESIAN_POINT('Ctrl Pts',(62.9695633416119,9.8,138.042107908823));
#9044=CARTESIAN_POINT('',(62.2956324467585,9.8,136.179469675248));
#9045=CARTESIAN_POINT('',(62.2956324467585,10.,136.179469675248));
#9046=CARTESIAN_POINT('Ctrl Pts',(62.2956324467585,9.8,136.179469675248));
#9047=CARTESIAN_POINT('Ctrl Pts',(62.4906394366906,9.8,136.433183870369));
#9048=CARTESIAN_POINT('Ctrl Pts',(62.9109108264636,9.8,136.979978718212));
#9049=CARTESIAN_POINT('Ctrl Pts',(62.9490961206822,9.8,137.671470217581));
#9050=CARTESIAN_POINT('Ctrl Pts',(62.9695633416119,9.8,138.042107908823));
#9051=CARTESIAN_POINT('Ctrl Pts',(60.6239638463053,10.,135.530671579028));
#9052=CARTESIAN_POINT('Ctrl Pts',(60.6239638463053,9.8,135.530671579028));
#9053=CARTESIAN_POINT('Ctrl Pts',(60.9429969602483,10.,135.554092125723));
#9054=CARTESIAN_POINT('Ctrl Pts',(60.9429969602483,9.8,135.554092125723));
#9055=CARTESIAN_POINT('Ctrl Pts',(61.5672629830185,10.,135.599920131964));
#9056=CARTESIAN_POINT('Ctrl Pts',(61.5672629830185,9.8,135.599920131964));
#9057=CARTESIAN_POINT('Ctrl Pts',(62.0564473088733,10.,135.989154671226));
#9058=CARTESIAN_POINT('Ctrl Pts',(62.0564473088733,9.8,135.989154671226));
#9059=CARTESIAN_POINT('Ctrl Pts',(62.2956324467585,10.,136.179469675248));
#9060=CARTESIAN_POINT('Ctrl Pts',(62.2956324467585,9.8,136.179469675248));
#9061=CARTESIAN_POINT('',(60.6239638463053,9.8,135.530671579028));
#9062=CARTESIAN_POINT('',(60.6239638463053,10.,135.530671579028));
#9063=CARTESIAN_POINT('Ctrl Pts',(60.6239638463053,9.8,135.530671579028));
#9064=CARTESIAN_POINT('Ctrl Pts',(60.9429969602483,9.8,135.554092125723));
#9065=CARTESIAN_POINT('Ctrl Pts',(61.5672629830185,9.8,135.599920131964));
#9066=CARTESIAN_POINT('Ctrl Pts',(62.0564473088733,9.8,135.989154671226));
#9067=CARTESIAN_POINT('Ctrl Pts',(62.2956324467585,9.8,136.179469675248));
#9068=CARTESIAN_POINT('Ctrl Pts',(58.9674911071918,10.,136.184938329599));
#9069=CARTESIAN_POINT('Ctrl Pts',(58.9674911071918,9.8,136.184938329599));
#9070=CARTESIAN_POINT('Ctrl Pts',(59.2060434972045,10.,135.995214430174));
#9071=CARTESIAN_POINT('Ctrl Pts',(59.2060434972045,9.8,135.995214430174));
#9072=CARTESIAN_POINT('Ctrl Pts',(59.6912634921721,10.,135.609312492578));
#9073=CARTESIAN_POINT('Ctrl Pts',(59.6912634921721,9.8,135.609312492578));
#9074=CARTESIAN_POINT('Ctrl Pts',(60.309616448537,10.,135.557175875314));
#9075=CARTESIAN_POINT('Ctrl Pts',(60.309616448537,9.8,135.557175875314));
#9076=CARTESIAN_POINT('Ctrl Pts',(60.6239638463053,10.,135.530671579028));
#9077=CARTESIAN_POINT('Ctrl Pts',(60.6239638463053,9.8,135.530671579028));
#9078=CARTESIAN_POINT('Ctrl Pts',(58.9674911071918,9.8,136.184938329599));
#9079=CARTESIAN_POINT('Ctrl Pts',(59.2060434972045,9.8,135.995214430174));
#9080=CARTESIAN_POINT('Ctrl Pts',(59.6912634921721,9.8,135.609312492578));
#9081=CARTESIAN_POINT('Ctrl Pts',(60.309616448537,9.8,135.557175875314));
#9082=CARTESIAN_POINT('Ctrl Pts',(60.6239638463053,9.8,135.530671579028));
#9083=CARTESIAN_POINT('Origin',(71.2455857509266,9.8,137.234594008736));
#9084=CARTESIAN_POINT('Ctrl Pts',(69.8464143829765,10.,138.091127269685));
#9085=CARTESIAN_POINT('Ctrl Pts',(69.8464143829765,9.8,138.091127269685));
#9086=CARTESIAN_POINT('Ctrl Pts',(69.8563003542345,10.,138.376219849248));
#9087=CARTESIAN_POINT('Ctrl Pts',(69.8563003542345,9.8,138.376219849248));
#9088=CARTESIAN_POINT('Ctrl Pts',(69.8741628566871,10.,138.891340394185));
#9089=CARTESIAN_POINT('Ctrl Pts',(69.8741628566871,9.8,138.891340394185));
#9090=CARTESIAN_POINT('Ctrl Pts',(70.1477849318832,10.,139.325198780641));
#9091=CARTESIAN_POINT('Ctrl Pts',(70.1477849318832,9.8,139.325198780641));
#9092=CARTESIAN_POINT('Ctrl Pts',(70.2699713402055,10.,139.51893898937));
#9093=CARTESIAN_POINT('Ctrl Pts',(70.2699713402055,9.8,139.51893898937));
#9094=CARTESIAN_POINT('',(69.8464143829765,10.,138.091127269685));
#9095=CARTESIAN_POINT('',(70.2699713402055,10.,139.51893898937));
#9096=CARTESIAN_POINT('Ctrl Pts',(69.8464143829765,10.,138.091127269685));
#9097=CARTESIAN_POINT('Ctrl Pts',(69.8563003542345,10.,138.376219849248));
#9098=CARTESIAN_POINT('Ctrl Pts',(69.8741628566871,10.,138.891340394185));
#9099=CARTESIAN_POINT('Ctrl Pts',(70.1477849318832,10.,139.325198780641));
#9100=CARTESIAN_POINT('Ctrl Pts',(70.2699713402055,10.,139.51893898937));
#9101=CARTESIAN_POINT('',(69.8464143829765,9.8,138.091127269685));
#9102=CARTESIAN_POINT('',(69.8464143829765,10.,138.091127269685));
#9103=CARTESIAN_POINT('',(70.2699713402055,9.8,139.51893898937));
#9104=CARTESIAN_POINT('Ctrl Pts',(69.8464143829765,9.8,138.091127269685));
#9105=CARTESIAN_POINT('Ctrl Pts',(69.8563003542345,9.8,138.376219849248));
#9106=CARTESIAN_POINT('Ctrl Pts',(69.8741628566871,9.8,138.891340394185));
#9107=CARTESIAN_POINT('Ctrl Pts',(70.1477849318832,9.8,139.325198780641));
#9108=CARTESIAN_POINT('Ctrl Pts',(70.2699713402055,9.8,139.51893898937));
#9109=CARTESIAN_POINT('',(70.2699713402055,10.,139.51893898937));
#9110=CARTESIAN_POINT('Ctrl Pts',(70.2525362926592,10.,136.659615218216));
#9111=CARTESIAN_POINT('Ctrl Pts',(70.2525362926592,9.8,136.659615218216));
#9112=CARTESIAN_POINT('Ctrl Pts',(70.1334706160628,10.,136.853761266157));
#9113=CARTESIAN_POINT('Ctrl Pts',(70.1334706160628,9.8,136.853761266157));
#9114=CARTESIAN_POINT('Ctrl Pts',(69.865636157422,10.,137.290486636002));
#9115=CARTESIAN_POINT('Ctrl Pts',(69.865636157422,9.8,137.290486636002));
#9116=CARTESIAN_POINT('Ctrl Pts',(69.8532784677789,10.,137.80521895142));
#9117=CARTESIAN_POINT('Ctrl Pts',(69.8532784677789,9.8,137.80521895142));
#9118=CARTESIAN_POINT('Ctrl Pts',(69.8464143829765,10.,138.091127269685));
#9119=CARTESIAN_POINT('Ctrl Pts',(69.8464143829765,9.8,138.091127269685));
#9120=CARTESIAN_POINT('',(70.2525362926592,10.,136.659615218216));
#9121=CARTESIAN_POINT('Ctrl Pts',(70.2525362926592,10.,136.659615218216));
#9122=CARTESIAN_POINT('Ctrl Pts',(70.1334706160628,10.,136.853761266157));
#9123=CARTESIAN_POINT('Ctrl Pts',(69.865636157422,10.,137.290486636002));
#9124=CARTESIAN_POINT('Ctrl Pts',(69.8532784677789,10.,137.80521895142));
#9125=CARTESIAN_POINT('Ctrl Pts',(69.8464143829765,10.,138.091127269685));
#9126=CARTESIAN_POINT('',(70.2525362926592,9.8,136.659615218216));
#9127=CARTESIAN_POINT('',(70.2525362926592,10.,136.659615218216));
#9128=CARTESIAN_POINT('Ctrl Pts',(70.2525362926592,9.8,136.659615218216));
#9129=CARTESIAN_POINT('Ctrl Pts',(70.1334706160628,9.8,136.853761266157));
#9130=CARTESIAN_POINT('Ctrl Pts',(69.865636157422,9.8,137.290486636002));
#9131=CARTESIAN_POINT('Ctrl Pts',(69.8532784677789,9.8,137.80521895142));
#9132=CARTESIAN_POINT('Ctrl Pts',(69.8464143829765,9.8,138.091127269685));
#9133=CARTESIAN_POINT('Ctrl Pts',(71.3050599831874,10.,136.17209951013));
#9134=CARTESIAN_POINT('Ctrl Pts',(71.3050599831874,9.8,136.17209951013));
#9135=CARTESIAN_POINT('Ctrl Pts',(71.1008822484922,10.,136.19286819621));
#9136=CARTESIAN_POINT('Ctrl Pts',(71.1008822484922,9.8,136.19286819621));
#9137=CARTESIAN_POINT('Ctrl Pts',(70.6938390866798,10.,136.234272082199));
#9138=CARTESIAN_POINT('Ctrl Pts',(70.6938390866798,9.8,136.234272082199));
#9139=CARTESIAN_POINT('Ctrl Pts',(70.3993207148201,10.,136.518139235543));
#9140=CARTESIAN_POINT('Ctrl Pts',(70.3993207148201,9.8,136.518139235543));
#9141=CARTESIAN_POINT('Ctrl Pts',(70.2525362926592,10.,136.659615218216));
#9142=CARTESIAN_POINT('Ctrl Pts',(70.2525362926592,9.8,136.659615218216));
#9143=CARTESIAN_POINT('',(71.3050599831874,10.,136.17209951013));
#9144=CARTESIAN_POINT('Ctrl Pts',(71.3050599831874,10.,136.17209951013));
#9145=CARTESIAN_POINT('Ctrl Pts',(71.1008822484922,10.,136.19286819621));
#9146=CARTESIAN_POINT('Ctrl Pts',(70.6938390866798,10.,136.234272082199));
#9147=CARTESIAN_POINT('Ctrl Pts',(70.3993207148201,10.,136.518139235543));
#9148=CARTESIAN_POINT('Ctrl Pts',(70.2525362926592,10.,136.659615218216));
#9149=CARTESIAN_POINT('',(71.3050599831874,9.8,136.17209951013));
#9150=CARTESIAN_POINT('',(71.3050599831874,10.,136.17209951013));
#9151=CARTESIAN_POINT('Ctrl Pts',(71.3050599831874,9.8,136.17209951013));
#9152=CARTESIAN_POINT('Ctrl Pts',(71.1008822484922,9.8,136.19286819621));
#9153=CARTESIAN_POINT('Ctrl Pts',(70.6938390866798,9.8,136.234272082199));
#9154=CARTESIAN_POINT('Ctrl Pts',(70.3993207148201,9.8,136.518139235543));
#9155=CARTESIAN_POINT('Ctrl Pts',(70.2525362926592,9.8,136.659615218216));
#9156=CARTESIAN_POINT('Ctrl Pts',(72.3524739574197,10.,136.640870107068));
#9157=CARTESIAN_POINT('Ctrl Pts',(72.3524739574197,9.8,136.640870107068));
#9158=CARTESIAN_POINT('Ctrl Pts',(72.2033445833672,10.,136.503449499026));
#9159=CARTESIAN_POINT('Ctrl Pts',(72.2033445833672,9.8,136.503449499026));
#9160=CARTESIAN_POINT('Ctrl Pts',(71.9065300439882,10.,136.229939100846));
#9161=CARTESIAN_POINT('Ctrl Pts',(71.9065300439882,9.8,136.229939100846));
#9162=CARTESIAN_POINT('Ctrl Pts',(71.5048985982145,10.,136.191316732159));
#9163=CARTESIAN_POINT('Ctrl Pts',(71.5048985982145,9.8,136.191316732159));
#9164=CARTESIAN_POINT('Ctrl Pts',(71.3050599831874,10.,136.17209951013));
#9165=CARTESIAN_POINT('Ctrl Pts',(71.3050599831874,9.8,136.17209951013));
#9166=CARTESIAN_POINT('',(72.3524739574197,10.,136.640870107068));
#9167=CARTESIAN_POINT('Ctrl Pts',(72.3524739574197,10.,136.640870107068));
#9168=CARTESIAN_POINT('Ctrl Pts',(72.2033445833672,10.,136.503449499026));
#9169=CARTESIAN_POINT('Ctrl Pts',(71.9065300439882,10.,136.229939100846));
#9170=CARTESIAN_POINT('Ctrl Pts',(71.5048985982145,10.,136.191316732159));
#9171=CARTESIAN_POINT('Ctrl Pts',(71.3050599831874,10.,136.17209951013));
#9172=CARTESIAN_POINT('',(72.3524739574197,9.8,136.640870107068));
#9173=CARTESIAN_POINT('',(72.3524739574197,10.,136.640870107068));
#9174=CARTESIAN_POINT('Ctrl Pts',(72.3524739574197,9.8,136.640870107068));
#9175=CARTESIAN_POINT('Ctrl Pts',(72.2033445833672,9.8,136.503449499026));
#9176=CARTESIAN_POINT('Ctrl Pts',(71.9065300439882,9.8,136.229939100846));
#9177=CARTESIAN_POINT('Ctrl Pts',(71.5048985982145,9.8,136.191316732159));
#9178=CARTESIAN_POINT('Ctrl Pts',(71.3050599831874,9.8,136.17209951013));
#9179=CARTESIAN_POINT('Ctrl Pts',(72.7853009150028,10.,138.045203703538));
#9180=CARTESIAN_POINT('Ctrl Pts',(72.7853009150028,9.8,138.045203703538));
#9181=CARTESIAN_POINT('Ctrl Pts',(72.7749420727102,10.,137.764008759745));
#9182=CARTESIAN_POINT('Ctrl Pts',(72.7749420727102,9.8,137.764008759745));
#9183=CARTESIAN_POINT('Ctrl Pts',(72.7561739013667,10.,137.254539193851));
#9184=CARTESIAN_POINT('Ctrl Pts',(72.7561739013667,9.8,137.254539193851));
#9185=CARTESIAN_POINT('Ctrl Pts',(72.4773877875065,10.,136.830753106026));
#9186=CARTESIAN_POINT('Ctrl Pts',(72.4773877875065,9.8,136.830753106026));
#9187=CARTESIAN_POINT('Ctrl Pts',(72.3524739574197,10.,136.640870107068));
#9188=CARTESIAN_POINT('Ctrl Pts',(72.3524739574197,9.8,136.640870107068));
#9189=CARTESIAN_POINT('',(72.7853009150028,10.,138.045203703538));
#9190=CARTESIAN_POINT('Ctrl Pts',(72.7853009150028,10.,138.045203703538));
#9191=CARTESIAN_POINT('Ctrl Pts',(72.7749420727102,10.,137.764008759745));
#9192=CARTESIAN_POINT('Ctrl Pts',(72.7561739013667,10.,137.254539193851));
#9193=CARTESIAN_POINT('Ctrl Pts',(72.4773877875065,10.,136.830753106026));
#9194=CARTESIAN_POINT('Ctrl Pts',(72.3524739574197,10.,136.640870107068));
#9195=CARTESIAN_POINT('',(72.7853009150028,9.8,138.045203703538));
#9196=CARTESIAN_POINT('',(72.7853009150028,10.,138.045203703538));
#9197=CARTESIAN_POINT('Ctrl Pts',(72.7853009150028,9.8,138.045203703538));
#9198=CARTESIAN_POINT('Ctrl Pts',(72.7749420727102,9.8,137.764008759745));
#9199=CARTESIAN_POINT('Ctrl Pts',(72.7561739013667,9.8,137.254539193851));
#9200=CARTESIAN_POINT('Ctrl Pts',(72.4773877875065,9.8,136.830753106026));
#9201=CARTESIAN_POINT('Ctrl Pts',(72.3524739574197,9.8,136.640870107068));
#9202=CARTESIAN_POINT('Ctrl Pts',(72.416572602827,10.,139.453116970187));
#9203=CARTESIAN_POINT('Ctrl Pts',(72.416572602827,9.8,139.453116970187));
#9204=CARTESIAN_POINT('Ctrl Pts',(72.5248772968417,10.,139.250701990621));
#9205=CARTESIAN_POINT('Ctrl Pts',(72.5248772968417,9.8,139.250701990621));
#9206=CARTESIAN_POINT('Ctrl Pts',(72.7595556610824,10.,138.812102198298));
#9207=CARTESIAN_POINT('Ctrl Pts',(72.7595556610824,9.8,138.812102198298));
#9208=CARTESIAN_POINT('Ctrl Pts',(72.7762896869297,10.,138.313629770204));
#9209=CARTESIAN_POINT('Ctrl Pts',(72.7762896869297,9.8,138.313629770204));
#9210=CARTESIAN_POINT('Ctrl Pts',(72.7853009150028,10.,138.045203703538));
#9211=CARTESIAN_POINT('Ctrl Pts',(72.7853009150028,9.8,138.045203703538));
#9212=CARTESIAN_POINT('',(72.416572602827,10.,139.453116970187));
#9213=CARTESIAN_POINT('Ctrl Pts',(72.416572602827,10.,139.453116970187));
#9214=CARTESIAN_POINT('Ctrl Pts',(72.5248772968417,10.,139.250701990621));
#9215=CARTESIAN_POINT('Ctrl Pts',(72.7595556610824,10.,138.812102198298));
#9216=CARTESIAN_POINT('Ctrl Pts',(72.7762896869297,10.,138.313629770204));
#9217=CARTESIAN_POINT('Ctrl Pts',(72.7853009150028,10.,138.045203703538));
#9218=CARTESIAN_POINT('',(72.416572602827,9.8,139.453116970187));
#9219=CARTESIAN_POINT('',(72.416572602827,10.,139.453116970187));
#9220=CARTESIAN_POINT('Ctrl Pts',(72.416572602827,9.8,139.453116970187));
#9221=CARTESIAN_POINT('Ctrl Pts',(72.5248772968417,9.8,139.250701990621));
#9222=CARTESIAN_POINT('Ctrl Pts',(72.7595556610824,9.8,138.812102198298));
#9223=CARTESIAN_POINT('Ctrl Pts',(72.7762896869297,9.8,138.313629770204));
#9224=CARTESIAN_POINT('Ctrl Pts',(72.7853009150028,9.8,138.045203703538));
#9225=CARTESIAN_POINT('Ctrl Pts',(71.3220982503979,10.,139.992375922701));
#9226=CARTESIAN_POINT('Ctrl Pts',(71.3220982503979,9.8,139.992375922701));
#9227=CARTESIAN_POINT('Ctrl Pts',(71.5461726199105,10.,139.971893797588));
#9228=CARTESIAN_POINT('Ctrl Pts',(71.5461726199105,9.8,139.971893797588));
#9229=CARTESIAN_POINT('Ctrl Pts',(71.9813190095573,10.,139.93211806235));
#9230=CARTESIAN_POINT('Ctrl Pts',(71.9813190095573,9.8,139.93211806235));
#9231=CARTESIAN_POINT('Ctrl Pts',(72.27440727016,10.,139.609571392777));
#9232=CARTESIAN_POINT('Ctrl Pts',(72.27440727016,9.8,139.609571392777));
#9233=CARTESIAN_POINT('Ctrl Pts',(72.416572602827,10.,139.453116970187));
#9234=CARTESIAN_POINT('Ctrl Pts',(72.416572602827,9.8,139.453116970187));
#9235=CARTESIAN_POINT('',(71.3220982503979,10.,139.992375922701));
#9236=CARTESIAN_POINT('Ctrl Pts',(71.3220982503979,10.,139.992375922701));
#9237=CARTESIAN_POINT('Ctrl Pts',(71.5461726199105,10.,139.971893797588));
#9238=CARTESIAN_POINT('Ctrl Pts',(71.9813190095573,10.,139.93211806235));
#9239=CARTESIAN_POINT('Ctrl Pts',(72.27440727016,10.,139.609571392777));
#9240=CARTESIAN_POINT('Ctrl Pts',(72.416572602827,10.,139.453116970187));
#9241=CARTESIAN_POINT('',(71.3220982503979,9.8,139.992375922701));
#9242=CARTESIAN_POINT('',(71.3220982503979,10.,139.992375922701));
#9243=CARTESIAN_POINT('Ctrl Pts',(71.3220982503979,9.8,139.992375922701));
#9244=CARTESIAN_POINT('Ctrl Pts',(71.5461726199105,9.8,139.971893797588));
#9245=CARTESIAN_POINT('Ctrl Pts',(71.9813190095573,9.8,139.93211806235));
#9246=CARTESIAN_POINT('Ctrl Pts',(72.27440727016,9.8,139.609571392777));
#9247=CARTESIAN_POINT('Ctrl Pts',(72.416572602827,9.8,139.453116970187));
#9248=CARTESIAN_POINT('Ctrl Pts',(70.2699713402055,10.,139.51893898937));
#9249=CARTESIAN_POINT('Ctrl Pts',(70.2699713402055,9.8,139.51893898937));
#9250=CARTESIAN_POINT('Ctrl Pts',(70.4193549268782,10.,139.657725213558));
#9251=CARTESIAN_POINT('Ctrl Pts',(70.4193549268782,9.8,139.657725213558));
#9252=CARTESIAN_POINT('Ctrl Pts',(70.7168457068208,10.,139.934111816655));
#9253=CARTESIAN_POINT('Ctrl Pts',(70.7168457068208,9.8,139.934111816655));
#9254=CARTESIAN_POINT('Ctrl Pts',(71.1209253078856,10.,139.973010185571));
#9255=CARTESIAN_POINT('Ctrl Pts',(71.1209253078856,9.8,139.973010185571));
#9256=CARTESIAN_POINT('Ctrl Pts',(71.3220982503979,10.,139.992375922701));
#9257=CARTESIAN_POINT('Ctrl Pts',(71.3220982503979,9.8,139.992375922701));
#9258=CARTESIAN_POINT('Ctrl Pts',(70.2699713402055,10.,139.51893898937));
#9259=CARTESIAN_POINT('Ctrl Pts',(70.4193549268782,10.,139.657725213558));
#9260=CARTESIAN_POINT('Ctrl Pts',(70.7168457068208,10.,139.934111816655));
#9261=CARTESIAN_POINT('Ctrl Pts',(71.1209253078856,10.,139.973010185571));
#9262=CARTESIAN_POINT('Ctrl Pts',(71.3220982503979,10.,139.992375922701));
#9263=CARTESIAN_POINT('Ctrl Pts',(70.2699713402055,9.8,139.51893898937));
#9264=CARTESIAN_POINT('Ctrl Pts',(70.4193549268782,9.8,139.657725213558));
#9265=CARTESIAN_POINT('Ctrl Pts',(70.7168457068208,9.8,139.934111816655));
#9266=CARTESIAN_POINT('Ctrl Pts',(71.1209253078856,9.8,139.973010185571));
#9267=CARTESIAN_POINT('Ctrl Pts',(71.3220982503979,9.8,139.992375922701));
#9268=CARTESIAN_POINT('Ctrl Pts',(68.9839294458552,10.,138.094973915121));
#9269=CARTESIAN_POINT('Ctrl Pts',(68.9839294458552,9.8,138.094973915121));
#9270=CARTESIAN_POINT('Ctrl Pts',(68.997558965518,10.,137.698476556864));
#9271=CARTESIAN_POINT('Ctrl Pts',(68.997558965518,9.8,137.698476556864));
#9272=CARTESIAN_POINT('Ctrl Pts',(69.0224152045875,10.,136.975381879203));
#9273=CARTESIAN_POINT('Ctrl Pts',(69.0224152045875,9.8,136.975381879203));
#9274=CARTESIAN_POINT('Ctrl Pts',(69.4516453972733,10.,136.398067925155));
#9275=CARTESIAN_POINT('Ctrl Pts',(69.4516453972733,9.8,136.398067925155));
#9276=CARTESIAN_POINT('Ctrl Pts',(69.64551410447,10.,136.137314809869));
#9277=CARTESIAN_POINT('Ctrl Pts',(69.64551410447,9.8,136.137314809869));
#9278=CARTESIAN_POINT('',(68.9839294458552,9.8,138.094973915121));
#9279=CARTESIAN_POINT('',(68.9839294458552,10.,138.094973915121));
#9280=CARTESIAN_POINT('',(69.64551410447,9.8,136.137314809869));
#9281=CARTESIAN_POINT('Ctrl Pts',(68.9839294458552,9.8,138.094973915121));
#9282=CARTESIAN_POINT('Ctrl Pts',(68.997558965518,9.8,137.698476556864));
#9283=CARTESIAN_POINT('Ctrl Pts',(69.0224152045875,9.8,136.975381879203));
#9284=CARTESIAN_POINT('Ctrl Pts',(69.4516453972733,9.8,136.398067925155));
#9285=CARTESIAN_POINT('Ctrl Pts',(69.64551410447,9.8,136.137314809869));
#9286=CARTESIAN_POINT('',(69.64551410447,10.,136.137314809869));
#9287=CARTESIAN_POINT('Ctrl Pts',(69.6864856575791,10.,140.069985790634));
#9288=CARTESIAN_POINT('Ctrl Pts',(69.6864856575791,9.8,140.069985790634));
#9289=CARTESIAN_POINT('Ctrl Pts',(69.4835720435988,10.,139.812801656389));
#9290=CARTESIAN_POINT('Ctrl Pts',(69.4835720435988,9.8,139.812801656389));
#9291=CARTESIAN_POINT('Ctrl Pts',(69.0301486607222,10.,139.238107342468));
#9292=CARTESIAN_POINT('Ctrl Pts',(69.0301486607222,9.8,139.238107342468));
#9293=CARTESIAN_POINT('Ctrl Pts',(69.0003775486413,10.,138.501782558784));
#9294=CARTESIAN_POINT('Ctrl Pts',(69.0003775486413,9.8,138.501782558784));
#9295=CARTESIAN_POINT('Ctrl Pts',(68.9839294458552,10.,138.094973915121));
#9296=CARTESIAN_POINT('Ctrl Pts',(68.9839294458552,9.8,138.094973915121));
#9297=CARTESIAN_POINT('',(69.6864856575791,9.8,140.069985790634));
#9298=CARTESIAN_POINT('',(69.6864856575791,10.,140.069985790634));
#9299=CARTESIAN_POINT('Ctrl Pts',(69.6864856575791,9.8,140.069985790634));
#9300=CARTESIAN_POINT('Ctrl Pts',(69.4835720435988,9.8,139.812801656389));
#9301=CARTESIAN_POINT('Ctrl Pts',(69.0301486607222,9.8,139.238107342468));
#9302=CARTESIAN_POINT('Ctrl Pts',(69.0003775486413,9.8,138.501782558784));
#9303=CARTESIAN_POINT('Ctrl Pts',(68.9839294458552,9.8,138.094973915121));
#9304=CARTESIAN_POINT('Ctrl Pts',(71.3251923162565,10.,140.686119404505));
#9305=CARTESIAN_POINT('Ctrl Pts',(71.3251923162565,9.8,140.686119404505));
#9306=CARTESIAN_POINT('Ctrl Pts',(71.0216945700743,10.,140.661787640751));
#9307=CARTESIAN_POINT('Ctrl Pts',(71.0216945700743,9.8,140.661787640751));
#9308=CARTESIAN_POINT('Ctrl Pts',(70.4163895510313,10.,140.613259640434));
#9309=CARTESIAN_POINT('Ctrl Pts',(70.4163895510313,9.8,140.613259640434));
#9310=CARTESIAN_POINT('Ctrl Pts',(69.9293335447695,10.,140.250739596407));
#9311=CARTESIAN_POINT('Ctrl Pts',(69.9293335447695,9.8,140.250739596407));
#9312=CARTESIAN_POINT('Ctrl Pts',(69.6864856575791,10.,140.069985790634));
#9313=CARTESIAN_POINT('Ctrl Pts',(69.6864856575791,9.8,140.069985790634));
#9314=CARTESIAN_POINT('',(71.3251923162565,9.8,140.686119404505));
#9315=CARTESIAN_POINT('',(71.3251923162565,10.,140.686119404505));
#9316=CARTESIAN_POINT('Ctrl Pts',(71.3251923162565,9.8,140.686119404505));
#9317=CARTESIAN_POINT('Ctrl Pts',(71.0216945700743,9.8,140.661787640751));
#9318=CARTESIAN_POINT('Ctrl Pts',(70.4163895510313,9.8,140.613259640434));
#9319=CARTESIAN_POINT('Ctrl Pts',(69.9293335447695,9.8,140.250739596407));
#9320=CARTESIAN_POINT('Ctrl Pts',(69.6864856575791,9.8,140.069985790634));
#9321=CARTESIAN_POINT('Ctrl Pts',(72.9396630681108,10.,140.074226183924));
#9322=CARTESIAN_POINT('Ctrl Pts',(72.9396630681108,9.8,140.074226183924));
#9323=CARTESIAN_POINT('Ctrl Pts',(72.6955136522955,10.,140.251677213535));
#9324=CARTESIAN_POINT('Ctrl Pts',(72.6955136522955,9.8,140.251677213535));
#9325=CARTESIAN_POINT('Ctrl Pts',(72.2127026925877,10.,140.602590614748));
#9326=CARTESIAN_POINT('Ctrl Pts',(72.2127026925877,9.8,140.602590614748));
#9327=CARTESIAN_POINT('Ctrl Pts',(71.6187788293653,10.,140.658488261498));
#9328=CARTESIAN_POINT('Ctrl Pts',(71.6187788293653,9.8,140.658488261498));
#9329=CARTESIAN_POINT('Ctrl Pts',(71.3251923162565,10.,140.686119404505));
#9330=CARTESIAN_POINT('Ctrl Pts',(71.3251923162565,9.8,140.686119404505));
#9331=CARTESIAN_POINT('',(72.9396630681108,9.8,140.074226183924));
#9332=CARTESIAN_POINT('',(72.9396630681108,10.,140.074226183924));
#9333=CARTESIAN_POINT('Ctrl Pts',(72.9396630681108,9.8,140.074226183924));
#9334=CARTESIAN_POINT('Ctrl Pts',(72.6955136522955,9.8,140.251677213535));
#9335=CARTESIAN_POINT('Ctrl Pts',(72.2127026925877,9.8,140.602590614748));
#9336=CARTESIAN_POINT('Ctrl Pts',(71.6187788293653,9.8,140.658488261498));
#9337=CARTESIAN_POINT('Ctrl Pts',(71.3251923162565,9.8,140.686119404505));
#9338=CARTESIAN_POINT('Ctrl Pts',(73.6475863388901,10.,137.994484389093));
#9339=CARTESIAN_POINT('Ctrl Pts',(73.6475863388901,9.8,137.994484389093));
#9340=CARTESIAN_POINT('Ctrl Pts',(73.6378235539626,10.,138.430217539066));
#9341=CARTESIAN_POINT('Ctrl Pts',(73.6378235539626,9.8,138.430217539066));
#9342=CARTESIAN_POINT('Ctrl Pts',(73.6204705889378,10.,139.204716021599));
#9343=CARTESIAN_POINT('Ctrl Pts',(73.6204705889378,9.8,139.204716021599));
#9344=CARTESIAN_POINT('Ctrl Pts',(73.1468322791061,10.,139.809634902584));
#9345=CARTESIAN_POINT('Ctrl Pts',(73.1468322791061,9.8,139.809634902584));
#9346=CARTESIAN_POINT('Ctrl Pts',(72.9396630681108,10.,140.074226183924));
#9347=CARTESIAN_POINT('Ctrl Pts',(72.9396630681108,9.8,140.074226183924));
#9348=CARTESIAN_POINT('',(73.6475863388901,9.8,137.994484389093));
#9349=CARTESIAN_POINT('',(73.6475863388901,10.,137.994484389093));
#9350=CARTESIAN_POINT('Ctrl Pts',(73.6475863388901,9.8,137.994484389093));
#9351=CARTESIAN_POINT('Ctrl Pts',(73.6378235539626,9.8,138.430217539066));
#9352=CARTESIAN_POINT('Ctrl Pts',(73.6204705889378,9.8,139.204716021599));
#9353=CARTESIAN_POINT('Ctrl Pts',(73.1468322791061,9.8,139.809634902584));
#9354=CARTESIAN_POINT('Ctrl Pts',(72.9396630681108,9.8,140.074226183924));
#9355=CARTESIAN_POINT('Ctrl Pts',(72.9736459073884,10.,136.131846198052));
#9356=CARTESIAN_POINT('Ctrl Pts',(72.9736459073884,9.8,136.131846198052));
#9357=CARTESIAN_POINT('Ctrl Pts',(73.1686568312188,10.,136.385559958158));
#9358=CARTESIAN_POINT('Ctrl Pts',(73.1686568312188,9.8,136.385559958158));
#9359=CARTESIAN_POINT('Ctrl Pts',(73.588935481124,10.,136.932352283763));
#9360=CARTESIAN_POINT('Ctrl Pts',(73.588935481124,9.8,136.932352283763));
#9361=CARTESIAN_POINT('Ctrl Pts',(73.6271197297464,10.,137.623846286144));
#9362=CARTESIAN_POINT('Ctrl Pts',(73.6271197297464,9.8,137.623846286144));
#9363=CARTESIAN_POINT('Ctrl Pts',(73.6475863388901,10.,137.994484389093));
#9364=CARTESIAN_POINT('Ctrl Pts',(73.6475863388901,9.8,137.994484389093));
#9365=CARTESIAN_POINT('',(72.9736459073884,9.8,136.131846198052));
#9366=CARTESIAN_POINT('',(72.9736459073884,10.,136.131846198052));
#9367=CARTESIAN_POINT('Ctrl Pts',(72.9736459073884,9.8,136.131846198052));
#9368=CARTESIAN_POINT('Ctrl Pts',(73.1686568312188,9.8,136.385559958158));
#9369=CARTESIAN_POINT('Ctrl Pts',(73.588935481124,9.8,136.932352283763));
#9370=CARTESIAN_POINT('Ctrl Pts',(73.6271197297464,9.8,137.623846286144));
#9371=CARTESIAN_POINT('Ctrl Pts',(73.6475863388901,9.8,137.994484389093));
#9372=CARTESIAN_POINT('Ctrl Pts',(71.3019868435835,10.,135.483048059298));
#9373=CARTESIAN_POINT('Ctrl Pts',(71.3019868435835,9.8,135.483048059298));
#9374=CARTESIAN_POINT('Ctrl Pts',(71.6210165785738,10.,135.506469207227));
#9375=CARTESIAN_POINT('Ctrl Pts',(71.6210165785738,9.8,135.506469207227));
#9376=CARTESIAN_POINT('Ctrl Pts',(72.2452790527053,10.,135.552298614801));
#9377=CARTESIAN_POINT('Ctrl Pts',(72.2452790527053,9.8,135.552298614801));
#9378=CARTESIAN_POINT('Ctrl Pts',(72.7344608024195,10.,135.941531182146));
#9379=CARTESIAN_POINT('Ctrl Pts',(72.7344608024195,9.8,135.941531182146));
#9380=CARTESIAN_POINT('Ctrl Pts',(72.9736459073884,10.,136.131846198052));
#9381=CARTESIAN_POINT('Ctrl Pts',(72.9736459073884,9.8,136.131846198052));
#9382=CARTESIAN_POINT('',(71.3019868435835,9.8,135.483048059298));
#9383=CARTESIAN_POINT('',(71.3019868435835,10.,135.483048059298));
#9384=CARTESIAN_POINT('Ctrl Pts',(71.3019868435835,9.8,135.483048059298));
#9385=CARTESIAN_POINT('Ctrl Pts',(71.6210165785738,9.8,135.506469207227));
#9386=CARTESIAN_POINT('Ctrl Pts',(72.2452790527053,9.8,135.552298614801));
#9387=CARTESIAN_POINT('Ctrl Pts',(72.7344608024195,9.8,135.941531182146));
#9388=CARTESIAN_POINT('Ctrl Pts',(72.9736459073884,9.8,136.131846198052));
#9389=CARTESIAN_POINT('Ctrl Pts',(69.64551410447,10.,136.137314809869));
#9390=CARTESIAN_POINT('Ctrl Pts',(69.64551410447,9.8,136.137314809869));
#9391=CARTESIAN_POINT('Ctrl Pts',(69.8840632602129,10.,135.947590941704));
#9392=CARTESIAN_POINT('Ctrl Pts',(69.8840632602129,9.8,135.947590941704));
#9393=CARTESIAN_POINT('Ctrl Pts',(70.3692813953874,10.,135.561685314738));
#9394=CARTESIAN_POINT('Ctrl Pts',(70.3692813953874,9.8,135.561685314738));
#9395=CARTESIAN_POINT('Ctrl Pts',(70.987635768909,10.,135.509551287948));
#9396=CARTESIAN_POINT('Ctrl Pts',(70.987635768909,9.8,135.509551287948));
#9397=CARTESIAN_POINT('Ctrl Pts',(71.3019868435835,10.,135.483048059298));
#9398=CARTESIAN_POINT('Ctrl Pts',(71.3019868435835,9.8,135.483048059298));
#9399=CARTESIAN_POINT('Ctrl Pts',(69.64551410447,9.8,136.137314809869));
#9400=CARTESIAN_POINT('Ctrl Pts',(69.8840632602129,9.8,135.947590941704));
#9401=CARTESIAN_POINT('Ctrl Pts',(70.3692813953874,9.8,135.561685314738));
#9402=CARTESIAN_POINT('Ctrl Pts',(70.987635768909,9.8,135.509551287948));
#9403=CARTESIAN_POINT('Ctrl Pts',(71.3019868435835,9.8,135.483048059298));
#9404=CARTESIAN_POINT('Origin',(71.2455857509266,9.8,137.234594008736));
#9405=CARTESIAN_POINT('Ctrl Pts',(75.3792316424803,10.,136.327370585635));
#9406=CARTESIAN_POINT('Ctrl Pts',(75.3792316424803,9.8,136.327370585635));
#9407=CARTESIAN_POINT('Ctrl Pts',(75.5068038359564,10.,136.076387903716));
#9408=CARTESIAN_POINT('Ctrl Pts',(75.5068038359564,9.8,136.076387903716));
#9409=CARTESIAN_POINT('Ctrl Pts',(75.7348658618139,10.,135.627703771746));
#9410=CARTESIAN_POINT('Ctrl Pts',(75.7348658618139,9.8,135.627703771746));
#9411=CARTESIAN_POINT('Ctrl Pts',(76.2174314981724,10.,135.511416254753));
#9412=CARTESIAN_POINT('Ctrl Pts',(76.2174314981724,9.8,135.511416254753));
#9413=CARTESIAN_POINT('Ctrl Pts',(76.4300619864279,10.,135.460177066437));
#9414=CARTESIAN_POINT('Ctrl Pts',(76.4300619864279,9.8,135.460177066437));
#9415=CARTESIAN_POINT('',(75.3792316424803,9.8,136.327370585635));
#9416=CARTESIAN_POINT('',(75.3792316424803,10.,136.327370585635));
#9417=CARTESIAN_POINT('',(76.4300619864279,9.8,135.460177066437));
#9418=CARTESIAN_POINT('Ctrl Pts',(75.3792316424803,9.8,136.327370585635));
#9419=CARTESIAN_POINT('Ctrl Pts',(75.5068038359564,9.8,136.076387903716));
#9420=CARTESIAN_POINT('Ctrl Pts',(75.7348658618139,9.8,135.627703771746));
#9421=CARTESIAN_POINT('Ctrl Pts',(76.2174314981724,9.8,135.511416254753));
#9422=CARTESIAN_POINT('Ctrl Pts',(76.4300619864279,9.8,135.460177066437));
#9423=CARTESIAN_POINT('',(76.4300619864279,10.,135.460177066437));
#9424=CARTESIAN_POINT('Origin',(75.3604825918895,10.,136.327454205588));
#9425=CARTESIAN_POINT('',(75.3604825918895,9.8,136.327454205588));
#9426=CARTESIAN_POINT('',(75.3604825918895,10.,136.327454205588));
#9427=CARTESIAN_POINT('',(75.3604825918895,9.8,136.327454205588));
#9428=CARTESIAN_POINT('Origin',(75.3571376449055,10.,135.577458803687));
#9429=CARTESIAN_POINT('',(75.3571376449055,9.8,135.577458803687));
#9430=CARTESIAN_POINT('',(75.3571376449055,10.,135.577458803687));
#9431=CARTESIAN_POINT('',(75.3571376449055,9.8,135.577458803687));
#9432=CARTESIAN_POINT('Origin',(74.5883884240898,10.,135.58088739189));
#9433=CARTESIAN_POINT('',(74.5883884240898,9.8,135.58088739189));
#9434=CARTESIAN_POINT('',(74.5883884240898,10.,135.58088739189));
#9435=CARTESIAN_POINT('',(74.5883884240898,9.8,135.58088739189));
#9436=CARTESIAN_POINT('Origin',(74.6105695310724,10.,140.554278099037));
#9437=CARTESIAN_POINT('',(74.6105695310724,9.8,140.554278099037));
#9438=CARTESIAN_POINT('',(74.6105695310724,10.,140.554278099037));
#9439=CARTESIAN_POINT('',(74.6105695310724,9.8,140.554278099037));
#9440=CARTESIAN_POINT('Origin',(75.4543149542513,10.,140.550515031021));
#9441=CARTESIAN_POINT('',(75.4543149542513,9.8,140.550515031021));
#9442=CARTESIAN_POINT('',(75.4543149542513,10.,140.550515031021));
#9443=CARTESIAN_POINT('',(75.4543149542513,9.8,140.550515031021));
#9444=CARTESIAN_POINT('Origin',(75.4426704079384,10.,137.939604833122));
#9445=CARTESIAN_POINT('',(75.4426704079384,9.8,137.939604833122));
#9446=CARTESIAN_POINT('',(75.4426704079384,10.,137.939604833122));
#9447=CARTESIAN_POINT('',(75.4426704079384,9.8,137.939604833122));
#9448=CARTESIAN_POINT('Ctrl Pts',(75.6811284275771,10.,136.752592598092));
#9449=CARTESIAN_POINT('Ctrl Pts',(75.6811284275771,9.8,136.752592598092));
#9450=CARTESIAN_POINT('Ctrl Pts',(75.6110271101167,10.,136.919855418075));
#9451=CARTESIAN_POINT('Ctrl Pts',(75.6110271101167,9.8,136.919855418075));
#9452=CARTESIAN_POINT('Ctrl Pts',(75.4523812880768,10.,137.298386785732));
#9453=CARTESIAN_POINT('Ctrl Pts',(75.4523812880768,9.8,137.298386785732));
#9454=CARTESIAN_POINT('Ctrl Pts',(75.4461488817227,10.,137.709918117181));
#9455=CARTESIAN_POINT('Ctrl Pts',(75.4461488817227,9.8,137.709918117181));
#9456=CARTESIAN_POINT('Ctrl Pts',(75.4426704079384,10.,137.939604833122));
#9457=CARTESIAN_POINT('Ctrl Pts',(75.4426704079384,9.8,137.939604833122));
#9458=CARTESIAN_POINT('',(75.6811284275771,9.8,136.752592598092));
#9459=CARTESIAN_POINT('',(75.6811284275771,10.,136.752592598092));
#9460=CARTESIAN_POINT('Ctrl Pts',(75.6811284275771,9.8,136.752592598092));
#9461=CARTESIAN_POINT('Ctrl Pts',(75.6110271101167,9.8,136.919855418075));
#9462=CARTESIAN_POINT('Ctrl Pts',(75.4523812880768,9.8,137.298386785732));
#9463=CARTESIAN_POINT('Ctrl Pts',(75.4461488817227,9.8,137.709918117181));
#9464=CARTESIAN_POINT('Ctrl Pts',(75.4426704079384,9.8,137.939604833122));
#9465=CARTESIAN_POINT('Ctrl Pts',(76.3964105519481,10.,136.322834011788));
#9466=CARTESIAN_POINT('Ctrl Pts',(76.3964105519481,9.8,136.322834011788));
#9467=CARTESIAN_POINT('Ctrl Pts',(76.2477999751251,10.,136.342068993726));
#9468=CARTESIAN_POINT('Ctrl Pts',(76.2477999751251,9.8,136.342068993726));
#9469=CARTESIAN_POINT('Ctrl Pts',(75.947151659921,10.,136.380982542385));
#9470=CARTESIAN_POINT('Ctrl Pts',(75.947151659921,9.8,136.380982542385));
#9471=CARTESIAN_POINT('Ctrl Pts',(75.7704741679242,10.,136.627784793694));
#9472=CARTESIAN_POINT('Ctrl Pts',(75.7704741679242,9.8,136.627784793694));
#9473=CARTESIAN_POINT('Ctrl Pts',(75.6811284275771,10.,136.752592598092));
#9474=CARTESIAN_POINT('Ctrl Pts',(75.6811284275771,9.8,136.752592598092));
#9475=CARTESIAN_POINT('',(76.3964105519481,9.8,136.322834011788));
#9476=CARTESIAN_POINT('',(76.3964105519481,10.,136.322834011788));
#9477=CARTESIAN_POINT('Ctrl Pts',(76.3964105519481,9.8,136.322834011788));
#9478=CARTESIAN_POINT('Ctrl Pts',(76.2477999751251,9.8,136.342068993726));
#9479=CARTESIAN_POINT('Ctrl Pts',(75.947151659921,9.8,136.380982542385));
#9480=CARTESIAN_POINT('Ctrl Pts',(75.7704741679242,9.8,136.627784793694));
#9481=CARTESIAN_POINT('Ctrl Pts',(75.6811284275771,9.8,136.752592598092));
#9482=CARTESIAN_POINT('Ctrl Pts',(77.0112811162252,10.,136.502903363581));
#9483=CARTESIAN_POINT('Ctrl Pts',(77.0112811162252,9.8,136.502903363581));
#9484=CARTESIAN_POINT('Ctrl Pts',(76.9097297061169,10.,136.45007560289));
#9485=CARTESIAN_POINT('Ctrl Pts',(76.9097297061169,9.8,136.45007560289));
#9486=CARTESIAN_POINT('Ctrl Pts',(76.7163578083902,10.,136.349482176109));
#9487=CARTESIAN_POINT('Ctrl Pts',(76.7163578083902,9.8,136.349482176109));
#9488=CARTESIAN_POINT('Ctrl Pts',(76.4994207114345,10.,136.331413649842));
#9489=CARTESIAN_POINT('Ctrl Pts',(76.4994207114345,9.8,136.331413649842));
#9490=CARTESIAN_POINT('Ctrl Pts',(76.3964105519481,10.,136.322834011788));
#9491=CARTESIAN_POINT('Ctrl Pts',(76.3964105519481,9.8,136.322834011788));
#9492=CARTESIAN_POINT('',(77.0112811162252,9.8,136.502903363581));
#9493=CARTESIAN_POINT('',(77.0112811162252,10.,136.502903363581));
#9494=CARTESIAN_POINT('Ctrl Pts',(77.0112811162252,9.8,136.502903363581));
#9495=CARTESIAN_POINT('Ctrl Pts',(76.9097297061169,9.8,136.45007560289));
#9496=CARTESIAN_POINT('Ctrl Pts',(76.7163578083902,9.8,136.349482176109));
#9497=CARTESIAN_POINT('Ctrl Pts',(76.4994207114345,9.8,136.331413649842));
#9498=CARTESIAN_POINT('Ctrl Pts',(76.3964105519481,9.8,136.322834011788));
#9499=CARTESIAN_POINT('Origin',(77.2984305813839,10.,135.723493002314));
#9500=CARTESIAN_POINT('',(77.2984305813839,9.8,135.723493002314));
#9501=CARTESIAN_POINT('',(77.2984305813839,10.,135.723493002314));
#9502=CARTESIAN_POINT('',(77.2984305813839,9.8,135.723493002314));
#9503=CARTESIAN_POINT('Ctrl Pts',(76.4300619864279,10.,135.460177066437));
#9504=CARTESIAN_POINT('Ctrl Pts',(76.4300619864279,9.8,135.460177066437));
#9505=CARTESIAN_POINT('Ctrl Pts',(76.5770497189503,10.,135.472525536001));
#9506=CARTESIAN_POINT('Ctrl Pts',(76.5770497189503,9.8,135.472525536001));
#9507=CARTESIAN_POINT('Ctrl Pts',(76.8848547593278,10.,135.49838430059));
#9508=CARTESIAN_POINT('Ctrl Pts',(76.8848547593278,9.8,135.49838430059));
#9509=CARTESIAN_POINT('Ctrl Pts',(77.1565036106624,10.,135.646242364305));
#9510=CARTESIAN_POINT('Ctrl Pts',(77.1565036106624,9.8,135.646242364305));
#9511=CARTESIAN_POINT('Ctrl Pts',(77.2984305813839,10.,135.723493002314));
#9512=CARTESIAN_POINT('Ctrl Pts',(77.2984305813839,9.8,135.723493002314));
#9513=CARTESIAN_POINT('Ctrl Pts',(76.4300619864279,9.8,135.460177066437));
#9514=CARTESIAN_POINT('Ctrl Pts',(76.5770497189503,9.8,135.472525536001));
#9515=CARTESIAN_POINT('Ctrl Pts',(76.8848547593278,9.8,135.49838430059));
#9516=CARTESIAN_POINT('Ctrl Pts',(77.1565036106624,9.8,135.646242364305));
#9517=CARTESIAN_POINT('Ctrl Pts',(77.2984305813839,9.8,135.723493002314));
#9518=CARTESIAN_POINT('Origin',(71.2455857509266,9.8,137.234594008736));
#9519=CARTESIAN_POINT('Origin',(82.6519350151006,10.,139.998098380837));
#9520=CARTESIAN_POINT('',(82.6519350151006,9.8,139.998098380837));
#9521=CARTESIAN_POINT('',(82.6519350151006,10.,139.998098380837));
#9522=CARTESIAN_POINT('',(83.3199700336314,9.8,139.488860696147));
#9523=CARTESIAN_POINT('',(82.6519350151006,9.8,139.998098380837));
#9524=CARTESIAN_POINT('',(83.3199700336314,10.,139.488860696147));
#9525=CARTESIAN_POINT('Ctrl Pts',(83.0766831847514,10.,140.643082976365));
#9526=CARTESIAN_POINT('Ctrl Pts',(83.0766831847514,9.8,140.643082976365));
#9527=CARTESIAN_POINT('Ctrl Pts',(82.9869862339353,10.,140.5416673778));
#9528=CARTESIAN_POINT('Ctrl Pts',(82.9869862339353,9.8,140.5416673778));
#9529=CARTESIAN_POINT('Ctrl Pts',(82.8146141578072,10.,140.346775387409));
#9530=CARTESIAN_POINT('Ctrl Pts',(82.8146141578072,9.8,140.346775387409));
#9531=CARTESIAN_POINT('Ctrl Pts',(82.7046684637837,10.,140.111124185664));
#9532=CARTESIAN_POINT('Ctrl Pts',(82.7046684637837,9.8,140.111124185664));
#9533=CARTESIAN_POINT('Ctrl Pts',(82.6519350151006,10.,139.998098380837));
#9534=CARTESIAN_POINT('Ctrl Pts',(82.6519350151006,9.8,139.998098380837));
#9535=CARTESIAN_POINT('',(83.0766831847514,9.8,140.643082976365));
#9536=CARTESIAN_POINT('',(83.0766831847514,10.,140.643082976365));
#9537=CARTESIAN_POINT('Ctrl Pts',(83.0766831847514,9.8,140.643082976365));
#9538=CARTESIAN_POINT('Ctrl Pts',(82.9869862339353,9.8,140.5416673778));
#9539=CARTESIAN_POINT('Ctrl Pts',(82.8146141578072,9.8,140.346775387409));
#9540=CARTESIAN_POINT('Ctrl Pts',(82.7046684637837,9.8,140.111124185664));
#9541=CARTESIAN_POINT('Ctrl Pts',(82.6519350151006,9.8,139.998098380837));
#9542=CARTESIAN_POINT('Origin',(83.7353323309134,10.,140.129204564795));
#9543=CARTESIAN_POINT('',(83.7353323309134,9.8,140.129204564795));
#9544=CARTESIAN_POINT('',(83.7353323309134,10.,140.129204564795));
#9545=CARTESIAN_POINT('',(83.7353323309134,9.8,140.129204564795));
#9546=CARTESIAN_POINT('Ctrl Pts',(83.3199700336314,10.,139.488860696147));
#9547=CARTESIAN_POINT('Ctrl Pts',(83.3199700336314,9.8,139.488860696147));
#9548=CARTESIAN_POINT('Ctrl Pts',(83.3762176376039,10.,139.612452302322));
#9549=CARTESIAN_POINT('Ctrl Pts',(83.3762176376039,9.8,139.612452302322));
#9550=CARTESIAN_POINT('Ctrl Pts',(83.4828644014271,10.,139.846784858795));
#9551=CARTESIAN_POINT('Ctrl Pts',(83.4828644014271,9.8,139.846784858795));
#9552=CARTESIAN_POINT('Ctrl Pts',(83.6543103518789,10.,140.03857046507));
#9553=CARTESIAN_POINT('Ctrl Pts',(83.6543103518789,9.8,140.03857046507));
#9554=CARTESIAN_POINT('Ctrl Pts',(83.7353323309134,10.,140.129204564795));
#9555=CARTESIAN_POINT('Ctrl Pts',(83.7353323309134,9.8,140.129204564795));
#9556=CARTESIAN_POINT('Ctrl Pts',(83.3199700336314,9.8,139.488860696147));
#9557=CARTESIAN_POINT('Ctrl Pts',(83.3762176376039,9.8,139.612452302322));
#9558=CARTESIAN_POINT('Ctrl Pts',(83.4828644014271,9.8,139.846784858795));
#9559=CARTESIAN_POINT('Ctrl Pts',(83.6543103518789,9.8,140.03857046507));
#9560=CARTESIAN_POINT('Ctrl Pts',(83.7353323309134,9.8,140.129204564795));
#9561=CARTESIAN_POINT('Origin',(71.2455857509266,9.8,137.234594008736));
#9562=CARTESIAN_POINT('Ctrl Pts',(91.5050671246148,10.,136.480452677581));
#9563=CARTESIAN_POINT('Ctrl Pts',(91.5050671246148,9.8,136.480452677581));
#9564=CARTESIAN_POINT('Ctrl Pts',(91.3907542826748,10.,136.627243357083));
#9565=CARTESIAN_POINT('Ctrl Pts',(91.3907542826748,9.8,136.627243357083));
#9566=CARTESIAN_POINT('Ctrl Pts',(91.1532032959428,10.,136.932285819213));
#9567=CARTESIAN_POINT('Ctrl Pts',(91.1532032959428,9.8,136.932285819213));
#9568=CARTESIAN_POINT('Ctrl Pts',(91.0947084622777,10.,137.315087322194));
#9569=CARTESIAN_POINT('Ctrl Pts',(91.0947084622777,9.8,137.315087322194));
#9570=CARTESIAN_POINT('Ctrl Pts',(91.0643621569225,10.,137.513679412675));
#9571=CARTESIAN_POINT('Ctrl Pts',(91.0643621569225,9.8,137.513679412675));
#9572=CARTESIAN_POINT('',(91.5050671246148,10.,136.480452677581));
#9573=CARTESIAN_POINT('',(91.0643621569225,10.,137.513679412675));
#9574=CARTESIAN_POINT('Ctrl Pts',(91.5050671246148,10.,136.480452677581));
#9575=CARTESIAN_POINT('Ctrl Pts',(91.3907542826748,10.,136.627243357083));
#9576=CARTESIAN_POINT('Ctrl Pts',(91.1532032959428,10.,136.932285819213));
#9577=CARTESIAN_POINT('Ctrl Pts',(91.0947084622777,10.,137.315087322194));
#9578=CARTESIAN_POINT('Ctrl Pts',(91.0643621569225,10.,137.513679412675));
#9579=CARTESIAN_POINT('',(91.5050671246148,9.8,136.480452677581));
#9580=CARTESIAN_POINT('',(91.5050671246148,10.,136.480452677581));
#9581=CARTESIAN_POINT('',(91.0643621569225,9.8,137.513679412675));
#9582=CARTESIAN_POINT('Ctrl Pts',(91.5050671246148,9.8,136.480452677581));
#9583=CARTESIAN_POINT('Ctrl Pts',(91.3907542826748,9.8,136.627243357083));
#9584=CARTESIAN_POINT('Ctrl Pts',(91.1532032959428,9.8,136.932285819213));
#9585=CARTESIAN_POINT('Ctrl Pts',(91.0947084622777,9.8,137.315087322194));
#9586=CARTESIAN_POINT('Ctrl Pts',(91.0643621569225,9.8,137.513679412675));
#9587=CARTESIAN_POINT('',(91.0643621569225,10.,137.513679412675));
#9588=CARTESIAN_POINT('Ctrl Pts',(92.4829709238347,10.,136.07764694529));
#9589=CARTESIAN_POINT('Ctrl Pts',(92.4829709238347,9.8,136.07764694529));
#9590=CARTESIAN_POINT('Ctrl Pts',(92.2947652573323,10.,136.093684940463));
#9591=CARTESIAN_POINT('Ctrl Pts',(92.2947652573323,9.8,136.093684940463));
#9592=CARTESIAN_POINT('Ctrl Pts',(91.9259140987283,10.,136.125116688567));
#9593=CARTESIAN_POINT('Ctrl Pts',(91.9259140987283,9.8,136.125116688567));
#9594=CARTESIAN_POINT('Ctrl Pts',(91.6434193941702,10.,136.363636961754));
#9595=CARTESIAN_POINT('Ctrl Pts',(91.6434193941702,9.8,136.363636961754));
#9596=CARTESIAN_POINT('Ctrl Pts',(91.5050671246148,10.,136.480452677581));
#9597=CARTESIAN_POINT('Ctrl Pts',(91.5050671246148,9.8,136.480452677581));
#9598=CARTESIAN_POINT('',(92.4829709238347,10.,136.07764694529));
#9599=CARTESIAN_POINT('Ctrl Pts',(92.4829709238347,10.,136.07764694529));
#9600=CARTESIAN_POINT('Ctrl Pts',(92.2947652573323,10.,136.093684940463));
#9601=CARTESIAN_POINT('Ctrl Pts',(91.9259140987283,10.,136.125116688567));
#9602=CARTESIAN_POINT('Ctrl Pts',(91.6434193941702,10.,136.363636961754));
#9603=CARTESIAN_POINT('Ctrl Pts',(91.5050671246148,10.,136.480452677581));
#9604=CARTESIAN_POINT('',(92.4829709238347,9.8,136.07764694529));
#9605=CARTESIAN_POINT('',(92.4829709238347,10.,136.07764694529));
#9606=CARTESIAN_POINT('Ctrl Pts',(92.4829709238347,9.8,136.07764694529));
#9607=CARTESIAN_POINT('Ctrl Pts',(92.2947652573323,9.8,136.093684940463));
#9608=CARTESIAN_POINT('Ctrl Pts',(91.9259140987283,9.8,136.125116688567));
#9609=CARTESIAN_POINT('Ctrl Pts',(91.6434193941702,9.8,136.363636961754));
#9610=CARTESIAN_POINT('Ctrl Pts',(91.5050671246148,9.8,136.480452677581));
#9611=CARTESIAN_POINT('Ctrl Pts',(93.3985257413577,10.,136.411067539324));
#9612=CARTESIAN_POINT('Ctrl Pts',(93.3985257413577,9.8,136.411067539324));
#9613=CARTESIAN_POINT('Ctrl Pts',(93.2575143340019,10.,136.313271037702));
#9614=CARTESIAN_POINT('Ctrl Pts',(93.2575143340019,9.8,136.313271037702));
#9615=CARTESIAN_POINT('Ctrl Pts',(92.9812845553714,10.,136.121695714114));
#9616=CARTESIAN_POINT('Ctrl Pts',(92.9812845553714,9.8,136.121695714114));
#9617=CARTESIAN_POINT('Ctrl Pts',(92.6467367778211,10.,136.092123138167));
#9618=CARTESIAN_POINT('Ctrl Pts',(92.6467367778211,9.8,136.092123138167));
#9619=CARTESIAN_POINT('Ctrl Pts',(92.4829709238347,10.,136.07764694529));
#9620=CARTESIAN_POINT('Ctrl Pts',(92.4829709238347,9.8,136.07764694529));
#9621=CARTESIAN_POINT('',(93.3985257413577,10.,136.411067539324));
#9622=CARTESIAN_POINT('Ctrl Pts',(93.3985257413577,10.,136.411067539324));
#9623=CARTESIAN_POINT('Ctrl Pts',(93.2575143340019,10.,136.313271037702));
#9624=CARTESIAN_POINT('Ctrl Pts',(92.9812845553714,10.,136.121695714114));
#9625=CARTESIAN_POINT('Ctrl Pts',(92.6467367778211,10.,136.092123138167));
#9626=CARTESIAN_POINT('Ctrl Pts',(92.4829709238347,10.,136.07764694529));
#9627=CARTESIAN_POINT('',(93.3985257413577,9.8,136.411067539324));
#9628=CARTESIAN_POINT('',(93.3985257413577,10.,136.411067539324));
#9629=CARTESIAN_POINT('Ctrl Pts',(93.3985257413577,9.8,136.411067539324));
#9630=CARTESIAN_POINT('Ctrl Pts',(93.2575143340019,9.8,136.313271037702));
#9631=CARTESIAN_POINT('Ctrl Pts',(92.9812845553714,9.8,136.121695714114));
#9632=CARTESIAN_POINT('Ctrl Pts',(92.6467367778211,9.8,136.092123138167));
#9633=CARTESIAN_POINT('Ctrl Pts',(92.4829709238347,9.8,136.07764694529));
#9634=CARTESIAN_POINT('Ctrl Pts',(93.876834185321,10.,137.501135909334));
#9635=CARTESIAN_POINT('Ctrl Pts',(93.876834185321,9.8,137.501135909334));
#9636=CARTESIAN_POINT('Ctrl Pts',(93.8512586185256,10.,137.272891766361));
#9637=CARTESIAN_POINT('Ctrl Pts',(93.8512586185256,9.8,137.272891766361));
#9638=CARTESIAN_POINT('Ctrl Pts',(93.8046723256328,10.,136.857141508285));
#9639=CARTESIAN_POINT('Ctrl Pts',(93.8046723256328,9.8,136.857141508285));
#9640=CARTESIAN_POINT('Ctrl Pts',(93.5247655484539,10.,136.549717706462));
#9641=CARTESIAN_POINT('Ctrl Pts',(93.5247655484539,9.8,136.549717706462));
#9642=CARTESIAN_POINT('Ctrl Pts',(93.3985257413577,10.,136.411067539324));
#9643=CARTESIAN_POINT('Ctrl Pts',(93.3985257413577,9.8,136.411067539324));
#9644=CARTESIAN_POINT('',(93.876834185321,10.,137.501135909334));
#9645=CARTESIAN_POINT('Ctrl Pts',(93.876834185321,10.,137.501135909334));
#9646=CARTESIAN_POINT('Ctrl Pts',(93.8512586185256,10.,137.272891766361));
#9647=CARTESIAN_POINT('Ctrl Pts',(93.8046723256328,10.,136.857141508285));
#9648=CARTESIAN_POINT('Ctrl Pts',(93.5247655484539,10.,136.549717706462));
#9649=CARTESIAN_POINT('Ctrl Pts',(93.3985257413577,10.,136.411067539324));
#9650=CARTESIAN_POINT('',(93.876834185321,9.8,137.501135909334));
#9651=CARTESIAN_POINT('',(93.876834185321,10.,137.501135909334));
#9652=CARTESIAN_POINT('Ctrl Pts',(93.876834185321,9.8,137.501135909334));
#9653=CARTESIAN_POINT('Ctrl Pts',(93.8512586185256,9.8,137.272891766361));
#9654=CARTESIAN_POINT('Ctrl Pts',(93.8046723256328,9.8,136.857141508285));
#9655=CARTESIAN_POINT('Ctrl Pts',(93.5247655484539,9.8,136.549717706462));
#9656=CARTESIAN_POINT('Ctrl Pts',(93.3985257413577,9.8,136.411067539324));
#9657=CARTESIAN_POINT('Origin',(91.0643621569225,10.,137.513679412675));
#9658=CARTESIAN_POINT('',(45.8397331760365,10.,137.715379297672));
#9659=CARTESIAN_POINT('',(91.0643621569225,9.8,137.513679412675));
#9660=CARTESIAN_POINT('Ctrl Pts',(93.5262569298698,10.,135.622993464895));
#9661=CARTESIAN_POINT('Ctrl Pts',(93.5262569298698,9.8,135.622993464895));
#9662=CARTESIAN_POINT('Ctrl Pts',(93.6916033235076,10.,135.720403144903));
#9663=CARTESIAN_POINT('Ctrl Pts',(93.6916033235076,9.8,135.720403144903));
#9664=CARTESIAN_POINT('Ctrl Pts',(94.0396278225122,10.,135.925433048109));
#9665=CARTESIAN_POINT('Ctrl Pts',(94.0396278225122,9.8,135.925433048109));
#9666=CARTESIAN_POINT('Ctrl Pts',(94.2678848471763,10.,136.259456059484));
#9667=CARTESIAN_POINT('Ctrl Pts',(94.2678848471763,9.8,136.259456059484));
#9668=CARTESIAN_POINT('Ctrl Pts',(94.387696989487,10.,136.43478478215));
#9669=CARTESIAN_POINT('Ctrl Pts',(94.387696989487,9.8,136.43478478215));
#9670=CARTESIAN_POINT('',(93.5262569298698,9.8,135.622993464895));
#9671=CARTESIAN_POINT('',(93.5262569298698,10.,135.622993464895));
#9672=CARTESIAN_POINT('',(94.387696989487,9.8,136.43478478215));
#9673=CARTESIAN_POINT('Ctrl Pts',(93.5262569298698,9.8,135.622993464895));
#9674=CARTESIAN_POINT('Ctrl Pts',(93.6916033235076,9.8,135.720403144903));
#9675=CARTESIAN_POINT('Ctrl Pts',(94.0396278225122,9.8,135.925433048109));
#9676=CARTESIAN_POINT('Ctrl Pts',(94.2678848471763,9.8,136.259456059484));
#9677=CARTESIAN_POINT('Ctrl Pts',(94.387696989487,9.8,136.43478478215));
#9678=CARTESIAN_POINT('',(94.387696989487,10.,136.43478478215));
#9679=CARTESIAN_POINT('Ctrl Pts',(92.4798977842308,10.,135.388595494457));
#9680=CARTESIAN_POINT('Ctrl Pts',(92.4798977842308,9.8,135.388595494457));
#9681=CARTESIAN_POINT('Ctrl Pts',(92.6598954328073,10.,135.397975686933));
#9682=CARTESIAN_POINT('Ctrl Pts',(92.6598954328073,9.8,135.397975686933));
#9683=CARTESIAN_POINT('Ctrl Pts',(93.0219188791522,10.,135.416841764542));
#9684=CARTESIAN_POINT('Ctrl Pts',(93.0219188791522,9.8,135.416841764542));
#9685=CARTESIAN_POINT('Ctrl Pts',(93.3575175427276,10.,135.554020061983));
#9686=CARTESIAN_POINT('Ctrl Pts',(93.3575175427276,9.8,135.554020061983));
#9687=CARTESIAN_POINT('Ctrl Pts',(93.5262569298698,10.,135.622993464895));
#9688=CARTESIAN_POINT('Ctrl Pts',(93.5262569298698,9.8,135.622993464895));
#9689=CARTESIAN_POINT('',(92.4798977842308,9.8,135.388595494457));
#9690=CARTESIAN_POINT('',(92.4798977842308,10.,135.388595494457));
#9691=CARTESIAN_POINT('Ctrl Pts',(92.4798977842308,9.8,135.388595494457));
#9692=CARTESIAN_POINT('Ctrl Pts',(92.6598954328073,9.8,135.397975686933));
#9693=CARTESIAN_POINT('Ctrl Pts',(93.0219188791522,9.8,135.416841764542));
#9694=CARTESIAN_POINT('Ctrl Pts',(93.3575175427276,9.8,135.554020061983));
#9695=CARTESIAN_POINT('Ctrl Pts',(93.5262569298698,9.8,135.622993464895));
#9696=CARTESIAN_POINT('Ctrl Pts',(90.758170142456,10.,136.12753045338));
#9697=CARTESIAN_POINT('Ctrl Pts',(90.758170142456,9.8,136.12753045338));
#9698=CARTESIAN_POINT('Ctrl Pts',(90.9900833850038,10.,135.913322777367));
#9699=CARTESIAN_POINT('Ctrl Pts',(90.9900833850038,9.8,135.913322777367));
#9700=CARTESIAN_POINT('Ctrl Pts',(91.4750385666082,10.,135.465391812835));
#9701=CARTESIAN_POINT('Ctrl Pts',(91.4750385666082,9.8,135.465391812835));
#9702=CARTESIAN_POINT('Ctrl Pts',(92.1353550783211,10.,135.414927154528));
#9703=CARTESIAN_POINT('Ctrl Pts',(92.1353550783211,9.8,135.414927154528));
#9704=CARTESIAN_POINT('Ctrl Pts',(92.4798977842308,10.,135.388595494457));
#9705=CARTESIAN_POINT('Ctrl Pts',(92.4798977842308,9.8,135.388595494457));
#9706=CARTESIAN_POINT('',(90.758170142456,9.8,136.12753045338));
#9707=CARTESIAN_POINT('',(90.758170142456,10.,136.12753045338));
#9708=CARTESIAN_POINT('Ctrl Pts',(90.758170142456,9.8,136.12753045338));
#9709=CARTESIAN_POINT('Ctrl Pts',(90.9900833850038,9.8,135.913322777367));
#9710=CARTESIAN_POINT('Ctrl Pts',(91.4750385666082,9.8,135.465391812835));
#9711=CARTESIAN_POINT('Ctrl Pts',(92.1353550783211,9.8,135.414927154528));
#9712=CARTESIAN_POINT('Ctrl Pts',(92.4798977842308,9.8,135.388595494457));
#9713=CARTESIAN_POINT('Ctrl Pts',(90.1573060587882,10.,138.038040420249));
#9714=CARTESIAN_POINT('Ctrl Pts',(90.1573060587882,9.8,138.038040420249));
#9715=CARTESIAN_POINT('Ctrl Pts',(90.1746577647791,10.,137.672360222122));
#9716=CARTESIAN_POINT('Ctrl Pts',(90.1746577647791,9.8,137.672360222122));
#9717=CARTESIAN_POINT('Ctrl Pts',(90.207466120235,10.,136.980937377036));
#9718=CARTESIAN_POINT('Ctrl Pts',(90.207466120235,9.8,136.980937377036));
#9719=CARTESIAN_POINT('Ctrl Pts',(90.5818096708398,10.,136.40083015969));
#9720=CARTESIAN_POINT('Ctrl Pts',(90.5818096708398,9.8,136.40083015969));
#9721=CARTESIAN_POINT('Ctrl Pts',(90.758170142456,10.,136.12753045338));
#9722=CARTESIAN_POINT('Ctrl Pts',(90.758170142456,9.8,136.12753045338));
#9723=CARTESIAN_POINT('',(90.1573060587882,9.8,138.038040420249));
#9724=CARTESIAN_POINT('',(90.1573060587882,10.,138.038040420249));
#9725=CARTESIAN_POINT('Ctrl Pts',(90.1573060587882,9.8,138.038040420249));
#9726=CARTESIAN_POINT('Ctrl Pts',(90.1746577647791,9.8,137.672360222122));
#9727=CARTESIAN_POINT('Ctrl Pts',(90.207466120235,9.8,136.980937377036));
#9728=CARTESIAN_POINT('Ctrl Pts',(90.5818096708398,9.8,136.40083015969));
#9729=CARTESIAN_POINT('Ctrl Pts',(90.758170142456,9.8,136.12753045338));
#9730=CARTESIAN_POINT('Ctrl Pts',(90.7938111040731,10.,139.91490763914));
#9731=CARTESIAN_POINT('Ctrl Pts',(90.7938111040731,9.8,139.91490763914));
#9732=CARTESIAN_POINT('Ctrl Pts',(90.6096608254533,10.,139.653286981522));
#9733=CARTESIAN_POINT('Ctrl Pts',(90.6096608254533,9.8,139.653286981522));
#9734=CARTESIAN_POINT('Ctrl Pts',(90.2147691506529,10.,139.092267902847));
#9735=CARTESIAN_POINT('Ctrl Pts',(90.2147691506529,9.8,139.092267902847));
#9736=CARTESIAN_POINT('Ctrl Pts',(90.1773014203176,10.,138.404878663106));
#9737=CARTESIAN_POINT('Ctrl Pts',(90.1773014203176,9.8,138.404878663106));
#9738=CARTESIAN_POINT('Ctrl Pts',(90.1573060587882,10.,138.038040420249));
#9739=CARTESIAN_POINT('Ctrl Pts',(90.1573060587882,9.8,138.038040420249));
#9740=CARTESIAN_POINT('',(90.7938111040731,9.8,139.91490763914));
#9741=CARTESIAN_POINT('',(90.7938111040731,10.,139.91490763914));
#9742=CARTESIAN_POINT('Ctrl Pts',(90.7938111040731,9.8,139.91490763914));
#9743=CARTESIAN_POINT('Ctrl Pts',(90.6096608254533,9.8,139.653286981522));
#9744=CARTESIAN_POINT('Ctrl Pts',(90.2147691506529,9.8,139.092267902847));
#9745=CARTESIAN_POINT('Ctrl Pts',(90.1773014203176,9.8,138.404878663106));
#9746=CARTESIAN_POINT('Ctrl Pts',(90.1573060587882,9.8,138.038040420249));
#9747=CARTESIAN_POINT('Ctrl Pts',(92.549985420029,10.,140.591457747249));
#9748=CARTESIAN_POINT('Ctrl Pts',(92.549985420029,9.8,140.591457747249));
#9749=CARTESIAN_POINT('Ctrl Pts',(92.2029780820747,10.,140.570919318327));
#9750=CARTESIAN_POINT('Ctrl Pts',(92.2029780820747,9.8,140.570919318327));
#9751=CARTESIAN_POINT('Ctrl Pts',(91.5433178642848,10.,140.531875808252));
#9752=CARTESIAN_POINT('Ctrl Pts',(91.5433178642848,9.8,140.531875808252));
#9753=CARTESIAN_POINT('Ctrl Pts',(91.0348193221139,10.,140.113297309412));
#9754=CARTESIAN_POINT('Ctrl Pts',(91.0348193221139,9.8,140.113297309412));
#9755=CARTESIAN_POINT('Ctrl Pts',(90.7938111040731,10.,139.91490763914));
#9756=CARTESIAN_POINT('Ctrl Pts',(90.7938111040731,9.8,139.91490763914));
#9757=CARTESIAN_POINT('',(92.549985420029,9.8,140.591457747249));
#9758=CARTESIAN_POINT('',(92.549985420029,10.,140.591457747249));
#9759=CARTESIAN_POINT('Ctrl Pts',(92.549985420029,9.8,140.591457747249));
#9760=CARTESIAN_POINT('Ctrl Pts',(92.2029780820747,9.8,140.570919318327));
#9761=CARTESIAN_POINT('Ctrl Pts',(91.5433178642848,9.8,140.531875808252));
#9762=CARTESIAN_POINT('Ctrl Pts',(91.0348193221139,9.8,140.113297309412));
#9763=CARTESIAN_POINT('Ctrl Pts',(90.7938111040731,9.8,139.91490763914));
#9764=CARTESIAN_POINT('Ctrl Pts',(93.9543608052089,10.,140.168000546638));
#9765=CARTESIAN_POINT('Ctrl Pts',(93.9543608052089,9.8,140.168000546638));
#9766=CARTESIAN_POINT('Ctrl Pts',(93.7492524339818,10.,140.290513119968));
#9767=CARTESIAN_POINT('Ctrl Pts',(93.7492524339818,9.8,140.290513119968));
#9768=CARTESIAN_POINT('Ctrl Pts',(93.3173951639649,10.,140.548464295461));
#9769=CARTESIAN_POINT('Ctrl Pts',(93.3173951639649,9.8,140.548464295461));
#9770=CARTESIAN_POINT('Ctrl Pts',(92.8141938690226,10.,140.576655702704));
#9771=CARTESIAN_POINT('Ctrl Pts',(92.8141938690226,9.8,140.576655702704));
#9772=CARTESIAN_POINT('Ctrl Pts',(92.549985420029,10.,140.591457747249));
#9773=CARTESIAN_POINT('Ctrl Pts',(92.549985420029,9.8,140.591457747249));
#9774=CARTESIAN_POINT('',(93.9543608052089,9.8,140.168000546638));
#9775=CARTESIAN_POINT('',(93.9543608052089,10.,140.168000546638));
#9776=CARTESIAN_POINT('Ctrl Pts',(93.9543608052089,9.8,140.168000546638));
#9777=CARTESIAN_POINT('Ctrl Pts',(93.7492524339818,9.8,140.290513119968));
#9778=CARTESIAN_POINT('Ctrl Pts',(93.3173951639649,9.8,140.548464295461));
#9779=CARTESIAN_POINT('Ctrl Pts',(92.8141938690226,9.8,140.576655702704));
#9780=CARTESIAN_POINT('Ctrl Pts',(92.549985420029,9.8,140.591457747249));
#9781=CARTESIAN_POINT('Ctrl Pts',(94.7224519990335,10.,138.969251458841));
#9782=CARTESIAN_POINT('Ctrl Pts',(94.7224519990335,9.8,138.969251458841));
#9783=CARTESIAN_POINT('Ctrl Pts',(94.6423923167725,10.,139.211032999892));
#9784=CARTESIAN_POINT('Ctrl Pts',(94.6423923167725,9.8,139.211032999892));
#9785=CARTESIAN_POINT('Ctrl Pts',(94.4881661381316,10.,139.676798564896));
#9786=CARTESIAN_POINT('Ctrl Pts',(94.4881661381316,9.8,139.676798564896));
#9787=CARTESIAN_POINT('Ctrl Pts',(94.1277046801305,10.,140.008491359238));
#9788=CARTESIAN_POINT('Ctrl Pts',(94.1277046801305,9.8,140.008491359238));
#9789=CARTESIAN_POINT('Ctrl Pts',(93.9543608052089,10.,140.168000546638));
#9790=CARTESIAN_POINT('Ctrl Pts',(93.9543608052089,9.8,140.168000546638));
#9791=CARTESIAN_POINT('',(94.7224519990335,9.8,138.969251458841));
#9792=CARTESIAN_POINT('',(94.7224519990335,10.,138.969251458841));
#9793=CARTESIAN_POINT('Ctrl Pts',(94.7224519990335,9.8,138.969251458841));
#9794=CARTESIAN_POINT('Ctrl Pts',(94.6423923167725,9.8,139.211032999892));
#9795=CARTESIAN_POINT('Ctrl Pts',(94.4881661381316,9.8,139.676798564896));
#9796=CARTESIAN_POINT('Ctrl Pts',(94.1277046801305,9.8,140.008491359238));
#9797=CARTESIAN_POINT('Ctrl Pts',(93.9543608052089,9.8,140.168000546638));
#9798=CARTESIAN_POINT('Origin',(93.854784658296,10.,138.865307263843));
#9799=CARTESIAN_POINT('',(93.854784658296,9.8,138.865307263843));
#9800=CARTESIAN_POINT('',(93.854784658296,10.,138.865307263843));
#9801=CARTESIAN_POINT('',(93.854784658296,9.8,138.865307263843));
#9802=CARTESIAN_POINT('Ctrl Pts',(93.356682721945,10.,139.640975876523));
#9803=CARTESIAN_POINT('Ctrl Pts',(93.356682721945,9.8,139.640975876523));
#9804=CARTESIAN_POINT('Ctrl Pts',(93.4608624578255,10.,139.538493388627));
#9805=CARTESIAN_POINT('Ctrl Pts',(93.4608624578255,9.8,139.538493388627));
#9806=CARTESIAN_POINT('Ctrl Pts',(93.6849422099934,10.,139.318064239951));
#9807=CARTESIAN_POINT('Ctrl Pts',(93.6849422099934,9.8,139.318064239951));
#9808=CARTESIAN_POINT('Ctrl Pts',(93.7955831755774,10.,139.023123431501));
#9809=CARTESIAN_POINT('Ctrl Pts',(93.7955831755774,9.8,139.023123431501));
#9810=CARTESIAN_POINT('Ctrl Pts',(93.854784658296,10.,138.865307263843));
#9811=CARTESIAN_POINT('Ctrl Pts',(93.854784658296,9.8,138.865307263843));
#9812=CARTESIAN_POINT('',(93.356682721945,9.8,139.640975876523));
#9813=CARTESIAN_POINT('',(93.356682721945,10.,139.640975876523));
#9814=CARTESIAN_POINT('Ctrl Pts',(93.356682721945,9.8,139.640975876523));
#9815=CARTESIAN_POINT('Ctrl Pts',(93.4608624578255,9.8,139.538493388627));
#9816=CARTESIAN_POINT('Ctrl Pts',(93.6849422099934,9.8,139.318064239951));
#9817=CARTESIAN_POINT('Ctrl Pts',(93.7955831755774,9.8,139.023123431501));
#9818=CARTESIAN_POINT('Ctrl Pts',(93.854784658296,9.8,138.865307263843));
#9819=CARTESIAN_POINT('Ctrl Pts',(92.5468913541704,10.,139.897714265445));
#9820=CARTESIAN_POINT('Ctrl Pts',(92.5468913541704,9.8,139.897714265445));
#9821=CARTESIAN_POINT('Ctrl Pts',(92.6988668193599,10.,139.888344587178));
#9822=CARTESIAN_POINT('Ctrl Pts',(92.6988668193599,9.8,139.888344587178));
#9823=CARTESIAN_POINT('Ctrl Pts',(92.9907473069592,10.,139.870349404482));
#9824=CARTESIAN_POINT('Ctrl Pts',(92.9907473069592,9.8,139.870349404482));
#9825=CARTESIAN_POINT('Ctrl Pts',(93.2381141242331,10.,139.715296361638));
#9826=CARTESIAN_POINT('Ctrl Pts',(93.2381141242331,9.8,139.715296361638));
#9827=CARTESIAN_POINT('Ctrl Pts',(93.356682721945,10.,139.640975876523));
#9828=CARTESIAN_POINT('Ctrl Pts',(93.356682721945,9.8,139.640975876523));
#9829=CARTESIAN_POINT('',(92.5468913541704,9.8,139.897714265445));
#9830=CARTESIAN_POINT('',(92.5468913541704,10.,139.897714265445));
#9831=CARTESIAN_POINT('Ctrl Pts',(92.5468913541704,9.8,139.897714265445));
#9832=CARTESIAN_POINT('Ctrl Pts',(92.6988668193599,9.8,139.888344587178));
#9833=CARTESIAN_POINT('Ctrl Pts',(92.9907473069592,9.8,139.870349404482));
#9834=CARTESIAN_POINT('Ctrl Pts',(93.2381141242331,9.8,139.715296361638));
#9835=CARTESIAN_POINT('Ctrl Pts',(93.356682721945,9.8,139.640975876523));
#9836=CARTESIAN_POINT('Ctrl Pts',(91.4949430522239,10.,139.466462738477));
#9837=CARTESIAN_POINT('Ctrl Pts',(91.4949430522239,9.8,139.466462738477));
#9838=CARTESIAN_POINT('Ctrl Pts',(91.6457385369223,10.,139.592936224511));
#9839=CARTESIAN_POINT('Ctrl Pts',(91.6457385369223,9.8,139.592936224511));
#9840=CARTESIAN_POINT('Ctrl Pts',(91.9503217040346,10.,139.848392778858));
#9841=CARTESIAN_POINT('Ctrl Pts',(91.9503217040346,9.8,139.848392778858));
#9842=CARTESIAN_POINT('Ctrl Pts',(92.3467366890391,10.,139.881166448054));
#9843=CARTESIAN_POINT('Ctrl Pts',(92.3467366890391,9.8,139.881166448054));
#9844=CARTESIAN_POINT('Ctrl Pts',(92.5468913541704,10.,139.897714265445));
#9845=CARTESIAN_POINT('Ctrl Pts',(92.5468913541704,9.8,139.897714265445));
#9846=CARTESIAN_POINT('',(91.4949430522239,9.8,139.466462738477));
#9847=CARTESIAN_POINT('',(91.4949430522239,10.,139.466462738477));
#9848=CARTESIAN_POINT('Ctrl Pts',(91.4949430522239,9.8,139.466462738477));
#9849=CARTESIAN_POINT('Ctrl Pts',(91.6457385369223,9.8,139.592936224511));
#9850=CARTESIAN_POINT('Ctrl Pts',(91.9503217040346,9.8,139.848392778858));
#9851=CARTESIAN_POINT('Ctrl Pts',(92.3467366890391,9.8,139.881166448054));
#9852=CARTESIAN_POINT('Ctrl Pts',(92.5468913541704,9.8,139.897714265445));
#9853=CARTESIAN_POINT('Ctrl Pts',(91.0205740596558,10.,138.207631986894));
#9854=CARTESIAN_POINT('Ctrl Pts',(91.0205740596558,9.8,138.207631986894));
#9855=CARTESIAN_POINT('Ctrl Pts',(91.047308294745,10.,138.458674556965));
#9856=CARTESIAN_POINT('Ctrl Pts',(91.047308294745,9.8,138.458674556965));
#9857=CARTESIAN_POINT('Ctrl Pts',(91.0965663981308,10.,138.92122307685));
#9858=CARTESIAN_POINT('Ctrl Pts',(91.0965663981308,9.8,138.92122307685));
#9859=CARTESIAN_POINT('Ctrl Pts',(91.3699397529423,10.,139.295376516676));
#9860=CARTESIAN_POINT('Ctrl Pts',(91.3699397529423,9.8,139.295376516676));
#9861=CARTESIAN_POINT('Ctrl Pts',(91.4949430522239,10.,139.466462738477));
#9862=CARTESIAN_POINT('Ctrl Pts',(91.4949430522239,9.8,139.466462738477));
#9863=CARTESIAN_POINT('',(91.0205740596558,9.8,138.207631986894));
#9864=CARTESIAN_POINT('',(91.0205740596558,10.,138.207631986894));
#9865=CARTESIAN_POINT('Ctrl Pts',(91.0205740596558,9.8,138.207631986894));
#9866=CARTESIAN_POINT('Ctrl Pts',(91.047308294745,9.8,138.458674556965));
#9867=CARTESIAN_POINT('Ctrl Pts',(91.0965663981308,9.8,138.92122307685));
#9868=CARTESIAN_POINT('Ctrl Pts',(91.3699397529423,9.8,139.295376516676));
#9869=CARTESIAN_POINT('Ctrl Pts',(91.4949430522239,9.8,139.466462738477));
#9870=CARTESIAN_POINT('Origin',(94.7470956826245,10.,138.191011861982));
#9871=CARTESIAN_POINT('',(94.7470956826245,9.8,138.191011861982));
#9872=CARTESIAN_POINT('',(94.7470956826245,10.,138.191011861982));
#9873=CARTESIAN_POINT('',(94.7470956826245,9.8,138.191011861982));
#9874=CARTESIAN_POINT('Ctrl Pts',(94.387696989487,10.,136.43478478215));
#9875=CARTESIAN_POINT('Ctrl Pts',(94.387696989487,9.8,136.43478478215));
#9876=CARTESIAN_POINT('Ctrl Pts',(94.4907531710072,10.,136.673016200655));
#9877=CARTESIAN_POINT('Ctrl Pts',(94.4907531710072,9.8,136.673016200655));
#9878=CARTESIAN_POINT('Ctrl Pts',(94.7321617611549,10.,137.23107210785));
#9879=CARTESIAN_POINT('Ctrl Pts',(94.7321617611549,9.8,137.23107210785));
#9880=CARTESIAN_POINT('Ctrl Pts',(94.7416550396616,10.,137.841291965653));
#9881=CARTESIAN_POINT('Ctrl Pts',(94.7416550396616,9.8,137.841291965653));
#9882=CARTESIAN_POINT('Ctrl Pts',(94.7470956826245,10.,138.191011861982));
#9883=CARTESIAN_POINT('Ctrl Pts',(94.7470956826245,9.8,138.191011861982));
#9884=CARTESIAN_POINT('Ctrl Pts',(94.387696989487,9.8,136.43478478215));
#9885=CARTESIAN_POINT('Ctrl Pts',(94.4907531710072,9.8,136.673016200655));
#9886=CARTESIAN_POINT('Ctrl Pts',(94.7321617611549,9.8,137.23107210785));
#9887=CARTESIAN_POINT('Ctrl Pts',(94.7416550396616,9.8,137.841291965653));
#9888=CARTESIAN_POINT('Ctrl Pts',(94.7470956826245,9.8,138.191011861982));
#9889=CARTESIAN_POINT('Origin',(71.2455857509266,9.8,137.234594008736));
#9890=CARTESIAN_POINT('Ctrl Pts',(89.0866787117315,10.,136.566236279207));
#9891=CARTESIAN_POINT('Ctrl Pts',(89.0866787117315,9.8,136.566236279207));
#9892=CARTESIAN_POINT('Ctrl Pts',(89.1035754919189,10.,136.691002819998));
#9893=CARTESIAN_POINT('Ctrl Pts',(89.1035754919189,9.8,136.691002819998));
#9894=CARTESIAN_POINT('Ctrl Pts',(89.1423091891678,10.,136.977014081562));
#9895=CARTESIAN_POINT('Ctrl Pts',(89.1423091891678,9.8,136.977014081562));
#9896=CARTESIAN_POINT('Ctrl Pts',(89.1451634201538,10.,137.265717444771));
#9897=CARTESIAN_POINT('Ctrl Pts',(89.1451634201538,9.8,137.265717444771));
#9898=CARTESIAN_POINT('Ctrl Pts',(89.1467725514721,10.,137.428479893117));
#9899=CARTESIAN_POINT('Ctrl Pts',(89.1467725514721,9.8,137.428479893117));
#9900=CARTESIAN_POINT('',(89.0866787117315,9.8,136.566236279207));
#9901=CARTESIAN_POINT('',(89.0866787117315,10.,136.566236279207));
#9902=CARTESIAN_POINT('',(89.1467725514721,9.8,137.428479893117));
#9903=CARTESIAN_POINT('Ctrl Pts',(89.0866787117315,9.8,136.566236279207));
#9904=CARTESIAN_POINT('Ctrl Pts',(89.1035754919189,9.8,136.691002819998));
#9905=CARTESIAN_POINT('Ctrl Pts',(89.1423091891678,9.8,136.977014081562));
#9906=CARTESIAN_POINT('Ctrl Pts',(89.1451634201538,9.8,137.265717444771));
#9907=CARTESIAN_POINT('Ctrl Pts',(89.1467725514721,9.8,137.428479893117));
#9908=CARTESIAN_POINT('',(89.1467725514721,10.,137.428479893117));
#9909=CARTESIAN_POINT('Ctrl Pts',(88.8074399657175,10.,135.967476276786));
#9910=CARTESIAN_POINT('Ctrl Pts',(88.8074399657175,9.8,135.967476276786));
#9911=CARTESIAN_POINT('Ctrl Pts',(88.8741921310722,10.,136.061052258903));
#9912=CARTESIAN_POINT('Ctrl Pts',(88.8741921310722,9.8,136.061052258903));
#9913=CARTESIAN_POINT('Ctrl Pts',(89.0043387546384,10.,136.243497248584));
#9914=CARTESIAN_POINT('Ctrl Pts',(89.0043387546384,9.8,136.243497248584));
#9915=CARTESIAN_POINT('Ctrl Pts',(89.0597082260798,10.,136.460522981533));
#9916=CARTESIAN_POINT('Ctrl Pts',(89.0597082260798,9.8,136.460522981533));
#9917=CARTESIAN_POINT('Ctrl Pts',(89.0866787117315,10.,136.566236279207));
#9918=CARTESIAN_POINT('Ctrl Pts',(89.0866787117315,9.8,136.566236279207));
#9919=CARTESIAN_POINT('',(88.8074399657175,9.8,135.967476276786));
#9920=CARTESIAN_POINT('',(88.8074399657175,10.,135.967476276786));
#9921=CARTESIAN_POINT('Ctrl Pts',(88.8074399657175,9.8,135.967476276786));
#9922=CARTESIAN_POINT('Ctrl Pts',(88.8741921310722,9.8,136.061052258903));
#9923=CARTESIAN_POINT('Ctrl Pts',(89.0043387546384,9.8,136.243497248584));
#9924=CARTESIAN_POINT('Ctrl Pts',(89.0597082260798,9.8,136.460522981533));
#9925=CARTESIAN_POINT('Ctrl Pts',(89.0866787117315,9.8,136.566236279207));
#9926=CARTESIAN_POINT('Ctrl Pts',(88.2055697607744,10.,135.548284257082));
#9927=CARTESIAN_POINT('Ctrl Pts',(88.2055697607744,9.8,135.548284257082));
#9928=CARTESIAN_POINT('Ctrl Pts',(88.3253918953166,10.,135.598568145284));
#9929=CARTESIAN_POINT('Ctrl Pts',(88.3253918953166,9.8,135.598568145284));
#9930=CARTESIAN_POINT('Ctrl Pts',(88.5562213765275,10.,135.695436757009));
#9931=CARTESIAN_POINT('Ctrl Pts',(88.5562213765275,9.8,135.695436757009));
#9932=CARTESIAN_POINT('Ctrl Pts',(88.7258597884358,10.,135.879134755871));
#9933=CARTESIAN_POINT('Ctrl Pts',(88.7258597884358,9.8,135.879134755871));
#9934=CARTESIAN_POINT('Ctrl Pts',(88.8074399657175,10.,135.967476276786));
#9935=CARTESIAN_POINT('Ctrl Pts',(88.8074399657175,9.8,135.967476276786));
#9936=CARTESIAN_POINT('',(88.2055697607744,9.8,135.548284257082));
#9937=CARTESIAN_POINT('',(88.2055697607744,10.,135.548284257082));
#9938=CARTESIAN_POINT('Ctrl Pts',(88.2055697607744,9.8,135.548284257082));
#9939=CARTESIAN_POINT('Ctrl Pts',(88.3253918953166,9.8,135.598568145284));
#9940=CARTESIAN_POINT('Ctrl Pts',(88.5562213765275,9.8,135.695436757009));
#9941=CARTESIAN_POINT('Ctrl Pts',(88.7258597884358,9.8,135.879134755871));
#9942=CARTESIAN_POINT('Ctrl Pts',(88.8074399657175,9.8,135.967476276786));
#9943=CARTESIAN_POINT('Ctrl Pts',(87.4268283803979,10.,135.411131964974));
#9944=CARTESIAN_POINT('Ctrl Pts',(87.4268283803979,9.8,135.411131964974));
#9945=CARTESIAN_POINT('Ctrl Pts',(87.5583291425692,10.,135.416635072204));
#9946=CARTESIAN_POINT('Ctrl Pts',(87.5583291425692,9.8,135.416635072204));
#9947=CARTESIAN_POINT('Ctrl Pts',(87.8239720820088,10.,135.427751825876));
#9948=CARTESIAN_POINT('Ctrl Pts',(87.8239720820088,9.8,135.427751825876));
#9949=CARTESIAN_POINT('Ctrl Pts',(88.0775301181493,10.,135.507841323922));
#9950=CARTESIAN_POINT('Ctrl Pts',(88.0775301181493,9.8,135.507841323922));
#9951=CARTESIAN_POINT('Ctrl Pts',(88.2055697607744,10.,135.548284257082));
#9952=CARTESIAN_POINT('Ctrl Pts',(88.2055697607744,9.8,135.548284257082));
#9953=CARTESIAN_POINT('',(87.4268283803979,9.8,135.411131964974));
#9954=CARTESIAN_POINT('',(87.4268283803979,10.,135.411131964974));
#9955=CARTESIAN_POINT('Ctrl Pts',(87.4268283803979,9.8,135.411131964974));
#9956=CARTESIAN_POINT('Ctrl Pts',(87.5583291425692,9.8,135.416635072204));
#9957=CARTESIAN_POINT('Ctrl Pts',(87.8239720820088,9.8,135.427751825876));
#9958=CARTESIAN_POINT('Ctrl Pts',(88.0775301181493,9.8,135.507841323922));
#9959=CARTESIAN_POINT('Ctrl Pts',(88.2055697607744,9.8,135.548284257082));
#9960=CARTESIAN_POINT('Ctrl Pts',(86.518371584252,10.,135.62143207018));
#9961=CARTESIAN_POINT('Ctrl Pts',(86.518371584252,9.8,135.62143207018));
#9962=CARTESIAN_POINT('Ctrl Pts',(86.657520474195,10.,135.56068222579));
#9963=CARTESIAN_POINT('Ctrl Pts',(86.657520474195,9.8,135.56068222579));
#9964=CARTESIAN_POINT('Ctrl Pts',(86.9470264928553,10.,135.434289226243));
#9965=CARTESIAN_POINT('Ctrl Pts',(86.9470264928553,9.8,135.434289226243));
#9966=CARTESIAN_POINT('Ctrl Pts',(87.2628191093459,10.,135.419047743629));
#9967=CARTESIAN_POINT('Ctrl Pts',(87.2628191093459,9.8,135.419047743629));
#9968=CARTESIAN_POINT('Ctrl Pts',(87.4268283803979,10.,135.411131964974));
#9969=CARTESIAN_POINT('Ctrl Pts',(87.4268283803979,9.8,135.411131964974));
#9970=CARTESIAN_POINT('',(86.518371584252,9.8,135.62143207018));
#9971=CARTESIAN_POINT('',(86.518371584252,10.,135.62143207018));
#9972=CARTESIAN_POINT('Ctrl Pts',(86.518371584252,9.8,135.62143207018));
#9973=CARTESIAN_POINT('Ctrl Pts',(86.657520474195,9.8,135.56068222579));
#9974=CARTESIAN_POINT('Ctrl Pts',(86.9470264928553,9.8,135.434289226243));
#9975=CARTESIAN_POINT('Ctrl Pts',(87.2628191093459,9.8,135.419047743629));
#9976=CARTESIAN_POINT('Ctrl Pts',(87.4268283803979,9.8,135.411131964974));
#9977=CARTESIAN_POINT('Ctrl Pts',(85.8648534950815,10.,136.233726839421));
#9978=CARTESIAN_POINT('Ctrl Pts',(85.8648534950815,9.8,136.233726839421));
#9979=CARTESIAN_POINT('Ctrl Pts',(85.9565191730313,10.,136.106984981205));
#9980=CARTESIAN_POINT('Ctrl Pts',(85.9565191730313,9.8,136.106984981205));
#9981=CARTESIAN_POINT('Ctrl Pts',(86.1348532323568,10.,135.860410793703));
#9982=CARTESIAN_POINT('Ctrl Pts',(86.1348532323568,9.8,135.860410793703));
#9983=CARTESIAN_POINT('Ctrl Pts',(86.3929428723554,10.,135.699589460339));
#9984=CARTESIAN_POINT('Ctrl Pts',(86.3929428723554,9.8,135.699589460339));
#9985=CARTESIAN_POINT('Ctrl Pts',(86.518371584252,10.,135.62143207018));
#9986=CARTESIAN_POINT('Ctrl Pts',(86.518371584252,9.8,135.62143207018));
#9987=CARTESIAN_POINT('',(85.8648534950815,9.8,136.233726839421));
#9988=CARTESIAN_POINT('',(85.8648534950815,10.,136.233726839421));
#9989=CARTESIAN_POINT('Ctrl Pts',(85.8648534950815,9.8,136.233726839421));
#9990=CARTESIAN_POINT('Ctrl Pts',(85.9565191730313,9.8,136.106984981205));
#9991=CARTESIAN_POINT('Ctrl Pts',(86.1348532323568,9.8,135.860410793703));
#9992=CARTESIAN_POINT('Ctrl Pts',(86.3929428723554,9.8,135.699589460339));
#9993=CARTESIAN_POINT('Ctrl Pts',(86.518371584252,9.8,135.62143207018));
#9994=CARTESIAN_POINT('Origin',(85.8461044444907,10.,136.233810459374));
#9995=CARTESIAN_POINT('',(85.8461044444907,9.8,136.233810459374));
#9996=CARTESIAN_POINT('',(85.8461044444907,10.,136.233810459374));
#9997=CARTESIAN_POINT('',(85.8461044444907,9.8,136.233810459374));
#9998=CARTESIAN_POINT('Origin',(85.8429685686556,10.,135.530692452275));
#9999=CARTESIAN_POINT('',(85.8429685686556,9.8,135.530692452275));
#10000=CARTESIAN_POINT('',(85.8429685686556,10.,135.530692452275));
#10001=CARTESIAN_POINT('',(85.8429685686556,9.8,135.530692452275));
#10002=CARTESIAN_POINT('Origin',(85.0836034097836,10.,135.534079187969));
#10003=CARTESIAN_POINT('',(85.0836034097836,9.8,135.534079187969));
#10004=CARTESIAN_POINT('',(85.0836034097836,10.,135.534079187969));
#10005=CARTESIAN_POINT('',(85.0836034097836,9.8,135.534079187969));
#10006=CARTESIAN_POINT('Origin',(85.1057845167663,10.,140.507469895115));
#10007=CARTESIAN_POINT('',(85.1057845167663,9.8,140.507469895115));
#10008=CARTESIAN_POINT('',(85.1057845167663,10.,140.507469895115));
#10009=CARTESIAN_POINT('',(85.1057845167663,9.8,140.507469895115));
#10010=CARTESIAN_POINT('Origin',(85.9495108666485,10.,140.503706912166));
#10011=CARTESIAN_POINT('',(85.9495108666485,9.8,140.503706912165));
#10012=CARTESIAN_POINT('',(85.9495108666485,10.,140.503706912165));
#10013=CARTESIAN_POINT('',(85.9495108666485,9.8,140.503706912166));
#10014=CARTESIAN_POINT('Origin',(85.9373854843396,10.,137.784984905045));
#10015=CARTESIAN_POINT('',(85.9373854843396,9.8,137.784984905045));
#10016=CARTESIAN_POINT('',(85.9373854843396,10.,137.784984905045));
#10017=CARTESIAN_POINT('',(85.9373854843396,9.8,137.784984905045));
#10018=CARTESIAN_POINT('Ctrl Pts',(86.0738108276504,10.,136.842179774084));
#10019=CARTESIAN_POINT('Ctrl Pts',(86.0738108276504,9.8,136.842179774084));
#10020=CARTESIAN_POINT('Ctrl Pts',(86.0335647950889,10.,136.975422404362));
#10021=CARTESIAN_POINT('Ctrl Pts',(86.0335647950889,9.8,136.975422404362));
#10022=CARTESIAN_POINT('Ctrl Pts',(85.9408871906732,10.,137.282250357186));
#10023=CARTESIAN_POINT('Ctrl Pts',(85.9408871906732,9.8,137.282250357186));
#10024=CARTESIAN_POINT('Ctrl Pts',(85.9386507383501,10.,137.603334348911));
#10025=CARTESIAN_POINT('Ctrl Pts',(85.9386507383501,9.8,137.603334348911));
#10026=CARTESIAN_POINT('Ctrl Pts',(85.9373854843396,10.,137.784984905045));
#10027=CARTESIAN_POINT('Ctrl Pts',(85.9373854843396,9.8,137.784984905045));
#10028=CARTESIAN_POINT('',(86.0738108276504,9.8,136.842179774084));
#10029=CARTESIAN_POINT('',(86.0738108276504,10.,136.842179774084));
#10030=CARTESIAN_POINT('Ctrl Pts',(86.0738108276504,9.8,136.842179774084));
#10031=CARTESIAN_POINT('Ctrl Pts',(86.0335647950889,9.8,136.975422404362));
#10032=CARTESIAN_POINT('Ctrl Pts',(85.9408871906732,9.8,137.282250357186));
#10033=CARTESIAN_POINT('Ctrl Pts',(85.9386507383501,9.8,137.603334348911));
#10034=CARTESIAN_POINT('Ctrl Pts',(85.9373854843396,9.8,137.784984905045));
#10035=CARTESIAN_POINT('Ctrl Pts',(86.5449485416498,10.,136.324445531072));
#10036=CARTESIAN_POINT('Ctrl Pts',(86.5449485416498,9.8,136.324445531072));
#10037=CARTESIAN_POINT('Ctrl Pts',(86.4426440779277,10.,136.391322241062));
#10038=CARTESIAN_POINT('Ctrl Pts',(86.4426440779277,9.8,136.391322241062));
#10039=CARTESIAN_POINT('Ctrl Pts',(86.2407631476424,10.,136.523292361777));
#10040=CARTESIAN_POINT('Ctrl Pts',(86.2407631476424,9.8,136.523292361777));
#10041=CARTESIAN_POINT('Ctrl Pts',(86.128957996979,10.,136.736845879209));
#10042=CARTESIAN_POINT('Ctrl Pts',(86.128957996979,9.8,136.736845879209));
#10043=CARTESIAN_POINT('Ctrl Pts',(86.0738108276504,10.,136.842179774084));
#10044=CARTESIAN_POINT('Ctrl Pts',(86.0738108276504,9.8,136.842179774084));
#10045=CARTESIAN_POINT('',(86.5449485416498,9.8,136.324445531072));
#10046=CARTESIAN_POINT('',(86.5449485416498,10.,136.324445531072));
#10047=CARTESIAN_POINT('Ctrl Pts',(86.5449485416498,9.8,136.324445531072));
#10048=CARTESIAN_POINT('Ctrl Pts',(86.4426440779277,9.8,136.391322241062));
#10049=CARTESIAN_POINT('Ctrl Pts',(86.2407631476424,9.8,136.523292361777));
#10050=CARTESIAN_POINT('Ctrl Pts',(86.128957996979,9.8,136.736845879209));
#10051=CARTESIAN_POINT('Ctrl Pts',(86.0738108276504,9.8,136.842179774084));
#10052=CARTESIAN_POINT('Ctrl Pts',(87.2566352948852,10.,136.138459791143));
#10053=CARTESIAN_POINT('Ctrl Pts',(87.2566352948852,9.8,136.138459791143));
#10054=CARTESIAN_POINT('Ctrl Pts',(87.1328906150379,10.,136.146813249134));
#10055=CARTESIAN_POINT('Ctrl Pts',(87.1328906150379,9.8,136.146813249134));
#10056=CARTESIAN_POINT('Ctrl Pts',(86.8838902217162,10.,136.163622168337));
#10057=CARTESIAN_POINT('Ctrl Pts',(86.8838902217162,9.8,136.163622168337));
#10058=CARTESIAN_POINT('Ctrl Pts',(86.6583852530139,10.,136.27062130569));
#10059=CARTESIAN_POINT('Ctrl Pts',(86.6583852530139,9.8,136.27062130569));
#10060=CARTESIAN_POINT('Ctrl Pts',(86.5449485416498,10.,136.324445531072));
#10061=CARTESIAN_POINT('Ctrl Pts',(86.5449485416498,9.8,136.324445531072));
#10062=CARTESIAN_POINT('',(87.2566352948852,9.8,136.138459791143));
#10063=CARTESIAN_POINT('',(87.2566352948852,10.,136.138459791143));
#10064=CARTESIAN_POINT('Ctrl Pts',(87.2566352948852,9.8,136.138459791143));
#10065=CARTESIAN_POINT('Ctrl Pts',(87.1328906150379,9.8,136.146813249134));
#10066=CARTESIAN_POINT('Ctrl Pts',(86.8838902217162,9.8,136.163622168337));
#10067=CARTESIAN_POINT('Ctrl Pts',(86.6583852530139,9.8,136.27062130569));
#10068=CARTESIAN_POINT('Ctrl Pts',(86.5449485416498,9.8,136.324445531072));
#10069=CARTESIAN_POINT('Ctrl Pts',(88.0172757005729,10.,136.421005613607));
#10070=CARTESIAN_POINT('Ctrl Pts',(88.0172757005729,9.8,136.421005613607));
#10071=CARTESIAN_POINT('Ctrl Pts',(87.9129414541531,10.,136.338151556377));
#10072=CARTESIAN_POINT('Ctrl Pts',(87.9129414541531,9.8,136.338151556377));
#10073=CARTESIAN_POINT('Ctrl Pts',(87.6910513242275,10.,136.161943857039));
#10074=CARTESIAN_POINT('Ctrl Pts',(87.6910513242275,9.8,136.161943857039));
#10075=CARTESIAN_POINT('Ctrl Pts',(87.4070808977726,10.,136.146592719519));
#10076=CARTESIAN_POINT('Ctrl Pts',(87.4070808977726,9.8,136.146592719519));
#10077=CARTESIAN_POINT('Ctrl Pts',(87.2566352948852,10.,136.138459791143));
#10078=CARTESIAN_POINT('Ctrl Pts',(87.2566352948852,9.8,136.138459791143));
#10079=CARTESIAN_POINT('',(88.0172757005729,9.8,136.421005613607));
#10080=CARTESIAN_POINT('',(88.0172757005729,10.,136.421005613607));
#10081=CARTESIAN_POINT('Ctrl Pts',(88.0172757005729,9.8,136.421005613607));
#10082=CARTESIAN_POINT('Ctrl Pts',(87.9129414541531,9.8,136.338151556377));
#10083=CARTESIAN_POINT('Ctrl Pts',(87.6910513242275,9.8,136.161943857039));
#10084=CARTESIAN_POINT('Ctrl Pts',(87.4070808977726,9.8,136.146592719519));
#10085=CARTESIAN_POINT('Ctrl Pts',(87.2566352948852,9.8,136.138459791143));
#10086=CARTESIAN_POINT('Ctrl Pts',(88.2985023372272,10.,137.469761988569));
#10087=CARTESIAN_POINT('Ctrl Pts',(88.2985023372272,9.8,137.469761988569));
#10088=CARTESIAN_POINT('Ctrl Pts',(88.2965962213759,10.,137.248326501688));
#10089=CARTESIAN_POINT('Ctrl Pts',(88.2965962213759,9.8,137.248326501688));
#10090=CARTESIAN_POINT('Ctrl Pts',(88.2933508751746,10.,136.871311213936));
#10091=CARTESIAN_POINT('Ctrl Pts',(88.2933508751746,9.8,136.871311213936));
#10092=CARTESIAN_POINT('Ctrl Pts',(88.0979218079207,10.,136.552547299077));
#10093=CARTESIAN_POINT('Ctrl Pts',(88.0979218079207,9.8,136.552547299077));
#10094=CARTESIAN_POINT('Ctrl Pts',(88.0172757005729,10.,136.421005613607));
#10095=CARTESIAN_POINT('Ctrl Pts',(88.0172757005729,9.8,136.421005613607));
#10096=CARTESIAN_POINT('',(88.2985023372272,9.8,137.469761988569));
#10097=CARTESIAN_POINT('',(88.2985023372272,10.,137.469761988569));
#10098=CARTESIAN_POINT('Ctrl Pts',(88.2985023372272,9.8,137.469761988569));
#10099=CARTESIAN_POINT('Ctrl Pts',(88.2965962213759,9.8,137.248326501688));
#10100=CARTESIAN_POINT('Ctrl Pts',(88.2933508751746,9.8,136.871311213936));
#10101=CARTESIAN_POINT('Ctrl Pts',(88.0979218079207,9.8,136.552547299077));
#10102=CARTESIAN_POINT('Ctrl Pts',(88.0172757005729,9.8,136.421005613607));
#10103=CARTESIAN_POINT('Origin',(88.3119866075714,10.,140.493170372762));
#10104=CARTESIAN_POINT('',(88.3119866075714,9.8,140.493170372762));
#10105=CARTESIAN_POINT('',(88.3119866075714,10.,140.493170372762));
#10106=CARTESIAN_POINT('',(88.3119866075714,9.8,140.493170372762));
#10107=CARTESIAN_POINT('Origin',(89.1604240617221,10.,140.489386378492));
#10108=CARTESIAN_POINT('',(89.1604240617221,9.8,140.489386378492));
#10109=CARTESIAN_POINT('',(89.1604240617221,10.,140.489386378492));
#10110=CARTESIAN_POINT('',(89.1604240617221,9.8,140.489386378492));
#10111=CARTESIAN_POINT('Origin',(89.1467725514721,10.,137.428479893117));
#10112=CARTESIAN_POINT('',(89.1467725514721,9.8,137.428479893117));
#10113=CARTESIAN_POINT('Origin',(71.2455857509266,9.8,137.234594008736));
#10114=CARTESIAN_POINT('Ctrl Pts',(78.9051996852423,10.,136.536647540221));
#10115=CARTESIAN_POINT('Ctrl Pts',(78.9051996852423,9.8,136.536647540221));
#10116=CARTESIAN_POINT('Ctrl Pts',(78.7908875404442,10.,136.683438393901));
#10117=CARTESIAN_POINT('Ctrl Pts',(78.7908875404442,9.8,136.683438393901));
#10118=CARTESIAN_POINT('Ctrl Pts',(78.5533375260566,10.,136.988481829707));
#10119=CARTESIAN_POINT('Ctrl Pts',(78.5533375260566,9.8,136.988481829707));
#10120=CARTESIAN_POINT('Ctrl Pts',(78.4948353512128,10.,137.371282361699));
#10121=CARTESIAN_POINT('Ctrl Pts',(78.4948353512128,9.8,137.371282361699));
#10122=CARTESIAN_POINT('Ctrl Pts',(78.4644851809016,10.,137.569874317847));
#10123=CARTESIAN_POINT('Ctrl Pts',(78.4644851809016,9.8,137.569874317847));
#10124=CARTESIAN_POINT('',(78.9051996852423,10.,136.536647540221));
#10125=CARTESIAN_POINT('',(78.4644851809016,10.,137.569874317847));
#10126=CARTESIAN_POINT('Ctrl Pts',(78.9051996852423,10.,136.536647540221));
#10127=CARTESIAN_POINT('Ctrl Pts',(78.7908875404442,10.,136.683438393901));
#10128=CARTESIAN_POINT('Ctrl Pts',(78.5533375260566,10.,136.988481829707));
#10129=CARTESIAN_POINT('Ctrl Pts',(78.4948353512128,10.,137.371282361699));
#10130=CARTESIAN_POINT('Ctrl Pts',(78.4644851809016,10.,137.569874317847));
#10131=CARTESIAN_POINT('',(78.9051996852423,9.8,136.536647540221));
#10132=CARTESIAN_POINT('',(78.9051996852423,10.,136.536647540221));
#10133=CARTESIAN_POINT('',(78.4644851809016,9.8,137.569874317847));
#10134=CARTESIAN_POINT('Ctrl Pts',(78.9051996852423,9.8,136.536647540221));
#10135=CARTESIAN_POINT('Ctrl Pts',(78.7908875404442,9.8,136.683438393901));
#10136=CARTESIAN_POINT('Ctrl Pts',(78.5533375260566,9.8,136.988481829707));
#10137=CARTESIAN_POINT('Ctrl Pts',(78.4948353512128,9.8,137.371282361699));
#10138=CARTESIAN_POINT('Ctrl Pts',(78.4644851809016,9.8,137.569874317847));
#10139=CARTESIAN_POINT('',(78.4644851809016,10.,137.569874317847));
#10140=CARTESIAN_POINT('Ctrl Pts',(79.8831034844621,10.,136.133841807929));
#10141=CARTESIAN_POINT('Ctrl Pts',(79.8831034844621,9.8,136.133841807929));
#10142=CARTESIAN_POINT('Ctrl Pts',(79.6949015392088,10.,136.149880911401));
#10143=CARTESIAN_POINT('Ctrl Pts',(79.6949015392088,9.8,136.149880911401));
#10144=CARTESIAN_POINT('Ctrl Pts',(79.3260519160876,10.,136.181315322257));
#10145=CARTESIAN_POINT('Ctrl Pts',(79.3260519160876,9.8,136.181315322257));
#10146=CARTESIAN_POINT('Ctrl Pts',(79.043555193251,10.,136.419831788931));
#10147=CARTESIAN_POINT('Ctrl Pts',(79.043555193251,9.8,136.419831788931));
#10148=CARTESIAN_POINT('Ctrl Pts',(78.9051996852423,10.,136.536647540221));
#10149=CARTESIAN_POINT('Ctrl Pts',(78.9051996852423,9.8,136.536647540221));
#10150=CARTESIAN_POINT('',(79.8831034844621,10.,136.133841807929));
#10151=CARTESIAN_POINT('Ctrl Pts',(79.8831034844621,10.,136.133841807929));
#10152=CARTESIAN_POINT('Ctrl Pts',(79.6949015392088,10.,136.149880911401));
#10153=CARTESIAN_POINT('Ctrl Pts',(79.3260519160876,10.,136.181315322257));
#10154=CARTESIAN_POINT('Ctrl Pts',(79.043555193251,10.,136.419831788931));
#10155=CARTESIAN_POINT('Ctrl Pts',(78.9051996852423,10.,136.536647540221));
#10156=CARTESIAN_POINT('',(79.8831034844621,9.8,136.133841807929));
#10157=CARTESIAN_POINT('',(79.8831034844621,10.,136.133841807929));
#10158=CARTESIAN_POINT('Ctrl Pts',(79.8831034844621,9.8,136.133841807929));
#10159=CARTESIAN_POINT('Ctrl Pts',(79.6949015392088,9.8,136.149880911401));
#10160=CARTESIAN_POINT('Ctrl Pts',(79.3260519160876,9.8,136.181315322257));
#10161=CARTESIAN_POINT('Ctrl Pts',(79.043555193251,9.8,136.419831788931));
#10162=CARTESIAN_POINT('Ctrl Pts',(78.9051996852423,9.8,136.536647540221));
#10163=CARTESIAN_POINT('Ctrl Pts',(80.7986583019851,10.,136.467262401963));
#10164=CARTESIAN_POINT('Ctrl Pts',(80.7986583019851,9.8,136.467262401963));
#10165=CARTESIAN_POINT('Ctrl Pts',(80.6576468946294,10.,136.369465900342));
#10166=CARTESIAN_POINT('Ctrl Pts',(80.6576468946294,9.8,136.369465900342));
#10167=CARTESIAN_POINT('Ctrl Pts',(80.3814171159989,10.,136.177890576754));
#10168=CARTESIAN_POINT('Ctrl Pts',(80.3814171159989,9.8,136.177890576754));
#10169=CARTESIAN_POINT('Ctrl Pts',(80.0468693384486,10.,136.148318000807));
#10170=CARTESIAN_POINT('Ctrl Pts',(80.0468693384486,9.8,136.148318000807));
#10171=CARTESIAN_POINT('Ctrl Pts',(79.8831034844621,10.,136.133841807929));
#10172=CARTESIAN_POINT('Ctrl Pts',(79.8831034844621,9.8,136.133841807929));
#10173=CARTESIAN_POINT('',(80.7986583019851,10.,136.467262401963));
#10174=CARTESIAN_POINT('Ctrl Pts',(80.7986583019851,10.,136.467262401963));
#10175=CARTESIAN_POINT('Ctrl Pts',(80.6576468946294,10.,136.369465900342));
#10176=CARTESIAN_POINT('Ctrl Pts',(80.3814171159989,10.,136.177890576754));
#10177=CARTESIAN_POINT('Ctrl Pts',(80.0468693384486,10.,136.148318000807));
#10178=CARTESIAN_POINT('Ctrl Pts',(79.8831034844621,10.,136.133841807929));
#10179=CARTESIAN_POINT('',(80.7986583019851,9.8,136.467262401963));
#10180=CARTESIAN_POINT('',(80.7986583019851,10.,136.467262401963));
#10181=CARTESIAN_POINT('Ctrl Pts',(80.7986583019851,9.8,136.467262401963));
#10182=CARTESIAN_POINT('Ctrl Pts',(80.6576468946294,9.8,136.369465900342));
#10183=CARTESIAN_POINT('Ctrl Pts',(80.3814171159989,9.8,136.177890576754));
#10184=CARTESIAN_POINT('Ctrl Pts',(80.0468693384486,9.8,136.148318000807));
#10185=CARTESIAN_POINT('Ctrl Pts',(79.8831034844621,9.8,136.133841807929));
#10186=CARTESIAN_POINT('Ctrl Pts',(81.2769572093001,10.,137.557330814507));
#10187=CARTESIAN_POINT('Ctrl Pts',(81.2769572093001,9.8,137.557330814507));
#10188=CARTESIAN_POINT('Ctrl Pts',(81.2513810746364,10.,137.329087133174));
#10189=CARTESIAN_POINT('Ctrl Pts',(81.2513810746364,9.8,137.329087133174));
#10190=CARTESIAN_POINT('Ctrl Pts',(81.2047939661708,10.,136.913339668647));
#10191=CARTESIAN_POINT('Ctrl Pts',(81.2047939661708,9.8,136.913339668647));
#10192=CARTESIAN_POINT('Ctrl Pts',(80.9248942174723,10.,136.605913047803));
#10193=CARTESIAN_POINT('Ctrl Pts',(80.9248942174723,9.8,136.605913047803));
#10194=CARTESIAN_POINT('Ctrl Pts',(80.7986583019851,10.,136.467262401963));
#10195=CARTESIAN_POINT('Ctrl Pts',(80.7986583019851,9.8,136.467262401963));
#10196=CARTESIAN_POINT('',(81.2769572093001,10.,137.557330814507));
#10197=CARTESIAN_POINT('Ctrl Pts',(81.2769572093001,10.,137.557330814507));
#10198=CARTESIAN_POINT('Ctrl Pts',(81.2513810746364,10.,137.329087133174));
#10199=CARTESIAN_POINT('Ctrl Pts',(81.2047939661708,10.,136.913339668647));
#10200=CARTESIAN_POINT('Ctrl Pts',(80.9248942174723,10.,136.605913047803));
#10201=CARTESIAN_POINT('Ctrl Pts',(80.7986583019851,10.,136.467262401963));
#10202=CARTESIAN_POINT('',(81.2769572093001,9.8,137.557330814507));
#10203=CARTESIAN_POINT('',(81.2769572093001,10.,137.557330814507));
#10204=CARTESIAN_POINT('Ctrl Pts',(81.2769572093001,9.8,137.557330814507));
#10205=CARTESIAN_POINT('Ctrl Pts',(81.2513810746364,9.8,137.329087133174));
#10206=CARTESIAN_POINT('Ctrl Pts',(81.2047939661708,9.8,136.913339668647));
#10207=CARTESIAN_POINT('Ctrl Pts',(80.9248942174723,9.8,136.605913047803));
#10208=CARTESIAN_POINT('Ctrl Pts',(80.7986583019851,9.8,136.467262401963));
#10209=CARTESIAN_POINT('Origin',(78.4644851809016,10.,137.569874317847));
#10210=CARTESIAN_POINT('',(39.5397946880261,10.,137.743476750258));
#10211=CARTESIAN_POINT('',(78.4644851809016,9.8,137.569874317847));
#10212=CARTESIAN_POINT('Ctrl Pts',(80.9263990271456,10.,135.679188285001));
#10213=CARTESIAN_POINT('Ctrl Pts',(80.9263990271456,9.8,135.679188285001));
#10214=CARTESIAN_POINT('Ctrl Pts',(81.0917454207833,10.,135.77659796501));
#10215=CARTESIAN_POINT('Ctrl Pts',(81.0917454207833,9.8,135.77659796501));
#10216=CARTESIAN_POINT('Ctrl Pts',(81.4397699197879,10.,135.981627868216));
#10217=CARTESIAN_POINT('Ctrl Pts',(81.4397699197879,9.8,135.981627868216));
#10218=CARTESIAN_POINT('Ctrl Pts',(81.6680269444521,10.,136.315650879591));
#10219=CARTESIAN_POINT('Ctrl Pts',(81.6680269444521,9.8,136.315650879591));
#10220=CARTESIAN_POINT('Ctrl Pts',(81.7878390867627,10.,136.490979602256));
#10221=CARTESIAN_POINT('Ctrl Pts',(81.7878390867627,9.8,136.490979602256));
#10222=CARTESIAN_POINT('',(80.9263990271456,9.8,135.679188285001));
#10223=CARTESIAN_POINT('',(80.9263990271456,10.,135.679188285001));
#10224=CARTESIAN_POINT('',(81.7878390867627,9.8,136.490979602256));
#10225=CARTESIAN_POINT('Ctrl Pts',(80.9263990271456,9.8,135.679188285001));
#10226=CARTESIAN_POINT('Ctrl Pts',(81.0917454207833,9.8,135.77659796501));
#10227=CARTESIAN_POINT('Ctrl Pts',(81.4397699197879,9.8,135.981627868216));
#10228=CARTESIAN_POINT('Ctrl Pts',(81.6680269444521,9.8,136.315650879591));
#10229=CARTESIAN_POINT('Ctrl Pts',(81.7878390867627,9.8,136.490979602256));
#10230=CARTESIAN_POINT('',(81.7878390867627,10.,136.490979602256));
#10231=CARTESIAN_POINT('Ctrl Pts',(79.8800303448583,10.,135.444790357097));
#10232=CARTESIAN_POINT('Ctrl Pts',(79.8800303448583,9.8,135.444790357097));
#10233=CARTESIAN_POINT('Ctrl Pts',(80.0600278910301,10.,135.454170874991));
#10234=CARTESIAN_POINT('Ctrl Pts',(80.0600278910301,9.8,135.454170874991));
#10235=CARTESIAN_POINT('Ctrl Pts',(80.4220541510672,10.,135.473037764473));
#10236=CARTESIAN_POINT('Ctrl Pts',(80.4220541510672,9.8,135.473037764473));
#10237=CARTESIAN_POINT('Ctrl Pts',(80.7576564302742,10.,135.610214898277));
#10238=CARTESIAN_POINT('Ctrl Pts',(80.7576564302742,9.8,135.610214898277));
#10239=CARTESIAN_POINT('Ctrl Pts',(80.9263990271456,10.,135.679188285001));
#10240=CARTESIAN_POINT('Ctrl Pts',(80.9263990271456,9.8,135.679188285001));
#10241=CARTESIAN_POINT('',(79.8800303448583,9.8,135.444790357097));
#10242=CARTESIAN_POINT('',(79.8800303448583,10.,135.444790357097));
#10243=CARTESIAN_POINT('Ctrl Pts',(79.8800303448583,9.8,135.444790357097));
#10244=CARTESIAN_POINT('Ctrl Pts',(80.0600278910301,9.8,135.454170874991));
#10245=CARTESIAN_POINT('Ctrl Pts',(80.4220541510672,9.8,135.473037764473));
#10246=CARTESIAN_POINT('Ctrl Pts',(80.7576564302742,9.8,135.610214898277));
#10247=CARTESIAN_POINT('Ctrl Pts',(80.9263990271456,9.8,135.679188285001));
#10248=CARTESIAN_POINT('Ctrl Pts',(78.1583027030835,10.,136.183725316019));
#10249=CARTESIAN_POINT('Ctrl Pts',(78.1583027030835,9.8,136.183725316019));
#10250=CARTESIAN_POINT('Ctrl Pts',(78.3902127056772,10.,135.969517698395));
#10251=CARTESIAN_POINT('Ctrl Pts',(78.3902127056772,9.8,135.969517698395));
#10252=CARTESIAN_POINT('Ctrl Pts',(78.8751655830053,10.,135.521582726421));
#10253=CARTESIAN_POINT('Ctrl Pts',(78.8751655830053,9.8,135.521582726421));
#10254=CARTESIAN_POINT('Ctrl Pts',(79.5354838249793,10.,135.471120809321));
#10255=CARTESIAN_POINT('Ctrl Pts',(79.5354838249793,9.8,135.471120809321));
#10256=CARTESIAN_POINT('Ctrl Pts',(79.8800303448583,10.,135.444790357097));
#10257=CARTESIAN_POINT('Ctrl Pts',(79.8800303448583,9.8,135.444790357097));
#10258=CARTESIAN_POINT('',(78.1583027030835,9.8,136.183725316019));
#10259=CARTESIAN_POINT('',(78.1583027030835,10.,136.183725316019));
#10260=CARTESIAN_POINT('Ctrl Pts',(78.1583027030835,9.8,136.183725316019));
#10261=CARTESIAN_POINT('Ctrl Pts',(78.3902127056772,9.8,135.969517698395));
#10262=CARTESIAN_POINT('Ctrl Pts',(78.8751655830053,9.8,135.521582726421));
#10263=CARTESIAN_POINT('Ctrl Pts',(79.5354838249793,9.8,135.471120809321));
#10264=CARTESIAN_POINT('Ctrl Pts',(79.8800303448583,9.8,135.444790357097));
#10265=CARTESIAN_POINT('Ctrl Pts',(77.557448156064,10.,138.094235240356));
#10266=CARTESIAN_POINT('Ctrl Pts',(77.557448156064,9.8,138.094235240356));
#10267=CARTESIAN_POINT('Ctrl Pts',(77.574800521809,10.,137.728555411294));
#10268=CARTESIAN_POINT('Ctrl Pts',(77.574800521809,9.8,137.728555411294));
#10269=CARTESIAN_POINT('Ctrl Pts',(77.6076100513935,10.,137.037134809266));
#10270=CARTESIAN_POINT('Ctrl Pts',(77.6076100513935,9.8,137.037134809266));
#10271=CARTESIAN_POINT('Ctrl Pts',(77.9819461735906,10.,136.457025379137));
#10272=CARTESIAN_POINT('Ctrl Pts',(77.9819461735906,9.8,136.457025379137));
#10273=CARTESIAN_POINT('Ctrl Pts',(78.1583027030835,10.,136.183725316019));
#10274=CARTESIAN_POINT('Ctrl Pts',(78.1583027030835,9.8,136.183725316019));
#10275=CARTESIAN_POINT('',(77.557448156064,9.8,138.094235240356));
#10276=CARTESIAN_POINT('',(77.557448156064,10.,138.094235240356));
#10277=CARTESIAN_POINT('Ctrl Pts',(77.557448156064,9.8,138.094235240356));
#10278=CARTESIAN_POINT('Ctrl Pts',(77.574800521809,9.8,137.728555411294));
#10279=CARTESIAN_POINT('Ctrl Pts',(77.6076100513935,9.8,137.037134809266));
#10280=CARTESIAN_POINT('Ctrl Pts',(77.9819461735906,9.8,136.457025379137));
#10281=CARTESIAN_POINT('Ctrl Pts',(78.1583027030835,9.8,136.183725316019));
#10282=CARTESIAN_POINT('Ctrl Pts',(78.1939532013489,10.,139.971102459246));
#10283=CARTESIAN_POINT('Ctrl Pts',(78.1939532013489,9.8,139.971102459246));
#10284=CARTESIAN_POINT('Ctrl Pts',(78.0098029227291,10.,139.709481801628));
#10285=CARTESIAN_POINT('Ctrl Pts',(78.0098029227291,9.8,139.709481801628));
#10286=CARTESIAN_POINT('Ctrl Pts',(77.6149112479287,10.,139.148462722954));
#10287=CARTESIAN_POINT('Ctrl Pts',(77.6149112479287,9.8,139.148462722954));
#10288=CARTESIAN_POINT('Ctrl Pts',(77.5774435175934,10.,138.461073483213));
#10289=CARTESIAN_POINT('Ctrl Pts',(77.5774435175934,9.8,138.461073483213));
#10290=CARTESIAN_POINT('Ctrl Pts',(77.557448156064,10.,138.094235240356));
#10291=CARTESIAN_POINT('Ctrl Pts',(77.557448156064,9.8,138.094235240356));
#10292=CARTESIAN_POINT('',(78.1939532013489,9.8,139.971102459246));
#10293=CARTESIAN_POINT('',(78.1939532013489,10.,139.971102459246));
#10294=CARTESIAN_POINT('Ctrl Pts',(78.1939532013489,9.8,139.971102459246));
#10295=CARTESIAN_POINT('Ctrl Pts',(78.0098029227291,9.8,139.709481801628));
#10296=CARTESIAN_POINT('Ctrl Pts',(77.6149112479287,9.8,139.148462722954));
#10297=CARTESIAN_POINT('Ctrl Pts',(77.5774435175934,9.8,138.461073483213));
#10298=CARTESIAN_POINT('Ctrl Pts',(77.557448156064,9.8,138.094235240356));
#10299=CARTESIAN_POINT('Ctrl Pts',(79.9501084440082,10.,140.647652652422));
#10300=CARTESIAN_POINT('Ctrl Pts',(79.9501084440082,9.8,140.647652652422));
#10301=CARTESIAN_POINT('Ctrl Pts',(79.6031004087127,10.,140.62711537591));
#10302=CARTESIAN_POINT('Ctrl Pts',(79.6031004087127,9.8,140.62711537591));
#10303=CARTESIAN_POINT('Ctrl Pts',(78.9434442679092,10.,140.588074376311));
#10304=CARTESIAN_POINT('Ctrl Pts',(78.9434442679092,9.8,140.588074376311));
#10305=CARTESIAN_POINT('Ctrl Pts',(78.4349548867208,10.,140.169492111203));
#10306=CARTESIAN_POINT('Ctrl Pts',(78.4349548867208,9.8,140.169492111203));
#10307=CARTESIAN_POINT('Ctrl Pts',(78.1939532013489,10.,139.971102459246));
#10308=CARTESIAN_POINT('Ctrl Pts',(78.1939532013489,9.8,139.971102459246));
#10309=CARTESIAN_POINT('',(79.9501084440082,9.8,140.647652652422));
#10310=CARTESIAN_POINT('',(79.9501084440082,10.,140.647652652422));
#10311=CARTESIAN_POINT('Ctrl Pts',(79.9501084440082,9.8,140.647652652422));
#10312=CARTESIAN_POINT('Ctrl Pts',(79.6031004087127,9.8,140.62711537591));
#10313=CARTESIAN_POINT('Ctrl Pts',(78.9434442679092,9.8,140.588074376311));
#10314=CARTESIAN_POINT('Ctrl Pts',(78.4349548867208,9.8,140.169492111203));
#10315=CARTESIAN_POINT('Ctrl Pts',(78.1939532013489,9.8,139.971102459246));
#10316=CARTESIAN_POINT('Ctrl Pts',(81.354483829188,10.,140.22419545181));
#10317=CARTESIAN_POINT('Ctrl Pts',(81.354483829188,9.8,140.22419545181));
#10318=CARTESIAN_POINT('Ctrl Pts',(81.1493754579609,10.,140.346708025141));
#10319=CARTESIAN_POINT('Ctrl Pts',(81.1493754579609,9.8,140.346708025141));
#10320=CARTESIAN_POINT('Ctrl Pts',(80.7175181879441,10.,140.604659200633));
#10321=CARTESIAN_POINT('Ctrl Pts',(80.7175181879441,9.8,140.604659200633));
#10322=CARTESIAN_POINT('Ctrl Pts',(80.2143168930017,10.,140.632850607877));
#10323=CARTESIAN_POINT('Ctrl Pts',(80.2143168930017,9.8,140.632850607877));
#10324=CARTESIAN_POINT('Ctrl Pts',(79.9501084440082,10.,140.647652652422));
#10325=CARTESIAN_POINT('Ctrl Pts',(79.9501084440082,9.8,140.647652652422));
#10326=CARTESIAN_POINT('',(81.354483829188,9.8,140.22419545181));
#10327=CARTESIAN_POINT('',(81.354483829188,10.,140.22419545181));
#10328=CARTESIAN_POINT('Ctrl Pts',(81.354483829188,9.8,140.22419545181));
#10329=CARTESIAN_POINT('Ctrl Pts',(81.1493754579609,9.8,140.346708025141));
#10330=CARTESIAN_POINT('Ctrl Pts',(80.7175181879441,9.8,140.604659200633));
#10331=CARTESIAN_POINT('Ctrl Pts',(80.2143168930017,9.8,140.632850607877));
#10332=CARTESIAN_POINT('Ctrl Pts',(79.9501084440082,9.8,140.647652652422));
#10333=CARTESIAN_POINT('Ctrl Pts',(82.1225750230126,10.,139.025446364013));
#10334=CARTESIAN_POINT('Ctrl Pts',(82.1225750230126,9.8,139.025446364013));
#10335=CARTESIAN_POINT('Ctrl Pts',(82.0425153407517,10.,139.267227905065));
#10336=CARTESIAN_POINT('Ctrl Pts',(82.0425153407517,9.8,139.267227905065));
#10337=CARTESIAN_POINT('Ctrl Pts',(81.8882891621107,10.,139.732993470069));
#10338=CARTESIAN_POINT('Ctrl Pts',(81.8882891621107,9.8,139.732993470069));
#10339=CARTESIAN_POINT('Ctrl Pts',(81.5278277041096,10.,140.06468626441));
#10340=CARTESIAN_POINT('Ctrl Pts',(81.5278277041096,9.8,140.06468626441));
#10341=CARTESIAN_POINT('Ctrl Pts',(81.354483829188,10.,140.22419545181));
#10342=CARTESIAN_POINT('Ctrl Pts',(81.354483829188,9.8,140.22419545181));
#10343=CARTESIAN_POINT('',(82.1225750230127,9.8,139.025446364013));
#10344=CARTESIAN_POINT('',(82.1225750230127,10.,139.025446364013));
#10345=CARTESIAN_POINT('Ctrl Pts',(82.1225750230126,9.8,139.025446364013));
#10346=CARTESIAN_POINT('Ctrl Pts',(82.0425153407517,9.8,139.267227905065));
#10347=CARTESIAN_POINT('Ctrl Pts',(81.8882891621107,9.8,139.732993470069));
#10348=CARTESIAN_POINT('Ctrl Pts',(81.5278277041096,9.8,140.06468626441));
#10349=CARTESIAN_POINT('Ctrl Pts',(81.354483829188,9.8,140.22419545181));
#10350=CARTESIAN_POINT('Origin',(81.2549267555717,10.,138.921502083949));
#10351=CARTESIAN_POINT('',(81.2549267555717,9.8,138.921502083949));
#10352=CARTESIAN_POINT('',(81.2549267555717,10.,138.921502083949));
#10353=CARTESIAN_POINT('',(81.2549267555717,9.8,138.921502083949));
#10354=CARTESIAN_POINT('Ctrl Pts',(80.7568152825725,10.,139.697170739163));
#10355=CARTESIAN_POINT('Ctrl Pts',(80.7568152825725,9.8,139.697170739163));
#10356=CARTESIAN_POINT('Ctrl Pts',(80.8609987925591,10.,139.594688723878));
#10357=CARTESIAN_POINT('Ctrl Pts',(80.8609987925591,9.8,139.594688723878));
#10358=CARTESIAN_POINT('Ctrl Pts',(81.0850848984686,10.,139.3742623269));
#10359=CARTESIAN_POINT('Ctrl Pts',(81.0850848984686,9.8,139.3742623269));
#10360=CARTESIAN_POINT('Ctrl Pts',(81.1957257427055,10.,139.079318687144));
#10361=CARTESIAN_POINT('Ctrl Pts',(81.1957257427055,9.8,139.079318687144));
#10362=CARTESIAN_POINT('Ctrl Pts',(81.2549267555717,10.,138.921502083949));
#10363=CARTESIAN_POINT('Ctrl Pts',(81.2549267555717,9.8,138.921502083949));
#10364=CARTESIAN_POINT('',(80.7568152825725,9.8,139.697170739163));
#10365=CARTESIAN_POINT('',(80.7568152825725,10.,139.697170739163));
#10366=CARTESIAN_POINT('Ctrl Pts',(80.7568152825725,9.8,139.697170739163));
#10367=CARTESIAN_POINT('Ctrl Pts',(80.8609987925591,9.8,139.594688723878));
#10368=CARTESIAN_POINT('Ctrl Pts',(81.0850848984686,9.8,139.3742623269));
#10369=CARTESIAN_POINT('Ctrl Pts',(81.1957257427055,9.8,139.079318687144));
#10370=CARTESIAN_POINT('Ctrl Pts',(81.2549267555717,9.8,138.921502083949));
#10371=CARTESIAN_POINT('Ctrl Pts',(79.9470143781496,10.,139.953909170618));
#10372=CARTESIAN_POINT('Ctrl Pts',(79.9470143781496,9.8,139.953909170618));
#10373=CARTESIAN_POINT('Ctrl Pts',(80.0989860600456,10.,139.944538029741));
#10374=CARTESIAN_POINT('Ctrl Pts',(80.0989860600456,9.8,139.944538029741));
#10375=CARTESIAN_POINT('Ctrl Pts',(80.3908679639957,10.,139.926539502601));
#10376=CARTESIAN_POINT('Ctrl Pts',(80.3908679639957,9.8,139.926539502601));
#10377=CARTESIAN_POINT('Ctrl Pts',(80.6382402379648,10.,139.771491303833));
#10378=CARTESIAN_POINT('Ctrl Pts',(80.6382402379648,9.8,139.771491303833));
#10379=CARTESIAN_POINT('Ctrl Pts',(80.7568152825725,10.,139.697170739163));
#10380=CARTESIAN_POINT('Ctrl Pts',(80.7568152825725,9.8,139.697170739163));
#10381=CARTESIAN_POINT('',(79.9470143781496,9.8,139.953909170618));
#10382=CARTESIAN_POINT('',(79.9470143781496,10.,139.953909170618));
#10383=CARTESIAN_POINT('Ctrl Pts',(79.9470143781496,9.8,139.953909170618));
#10384=CARTESIAN_POINT('Ctrl Pts',(80.0989860600456,9.8,139.944538029741));
#10385=CARTESIAN_POINT('Ctrl Pts',(80.3908679639957,9.8,139.926539502601));
#10386=CARTESIAN_POINT('Ctrl Pts',(80.6382402379648,9.8,139.771491303833));
#10387=CARTESIAN_POINT('Ctrl Pts',(80.7568152825725,9.8,139.697170739163));
#10388=CARTESIAN_POINT('Ctrl Pts',(78.8950851494996,10.,139.522657558583));
#10389=CARTESIAN_POINT('Ctrl Pts',(78.8950851494996,9.8,139.522657558583));
#10390=CARTESIAN_POINT('Ctrl Pts',(79.0458740795098,10.,139.649131064257));
#10391=CARTESIAN_POINT('Ctrl Pts',(79.0458740795098,9.8,139.649131064257));
#10392=CARTESIAN_POINT('Ctrl Pts',(79.3504482020747,10.,139.904591176719));
#10393=CARTESIAN_POINT('Ctrl Pts',(79.3504482020747,9.8,139.904591176719));
#10394=CARTESIAN_POINT('Ctrl Pts',(79.7468590824393,10.,139.937362376568));
#10395=CARTESIAN_POINT('Ctrl Pts',(79.7468590824393,9.8,139.937362376568));
#10396=CARTESIAN_POINT('Ctrl Pts',(79.9470143781496,10.,139.953909170618));
#10397=CARTESIAN_POINT('Ctrl Pts',(79.9470143781496,9.8,139.953909170618));
#10398=CARTESIAN_POINT('',(78.8950851494996,9.8,139.522657558583));
#10399=CARTESIAN_POINT('',(78.8950851494996,10.,139.522657558583));
#10400=CARTESIAN_POINT('Ctrl Pts',(78.8950851494996,9.8,139.522657558583));
#10401=CARTESIAN_POINT('Ctrl Pts',(79.0458740795098,9.8,139.649131064257));
#10402=CARTESIAN_POINT('Ctrl Pts',(79.3504482020747,9.8,139.904591176719));
#10403=CARTESIAN_POINT('Ctrl Pts',(79.7468590824393,9.8,139.937362376568));
#10404=CARTESIAN_POINT('Ctrl Pts',(79.9470143781496,9.8,139.953909170618));
#10405=CARTESIAN_POINT('Ctrl Pts',(78.4207161569316,10.,138.263826807001));
#10406=CARTESIAN_POINT('Ctrl Pts',(78.4207161569316,9.8,138.263826807001));
#10407=CARTESIAN_POINT('Ctrl Pts',(78.4474503920208,10.,138.514869377071));
#10408=CARTESIAN_POINT('Ctrl Pts',(78.4474503920208,9.8,138.514869377071));
#10409=CARTESIAN_POINT('Ctrl Pts',(78.4967084954066,10.,138.977417896957));
#10410=CARTESIAN_POINT('Ctrl Pts',(78.4967084954066,9.8,138.977417896957));
#10411=CARTESIAN_POINT('Ctrl Pts',(78.770081850218,10.,139.351571336782));
#10412=CARTESIAN_POINT('Ctrl Pts',(78.770081850218,9.8,139.351571336782));
#10413=CARTESIAN_POINT('Ctrl Pts',(78.8950851494996,10.,139.522657558583));
#10414=CARTESIAN_POINT('Ctrl Pts',(78.8950851494996,9.8,139.522657558583));
#10415=CARTESIAN_POINT('',(78.4207161569316,9.8,138.263826807001));
#10416=CARTESIAN_POINT('',(78.4207161569316,10.,138.263826807001));
#10417=CARTESIAN_POINT('Ctrl Pts',(78.4207161569316,9.8,138.263826807001));
#10418=CARTESIAN_POINT('Ctrl Pts',(78.4474503920208,9.8,138.514869377071));
#10419=CARTESIAN_POINT('Ctrl Pts',(78.4967084954066,9.8,138.977417896957));
#10420=CARTESIAN_POINT('Ctrl Pts',(78.770081850218,9.8,139.351571336782));
#10421=CARTESIAN_POINT('Ctrl Pts',(78.8950851494996,9.8,139.522657558583));
#10422=CARTESIAN_POINT('Origin',(82.1472377799003,10.,138.247206682088));
#10423=CARTESIAN_POINT('',(82.1472377799003,9.8,138.247206682088));
#10424=CARTESIAN_POINT('',(82.1472377799003,10.,138.247206682088));
#10425=CARTESIAN_POINT('',(82.1472377799003,9.8,138.247206682088));
#10426=CARTESIAN_POINT('Ctrl Pts',(81.7878390867627,10.,136.490979602256));
#10427=CARTESIAN_POINT('Ctrl Pts',(81.7878390867627,9.8,136.490979602256));
#10428=CARTESIAN_POINT('Ctrl Pts',(81.890895268283,10.,136.729211020762));
#10429=CARTESIAN_POINT('Ctrl Pts',(81.890895268283,9.8,136.729211020762));
#10430=CARTESIAN_POINT('Ctrl Pts',(82.1323038584306,10.,137.287266927956));
#10431=CARTESIAN_POINT('Ctrl Pts',(82.1323038584306,9.8,137.287266927956));
#10432=CARTESIAN_POINT('Ctrl Pts',(82.1417971369373,10.,137.897486785759));
#10433=CARTESIAN_POINT('Ctrl Pts',(82.1417971369373,9.8,137.897486785759));
#10434=CARTESIAN_POINT('Ctrl Pts',(82.1472377799003,10.,138.247206682088));
#10435=CARTESIAN_POINT('Ctrl Pts',(82.1472377799003,9.8,138.247206682088));
#10436=CARTESIAN_POINT('Ctrl Pts',(81.7878390867627,9.8,136.490979602256));
#10437=CARTESIAN_POINT('Ctrl Pts',(81.890895268283,9.8,136.729211020762));
#10438=CARTESIAN_POINT('Ctrl Pts',(82.1323038584306,9.8,137.287266927956));
#10439=CARTESIAN_POINT('Ctrl Pts',(82.1417971369373,9.8,137.897486785759));
#10440=CARTESIAN_POINT('Ctrl Pts',(82.1472377799003,9.8,138.247206682088));
#10441=CARTESIAN_POINT('Origin',(71.2455857509266,9.8,137.234594008736));
#10442=CARTESIAN_POINT('Ctrl Pts',(97.2196205660171,10.,139.731561294906));
#10443=CARTESIAN_POINT('Ctrl Pts',(97.2196205660171,9.8,139.731561294906));
#10444=CARTESIAN_POINT('Ctrl Pts',(97.2814788209685,10.,139.729617904821));
#10445=CARTESIAN_POINT('Ctrl Pts',(97.2814788209685,9.8,139.729617904821));
#10446=CARTESIAN_POINT('Ctrl Pts',(97.4073665993776,10.,139.725662910285));
#10447=CARTESIAN_POINT('Ctrl Pts',(97.4073665993776,9.8,139.725662910285));
#10448=CARTESIAN_POINT('Ctrl Pts',(97.5313781711589,10.,139.703608240247));
#10449=CARTESIAN_POINT('Ctrl Pts',(97.5313781711589,9.8,139.703608240247));
#10450=CARTESIAN_POINT('Ctrl Pts',(97.5944534112236,10.,139.692390709599));
#10451=CARTESIAN_POINT('Ctrl Pts',(97.5944534112236,9.8,139.692390709599));
#10452=CARTESIAN_POINT('',(97.2196205660171,9.8,139.731561294906));
#10453=CARTESIAN_POINT('',(97.2196205660171,10.,139.731561294906));
#10454=CARTESIAN_POINT('',(97.5944534112236,9.8,139.692390709599));
#10455=CARTESIAN_POINT('Ctrl Pts',(97.2196205660171,9.8,139.731561294906));
#10456=CARTESIAN_POINT('Ctrl Pts',(97.2814788209685,9.8,139.729617904821));
#10457=CARTESIAN_POINT('Ctrl Pts',(97.4073665993776,9.8,139.725662910285));
#10458=CARTESIAN_POINT('Ctrl Pts',(97.5313781711589,9.8,139.703608240247));
#10459=CARTESIAN_POINT('Ctrl Pts',(97.5944534112236,9.8,139.692390709599));
#10460=CARTESIAN_POINT('',(97.5944534112236,10.,139.692390709599));
#10461=CARTESIAN_POINT('Ctrl Pts',(96.8251815444354,10.,139.578632963286));
#10462=CARTESIAN_POINT('Ctrl Pts',(96.8251815444354,9.8,139.578632963286));
#10463=CARTESIAN_POINT('Ctrl Pts',(96.8687203449844,10.,139.623211262453));
#10464=CARTESIAN_POINT('Ctrl Pts',(96.8687203449844,9.8,139.623211262453));
#10465=CARTESIAN_POINT('Ctrl Pts',(96.9745825197984,10.,139.731600920409));
#10466=CARTESIAN_POINT('Ctrl Pts',(96.9745825197984,9.8,139.731600920409));
#10467=CARTESIAN_POINT('Ctrl Pts',(97.128818484939,10.,139.731575978659));
#10468=CARTESIAN_POINT('Ctrl Pts',(97.128818484939,9.8,139.731575978659));
#10469=CARTESIAN_POINT('Ctrl Pts',(97.2196205660171,10.,139.731561294906));
#10470=CARTESIAN_POINT('Ctrl Pts',(97.2196205660171,9.8,139.731561294906));
#10471=CARTESIAN_POINT('',(96.8251815444354,9.8,139.578632963286));
#10472=CARTESIAN_POINT('',(96.8251815444354,10.,139.578632963286));
#10473=CARTESIAN_POINT('Ctrl Pts',(96.8251815444354,9.8,139.578632963286));
#10474=CARTESIAN_POINT('Ctrl Pts',(96.8687203449844,9.8,139.623211262453));
#10475=CARTESIAN_POINT('Ctrl Pts',(96.9745825197984,9.8,139.731600920409));
#10476=CARTESIAN_POINT('Ctrl Pts',(97.128818484939,9.8,139.731575978659));
#10477=CARTESIAN_POINT('Ctrl Pts',(97.2196205660171,9.8,139.731561294906));
#10478=CARTESIAN_POINT('Ctrl Pts',(96.7478020670804,10.,139.04459565964));
#10479=CARTESIAN_POINT('Ctrl Pts',(96.7478020670804,9.8,139.04459565964));
#10480=CARTESIAN_POINT('Ctrl Pts',(96.7482783953231,10.,139.152622675119));
#10481=CARTESIAN_POINT('Ctrl Pts',(96.7482783953231,9.8,139.152622675119));
#10482=CARTESIAN_POINT('Ctrl Pts',(96.7490813839951,10.,139.334733375091));
#10483=CARTESIAN_POINT('Ctrl Pts',(96.7490813839951,9.8,139.334733375091));
#10484=CARTESIAN_POINT('Ctrl Pts',(96.8031756746048,10.,139.50810456284));
#10485=CARTESIAN_POINT('Ctrl Pts',(96.8031756746048,9.8,139.50810456284));
#10486=CARTESIAN_POINT('Ctrl Pts',(96.8251815444354,10.,139.578632963286));
#10487=CARTESIAN_POINT('Ctrl Pts',(96.8251815444354,9.8,139.578632963286));
#10488=CARTESIAN_POINT('',(96.7478020670804,9.8,139.04459565964));
#10489=CARTESIAN_POINT('',(96.7478020670804,10.,139.04459565964));
#10490=CARTESIAN_POINT('Ctrl Pts',(96.7478020670804,9.8,139.04459565964));
#10491=CARTESIAN_POINT('Ctrl Pts',(96.7482783953231,9.8,139.152622675119));
#10492=CARTESIAN_POINT('Ctrl Pts',(96.7490813839951,9.8,139.334733375091));
#10493=CARTESIAN_POINT('Ctrl Pts',(96.8031756746048,9.8,139.50810456284));
#10494=CARTESIAN_POINT('Ctrl Pts',(96.8251815444354,9.8,139.578632963286));
#10495=CARTESIAN_POINT('Origin',(96.7348195377205,10.,136.133686347315));
#10496=CARTESIAN_POINT('',(96.7348195377205,9.8,136.133686347315));
#10497=CARTESIAN_POINT('',(96.7348195377205,10.,136.133686347315));
#10498=CARTESIAN_POINT('',(96.7348195377205,9.8,136.133686347315));
#10499=CARTESIAN_POINT('Origin',(97.5785649608994,10.,136.1299232793));
#10500=CARTESIAN_POINT('',(97.5785649608994,9.8,136.1299232793));
#10501=CARTESIAN_POINT('',(97.5785649608994,10.,136.1299232793));
#10502=CARTESIAN_POINT('',(97.5785649608994,9.8,136.1299232793));
#10503=CARTESIAN_POINT('Origin',(97.5756590399349,10.,135.478365161325));
#10504=CARTESIAN_POINT('',(97.5756590399349,9.8,135.478365161325));
#10505=CARTESIAN_POINT('',(97.5756590399349,10.,135.478365161325));
#10506=CARTESIAN_POINT('',(97.5756590399349,9.8,135.478365161325));
#10507=CARTESIAN_POINT('Origin',(96.7319136167561,10.,135.48212822934));
#10508=CARTESIAN_POINT('',(96.7319136167561,9.8,135.48212822934));
#10509=CARTESIAN_POINT('',(96.7319136167561,10.,135.48212822934));
#10510=CARTESIAN_POINT('',(96.7319136167561,9.8,135.48212822934));
#10511=CARTESIAN_POINT('Origin',(96.7241157584114,10.,133.733712505211));
#10512=CARTESIAN_POINT('',(96.7241157584114,9.8,133.733712505211));
#10513=CARTESIAN_POINT('',(96.7241157584114,10.,133.733712505211));
#10514=CARTESIAN_POINT('',(96.7241157584114,9.8,133.733712505211));
#10515=CARTESIAN_POINT('Origin',(95.8826490640167,10.,134.248406275122));
#10516=CARTESIAN_POINT('',(95.8826490640167,9.8,134.248406275122));
#10517=CARTESIAN_POINT('',(95.8826490640167,10.,134.248406275122));
#10518=CARTESIAN_POINT('',(95.8826490640167,9.8,134.248406275122));
#10519=CARTESIAN_POINT('Origin',(95.8881681935772,10.,135.485891297356));
#10520=CARTESIAN_POINT('',(95.8881681935772,9.8,135.485891297356));
#10521=CARTESIAN_POINT('',(95.8881681935772,10.,135.485891297356));
#10522=CARTESIAN_POINT('',(95.8881681935772,9.8,135.485891297356));
#10523=CARTESIAN_POINT('Origin',(95.2741224817563,10.,135.488629914615));
#10524=CARTESIAN_POINT('',(95.2741224817563,9.8,135.488629914615));
#10525=CARTESIAN_POINT('',(95.2741224817563,10.,135.488629914615));
#10526=CARTESIAN_POINT('',(95.2741224817563,9.8,135.488629914615));
#10527=CARTESIAN_POINT('Origin',(95.2770284027208,10.,136.14018803259));
#10528=CARTESIAN_POINT('',(95.2770284027207,9.8,136.14018803259));
#10529=CARTESIAN_POINT('',(95.2770284027207,10.,136.14018803259));
#10530=CARTESIAN_POINT('',(95.2770284027208,9.8,136.14018803259));
#10531=CARTESIAN_POINT('Origin',(95.8910741145416,10.,136.137449415331));
#10532=CARTESIAN_POINT('',(95.8910741145416,9.8,136.137449415331));
#10533=CARTESIAN_POINT('',(95.8910741145416,10.,136.137449415331));
#10534=CARTESIAN_POINT('',(95.8910741145416,9.8,136.137449415331));
#10535=CARTESIAN_POINT('Origin',(95.9038475940191,10.,139.001486101178));
#10536=CARTESIAN_POINT('',(95.9038475940191,9.8,139.001486101178));
#10537=CARTESIAN_POINT('',(95.9038475940191,10.,139.001486101178));
#10538=CARTESIAN_POINT('',(95.9038475940191,9.8,139.001486101178));
#10539=CARTESIAN_POINT('Ctrl Pts',(95.9638350558604,10.,139.835601285812));
#10540=CARTESIAN_POINT('Ctrl Pts',(95.9638350558604,9.8,139.835601285812));
#10541=CARTESIAN_POINT('Ctrl Pts',(95.9469650332468,10.,139.716310048829));
#10542=CARTESIAN_POINT('Ctrl Pts',(95.9469650332468,9.8,139.716310048829));
#10543=CARTESIAN_POINT('Ctrl Pts',(95.9078559313385,10.,139.439761922557));
#10544=CARTESIAN_POINT('Ctrl Pts',(95.9078559313385,9.8,139.439761922557));
#10545=CARTESIAN_POINT('Ctrl Pts',(95.9053006400547,10.,139.160363684074));
#10546=CARTESIAN_POINT('Ctrl Pts',(95.9053006400547,9.8,139.160363684074));
#10547=CARTESIAN_POINT('Ctrl Pts',(95.9038475940191,10.,139.001486101178));
#10548=CARTESIAN_POINT('Ctrl Pts',(95.9038475940191,9.8,139.001486101178));
#10549=CARTESIAN_POINT('',(95.9638350558604,9.8,139.835601285812));
#10550=CARTESIAN_POINT('',(95.9638350558604,10.,139.835601285812));
#10551=CARTESIAN_POINT('Ctrl Pts',(95.9638350558604,9.8,139.835601285812));
#10552=CARTESIAN_POINT('Ctrl Pts',(95.9469650332468,9.8,139.716310048829));
#10553=CARTESIAN_POINT('Ctrl Pts',(95.9078559313385,9.8,139.439761922557));
#10554=CARTESIAN_POINT('Ctrl Pts',(95.9053006400547,9.8,139.160363684074));
#10555=CARTESIAN_POINT('Ctrl Pts',(95.9038475940191,9.8,139.001486101178));
#10556=CARTESIAN_POINT('Ctrl Pts',(96.2754199410763,10.,140.331090428008));
#10557=CARTESIAN_POINT('Ctrl Pts',(96.2754199410763,9.8,140.331090428008));
#10558=CARTESIAN_POINT('Ctrl Pts',(96.1990793205539,10.,140.262206411378));
#10559=CARTESIAN_POINT('Ctrl Pts',(96.1990793205539,9.8,140.262206411378));
#10560=CARTESIAN_POINT('Ctrl Pts',(96.0484468764889,10.,140.126287057945));
#10561=CARTESIAN_POINT('Ctrl Pts',(96.0484468764889,9.8,140.126287057945));
#10562=CARTESIAN_POINT('Ctrl Pts',(95.9917820911652,10.,139.931613940735));
#10563=CARTESIAN_POINT('Ctrl Pts',(95.9917820911652,9.8,139.931613940735));
#10564=CARTESIAN_POINT('Ctrl Pts',(95.9638350558604,10.,139.835601285812));
#10565=CARTESIAN_POINT('Ctrl Pts',(95.9638350558604,9.8,139.835601285812));
#10566=CARTESIAN_POINT('',(96.2754199410763,9.8,140.331090428008));
#10567=CARTESIAN_POINT('',(96.2754199410763,10.,140.331090428008));
#10568=CARTESIAN_POINT('Ctrl Pts',(96.2754199410763,9.8,140.331090428008));
#10569=CARTESIAN_POINT('Ctrl Pts',(96.1990793205539,9.8,140.262206411378));
#10570=CARTESIAN_POINT('Ctrl Pts',(96.0484468764889,9.8,140.126287057945));
#10571=CARTESIAN_POINT('Ctrl Pts',(95.9917820911652,9.8,139.931613940735));
#10572=CARTESIAN_POINT('Ctrl Pts',(95.9638350558604,9.8,139.835601285812));
#10573=CARTESIAN_POINT('Ctrl Pts',(97.0825053368278,10.,140.519681990169));
#10574=CARTESIAN_POINT('Ctrl Pts',(97.0825053368278,9.8,140.519681990169));
#10575=CARTESIAN_POINT('Ctrl Pts',(96.9194818537887,10.,140.518254767107));
#10576=CARTESIAN_POINT('Ctrl Pts',(96.9194818537887,9.8,140.518254767107));
#10577=CARTESIAN_POINT('Ctrl Pts',(96.6348720984658,10.,140.515763091683));
#10578=CARTESIAN_POINT('Ctrl Pts',(96.6348720984658,9.8,140.515763091683));
#10579=CARTESIAN_POINT('Ctrl Pts',(96.3830144149534,10.,140.386368321545));
#10580=CARTESIAN_POINT('Ctrl Pts',(96.3830144149534,9.8,140.386368321545));
#10581=CARTESIAN_POINT('Ctrl Pts',(96.2754199410763,10.,140.331090428008));
#10582=CARTESIAN_POINT('Ctrl Pts',(96.2754199410763,9.8,140.331090428008));
#10583=CARTESIAN_POINT('',(97.0825053368278,9.8,140.519681990169));
#10584=CARTESIAN_POINT('',(97.0825053368278,10.,140.519681990169));
#10585=CARTESIAN_POINT('Ctrl Pts',(97.0825053368278,9.8,140.519681990169));
#10586=CARTESIAN_POINT('Ctrl Pts',(96.9194818537887,9.8,140.518254767107));
#10587=CARTESIAN_POINT('Ctrl Pts',(96.6348720984658,9.8,140.515763091683));
#10588=CARTESIAN_POINT('Ctrl Pts',(96.3830144149534,9.8,140.386368321545));
#10589=CARTESIAN_POINT('Ctrl Pts',(96.2754199410763,9.8,140.331090428008));
#10590=CARTESIAN_POINT('Ctrl Pts',(97.7149846714577,10.,140.441858697203));
#10591=CARTESIAN_POINT('Ctrl Pts',(97.7149846714577,9.8,140.441858697203));
#10592=CARTESIAN_POINT('Ctrl Pts',(97.6001953492554,10.,140.46418044549));
#10593=CARTESIAN_POINT('Ctrl Pts',(97.6001953492554,9.8,140.46418044549));
#10594=CARTESIAN_POINT('Ctrl Pts',(97.3911094370729,10.,140.504838958081));
#10595=CARTESIAN_POINT('Ctrl Pts',(97.3911094370729,9.8,140.504838958081));
#10596=CARTESIAN_POINT('Ctrl Pts',(97.1784248908547,10.,140.515068516086));
#10597=CARTESIAN_POINT('Ctrl Pts',(97.1784248908547,9.8,140.515068516086));
#10598=CARTESIAN_POINT('Ctrl Pts',(97.0825053368278,10.,140.519681990169));
#10599=CARTESIAN_POINT('Ctrl Pts',(97.0825053368278,9.8,140.519681990169));
#10600=CARTESIAN_POINT('',(97.7149846714577,9.8,140.441858697203));
#10601=CARTESIAN_POINT('',(97.7149846714577,10.,140.441858697203));
#10602=CARTESIAN_POINT('Ctrl Pts',(97.7149846714577,9.8,140.441858697203));
#10603=CARTESIAN_POINT('Ctrl Pts',(97.6001953492554,9.8,140.46418044549));
#10604=CARTESIAN_POINT('Ctrl Pts',(97.3911094370729,9.8,140.504838958081));
#10605=CARTESIAN_POINT('Ctrl Pts',(97.1784248908547,9.8,140.515068516086));
#10606=CARTESIAN_POINT('Ctrl Pts',(97.0825053368278,9.8,140.519681990169));
#10607=CARTESIAN_POINT('Origin',(97.5944534112236,10.,139.692390709599));
#10608=CARTESIAN_POINT('',(97.5944534112236,9.8,139.692390709599));
#10609=CARTESIAN_POINT('Origin',(71.2455857509266,9.8,137.234594008736));
#10610=CARTESIAN_POINT('Ctrl Pts',(64.6995906039822,10.,139.164092514223));
#10611=CARTESIAN_POINT('Ctrl Pts',(64.6995906039822,9.8,139.164092514223));
#10612=CARTESIAN_POINT('Ctrl Pts',(64.7642169286727,10.,139.295303041522));
#10613=CARTESIAN_POINT('Ctrl Pts',(64.7642169286727,9.8,139.295303041522));
#10614=CARTESIAN_POINT('Ctrl Pts',(64.8876641268279,10.,139.545937315421));
#10615=CARTESIAN_POINT('Ctrl Pts',(64.8876641268279,9.8,139.545937315421));
#10616=CARTESIAN_POINT('Ctrl Pts',(65.105095233748,10.,139.720728124577));
#10617=CARTESIAN_POINT('Ctrl Pts',(65.105095233748,9.8,139.720728124577));
#10618=CARTESIAN_POINT('Ctrl Pts',(65.2086981329516,10.,139.804013514782));
#10619=CARTESIAN_POINT('Ctrl Pts',(65.2086981329516,9.8,139.804013514782));
#10620=CARTESIAN_POINT('',(64.6995906039822,10.,139.164092514223));
#10621=CARTESIAN_POINT('',(65.2086981329516,10.,139.804013514782));
#10622=CARTESIAN_POINT('Ctrl Pts',(64.6995906039822,10.,139.164092514223));
#10623=CARTESIAN_POINT('Ctrl Pts',(64.7642169286727,10.,139.295303041522));
#10624=CARTESIAN_POINT('Ctrl Pts',(64.8876641268279,10.,139.545937315421));
#10625=CARTESIAN_POINT('Ctrl Pts',(65.105095233748,10.,139.720728124577));
#10626=CARTESIAN_POINT('Ctrl Pts',(65.2086981329516,10.,139.804013514782));
#10627=CARTESIAN_POINT('',(64.6995906039822,9.8,139.164092514223));
#10628=CARTESIAN_POINT('',(64.6995906039822,10.,139.164092514223));
#10629=CARTESIAN_POINT('',(65.2086981329516,9.8,139.804013514782));
#10630=CARTESIAN_POINT('Ctrl Pts',(64.6995906039822,9.8,139.164092514223));
#10631=CARTESIAN_POINT('Ctrl Pts',(64.7642169286727,9.8,139.295303041522));
#10632=CARTESIAN_POINT('Ctrl Pts',(64.8876641268279,9.8,139.545937315421));
#10633=CARTESIAN_POINT('Ctrl Pts',(65.105095233748,9.8,139.720728124577));
#10634=CARTESIAN_POINT('Ctrl Pts',(65.2086981329516,9.8,139.804013514782));
#10635=CARTESIAN_POINT('',(65.2086981329516,10.,139.804013514782));
#10636=CARTESIAN_POINT('Ctrl Pts',(64.516782177957,10.,138.114897198307));
#10637=CARTESIAN_POINT('Ctrl Pts',(64.516782177957,9.8,138.114897198307));
#10638=CARTESIAN_POINT('Ctrl Pts',(64.5226738489355,10.,138.307233726529));
#10639=CARTESIAN_POINT('Ctrl Pts',(64.5226738489355,9.8,138.307233726529));
#10640=CARTESIAN_POINT('Ctrl Pts',(64.5336645550022,10.,138.666030790262));
#10641=CARTESIAN_POINT('Ctrl Pts',(64.5336645550022,9.8,138.666030790262));
#10642=CARTESIAN_POINT('Ctrl Pts',(64.647006616605,10.,139.006250683077));
#10643=CARTESIAN_POINT('Ctrl Pts',(64.647006616605,9.8,139.006250683077));
#10644=CARTESIAN_POINT('Ctrl Pts',(64.6995906039822,10.,139.164092514223));
#10645=CARTESIAN_POINT('Ctrl Pts',(64.6995906039822,9.8,139.164092514223));
#10646=CARTESIAN_POINT('',(64.516782177957,10.,138.114897198307));
#10647=CARTESIAN_POINT('Ctrl Pts',(64.516782177957,10.,138.114897198307));
#10648=CARTESIAN_POINT('Ctrl Pts',(64.5226738489355,10.,138.307233726529));
#10649=CARTESIAN_POINT('Ctrl Pts',(64.5336645550022,10.,138.666030790262));
#10650=CARTESIAN_POINT('Ctrl Pts',(64.647006616605,10.,139.006250683077));
#10651=CARTESIAN_POINT('Ctrl Pts',(64.6995906039822,10.,139.164092514223));
#10652=CARTESIAN_POINT('',(64.516782177957,9.8,138.114897198307));
#10653=CARTESIAN_POINT('',(64.516782177957,10.,138.114897198307));
#10654=CARTESIAN_POINT('Ctrl Pts',(64.516782177957,9.8,138.114897198307));
#10655=CARTESIAN_POINT('Ctrl Pts',(64.5226738489355,9.8,138.307233726529));
#10656=CARTESIAN_POINT('Ctrl Pts',(64.5336645550022,9.8,138.666030790262));
#10657=CARTESIAN_POINT('Ctrl Pts',(64.647006616605,9.8,139.006250683077));
#10658=CARTESIAN_POINT('Ctrl Pts',(64.6995906039822,9.8,139.164092514223));
#10659=CARTESIAN_POINT('Ctrl Pts',(64.8434249041871,10.,136.730613179382));
#10660=CARTESIAN_POINT('Ctrl Pts',(64.8434249041871,9.8,136.730613179382));
#10661=CARTESIAN_POINT('Ctrl Pts',(64.7474251091652,10.,136.930308620976));
#10662=CARTESIAN_POINT('Ctrl Pts',(64.7474251091652,9.8,136.930308620976));
#10663=CARTESIAN_POINT('Ctrl Pts',(64.5376638791474,10.,137.366646651158));
#10664=CARTESIAN_POINT('Ctrl Pts',(64.5376638791474,9.8,137.366646651158));
#10665=CARTESIAN_POINT('Ctrl Pts',(64.5241248854377,10.,137.851787174852));
#10666=CARTESIAN_POINT('Ctrl Pts',(64.5241248854377,9.8,137.851787174852));
#10667=CARTESIAN_POINT('Ctrl Pts',(64.516782177957,10.,138.114897198307));
#10668=CARTESIAN_POINT('Ctrl Pts',(64.516782177957,9.8,138.114897198307));
#10669=CARTESIAN_POINT('',(64.8434249041871,10.,136.730613179382));
#10670=CARTESIAN_POINT('Ctrl Pts',(64.8434249041871,10.,136.730613179382));
#10671=CARTESIAN_POINT('Ctrl Pts',(64.7474251091652,10.,136.930308620976));
#10672=CARTESIAN_POINT('Ctrl Pts',(64.5376638791474,10.,137.366646651158));
#10673=CARTESIAN_POINT('Ctrl Pts',(64.5241248854377,10.,137.851787174852));
#10674=CARTESIAN_POINT('Ctrl Pts',(64.516782177957,10.,138.114897198307));
#10675=CARTESIAN_POINT('',(64.8434249041871,9.8,136.730613179382));
#10676=CARTESIAN_POINT('',(64.8434249041871,10.,136.730613179382));
#10677=CARTESIAN_POINT('Ctrl Pts',(64.8434249041871,9.8,136.730613179382));
#10678=CARTESIAN_POINT('Ctrl Pts',(64.7474251091652,9.8,136.930308620976));
#10679=CARTESIAN_POINT('Ctrl Pts',(64.5376638791474,9.8,137.366646651158));
#10680=CARTESIAN_POINT('Ctrl Pts',(64.5241248854377,9.8,137.851787174852));
#10681=CARTESIAN_POINT('Ctrl Pts',(64.516782177957,9.8,138.114897198307));
#10682=CARTESIAN_POINT('Ctrl Pts',(65.8348003620886,10.,136.196496630932));
#10683=CARTESIAN_POINT('Ctrl Pts',(65.8348003620886,9.8,136.196496630932));
#10684=CARTESIAN_POINT('Ctrl Pts',(65.6301977662254,10.,136.218284400456));
#10685=CARTESIAN_POINT('Ctrl Pts',(65.6301977662254,9.8,136.218284400456));
#10686=CARTESIAN_POINT('Ctrl Pts',(65.2263526331818,10.,136.26128915631));
#10687=CARTESIAN_POINT('Ctrl Pts',(65.2263526331818,9.8,136.26128915631));
#10688=CARTESIAN_POINT('Ctrl Pts',(64.9699330323557,10.,136.57556224113));
#10689=CARTESIAN_POINT('Ctrl Pts',(64.9699330323557,9.8,136.57556224113));
#10690=CARTESIAN_POINT('Ctrl Pts',(64.8434249041871,10.,136.730613179382));
#10691=CARTESIAN_POINT('Ctrl Pts',(64.8434249041871,9.8,136.730613179382));
#10692=CARTESIAN_POINT('',(65.8348003620886,10.,136.196496630932));
#10693=CARTESIAN_POINT('Ctrl Pts',(65.8348003620886,10.,136.196496630932));
#10694=CARTESIAN_POINT('Ctrl Pts',(65.6301977662254,10.,136.218284400456));
#10695=CARTESIAN_POINT('Ctrl Pts',(65.2263526331818,10.,136.26128915631));
#10696=CARTESIAN_POINT('Ctrl Pts',(64.9699330323557,10.,136.57556224113));
#10697=CARTESIAN_POINT('Ctrl Pts',(64.8434249041871,10.,136.730613179382));
#10698=CARTESIAN_POINT('',(65.8348003620886,9.8,136.196496630932));
#10699=CARTESIAN_POINT('',(65.8348003620886,10.,136.196496630932));
#10700=CARTESIAN_POINT('Ctrl Pts',(65.8348003620886,9.8,136.196496630932));
#10701=CARTESIAN_POINT('Ctrl Pts',(65.6301977662254,9.8,136.218284400456));
#10702=CARTESIAN_POINT('Ctrl Pts',(65.2263526331818,9.8,136.26128915631));
#10703=CARTESIAN_POINT('Ctrl Pts',(64.9699330323557,9.8,136.57556224113));
#10704=CARTESIAN_POINT('Ctrl Pts',(64.8434249041871,9.8,136.730613179382));
#10705=CARTESIAN_POINT('Ctrl Pts',(66.8450089262412,10.,136.731060913168));
#10706=CARTESIAN_POINT('Ctrl Pts',(66.8450089262412,9.8,136.731060913168));
#10707=CARTESIAN_POINT('Ctrl Pts',(66.7137873137143,10.,136.574420198894));
#10708=CARTESIAN_POINT('Ctrl Pts',(66.7137873137143,9.8,136.574420198894));
#10709=CARTESIAN_POINT('Ctrl Pts',(66.4497948475167,10.,136.259289423773));
#10710=CARTESIAN_POINT('Ctrl Pts',(66.4497948475167,9.8,136.259289423773));
#10711=CARTESIAN_POINT('Ctrl Pts',(66.0405989799148,10.,136.217509290854));
#10712=CARTESIAN_POINT('Ctrl Pts',(66.0405989799148,9.8,136.217509290854));
#10713=CARTESIAN_POINT('Ctrl Pts',(65.8348003620886,10.,136.196496630932));
#10714=CARTESIAN_POINT('Ctrl Pts',(65.8348003620886,9.8,136.196496630932));
#10715=CARTESIAN_POINT('',(66.8450089262412,10.,136.731060913168));
#10716=CARTESIAN_POINT('Ctrl Pts',(66.8450089262412,10.,136.731060913168));
#10717=CARTESIAN_POINT('Ctrl Pts',(66.7137873137143,10.,136.574420198894));
#10718=CARTESIAN_POINT('Ctrl Pts',(66.4497948475167,10.,136.259289423773));
#10719=CARTESIAN_POINT('Ctrl Pts',(66.0405989799148,10.,136.217509290854));
#10720=CARTESIAN_POINT('Ctrl Pts',(65.8348003620886,10.,136.196496630932));
#10721=CARTESIAN_POINT('',(66.8450089262412,9.8,136.731060913168));
#10722=CARTESIAN_POINT('',(66.8450089262412,10.,136.731060913168));
#10723=CARTESIAN_POINT('Ctrl Pts',(66.8450089262412,9.8,136.731060913168));
#10724=CARTESIAN_POINT('Ctrl Pts',(66.7137873137143,9.8,136.574420198894));
#10725=CARTESIAN_POINT('Ctrl Pts',(66.4497948475167,9.8,136.259289423773));
#10726=CARTESIAN_POINT('Ctrl Pts',(66.0405989799148,9.8,136.217509290854));
#10727=CARTESIAN_POINT('Ctrl Pts',(65.8348003620886,9.8,136.196496630932));
#10728=CARTESIAN_POINT('Ctrl Pts',(67.2030278263553,10.,138.177914353279));
#10729=CARTESIAN_POINT('Ctrl Pts',(67.2030278263553,9.8,138.177914353279));
#10730=CARTESIAN_POINT('Ctrl Pts',(67.1932744690177,10.,137.900353370249));
#10731=CARTESIAN_POINT('Ctrl Pts',(67.1932744690177,9.8,137.900353370249));
#10732=CARTESIAN_POINT('Ctrl Pts',(67.1753948802055,10.,137.391536141973));
#10733=CARTESIAN_POINT('Ctrl Pts',(67.1753948802055,9.8,137.391536141973));
#10734=CARTESIAN_POINT('Ctrl Pts',(66.9482470747889,10.,136.937444504738));
#10735=CARTESIAN_POINT('Ctrl Pts',(66.9482470747889,9.8,136.937444504738));
#10736=CARTESIAN_POINT('Ctrl Pts',(66.8450089262412,10.,136.731060913168));
#10737=CARTESIAN_POINT('Ctrl Pts',(66.8450089262412,9.8,136.731060913168));
#10738=CARTESIAN_POINT('',(67.2030278263553,10.,138.177914353279));
#10739=CARTESIAN_POINT('Ctrl Pts',(67.2030278263553,10.,138.177914353279));
#10740=CARTESIAN_POINT('Ctrl Pts',(67.1932744690177,10.,137.900353370249));
#10741=CARTESIAN_POINT('Ctrl Pts',(67.1753948802055,10.,137.391536141973));
#10742=CARTESIAN_POINT('Ctrl Pts',(66.9482470747889,10.,136.937444504738));
#10743=CARTESIAN_POINT('Ctrl Pts',(66.8450089262412,10.,136.731060913168));
#10744=CARTESIAN_POINT('',(67.2030278263553,9.8,138.177914353279));
#10745=CARTESIAN_POINT('',(67.2030278263553,10.,138.177914353279));
#10746=CARTESIAN_POINT('Ctrl Pts',(67.2030278263553,9.8,138.177914353279));
#10747=CARTESIAN_POINT('Ctrl Pts',(67.1932744690177,9.8,137.900353370249));
#10748=CARTESIAN_POINT('Ctrl Pts',(67.1753948802055,9.8,137.391536141973));
#10749=CARTESIAN_POINT('Ctrl Pts',(66.9482470747889,9.8,136.937444504738));
#10750=CARTESIAN_POINT('Ctrl Pts',(66.8450089262412,9.8,136.731060913168));
#10751=CARTESIAN_POINT('Ctrl Pts',(66.8247995376882,10.,139.557741085694));
#10752=CARTESIAN_POINT('Ctrl Pts',(66.8247995376882,9.8,139.557741085694));
#10753=CARTESIAN_POINT('Ctrl Pts',(66.9356811612782,10.,139.371326935071));
#10754=CARTESIAN_POINT('Ctrl Pts',(66.9356811612782,9.8,139.371326935071));
#10755=CARTESIAN_POINT('Ctrl Pts',(67.1871418892646,10.,138.948571238457));
#10756=CARTESIAN_POINT('Ctrl Pts',(67.1871418892646,9.8,138.948571238457));
#10757=CARTESIAN_POINT('Ctrl Pts',(67.1973313878196,10.,138.454259371735));
#10758=CARTESIAN_POINT('Ctrl Pts',(67.1973313878196,9.8,138.454259371735));
#10759=CARTESIAN_POINT('Ctrl Pts',(67.2030278263553,10.,138.177914353279));
#10760=CARTESIAN_POINT('Ctrl Pts',(67.2030278263553,9.8,138.177914353279));
#10761=CARTESIAN_POINT('',(66.8247995376882,10.,139.557741085694));
#10762=CARTESIAN_POINT('Ctrl Pts',(66.8247995376882,10.,139.557741085694));
#10763=CARTESIAN_POINT('Ctrl Pts',(66.9356811612782,10.,139.371326935071));
#10764=CARTESIAN_POINT('Ctrl Pts',(67.1871418892646,10.,138.948571238457));
#10765=CARTESIAN_POINT('Ctrl Pts',(67.1973313878196,10.,138.454259371735));
#10766=CARTESIAN_POINT('Ctrl Pts',(67.2030278263553,10.,138.177914353279));
#10767=CARTESIAN_POINT('',(66.8247995376882,9.8,139.557741085694));
#10768=CARTESIAN_POINT('',(66.8247995376882,10.,139.557741085694));
#10769=CARTESIAN_POINT('Ctrl Pts',(66.8247995376882,9.8,139.557741085694));
#10770=CARTESIAN_POINT('Ctrl Pts',(66.9356811612782,9.8,139.371326935071));
#10771=CARTESIAN_POINT('Ctrl Pts',(67.1871418892646,9.8,138.948571238457));
#10772=CARTESIAN_POINT('Ctrl Pts',(67.1973313878196,9.8,138.454259371735));
#10773=CARTESIAN_POINT('Ctrl Pts',(67.2030278263553,9.8,138.177914353279));
#10774=CARTESIAN_POINT('Ctrl Pts',(65.8893367304807,10.,140.016605803597));
#10775=CARTESIAN_POINT('Ctrl Pts',(65.8893367304807,9.8,140.016605803597));
#10776=CARTESIAN_POINT('Ctrl Pts',(66.067884862041,10.,139.995306152013));
#10777=CARTESIAN_POINT('Ctrl Pts',(66.067884862041,9.8,139.995306152013));
#10778=CARTESIAN_POINT('Ctrl Pts',(66.432719048635,10.,139.951783764002));
#10779=CARTESIAN_POINT('Ctrl Pts',(66.432719048635,9.8,139.951783764002));
#10780=CARTESIAN_POINT('Ctrl Pts',(66.6922710583391,10.,139.690932811405));
#10781=CARTESIAN_POINT('Ctrl Pts',(66.6922710583391,9.8,139.690932811405));
#10782=CARTESIAN_POINT('Ctrl Pts',(66.8247995376882,10.,139.557741085694));
#10783=CARTESIAN_POINT('Ctrl Pts',(66.8247995376882,9.8,139.557741085694));
#10784=CARTESIAN_POINT('',(65.8893367304807,10.,140.016605803597));
#10785=CARTESIAN_POINT('Ctrl Pts',(65.8893367304807,10.,140.016605803597));
#10786=CARTESIAN_POINT('Ctrl Pts',(66.067884862041,10.,139.995306152013));
#10787=CARTESIAN_POINT('Ctrl Pts',(66.432719048635,10.,139.951783764002));
#10788=CARTESIAN_POINT('Ctrl Pts',(66.6922710583391,10.,139.690932811405));
#10789=CARTESIAN_POINT('Ctrl Pts',(66.8247995376882,10.,139.557741085694));
#10790=CARTESIAN_POINT('',(65.8893367304807,9.8,140.016605803597));
#10791=CARTESIAN_POINT('',(65.8893367304807,10.,140.016605803597));
#10792=CARTESIAN_POINT('Ctrl Pts',(65.8893367304807,9.8,140.016605803597));
#10793=CARTESIAN_POINT('Ctrl Pts',(66.067884862041,9.8,139.995306152013));
#10794=CARTESIAN_POINT('Ctrl Pts',(66.432719048635,9.8,139.951783764002));
#10795=CARTESIAN_POINT('Ctrl Pts',(66.6922710583391,9.8,139.690932811405));
#10796=CARTESIAN_POINT('Ctrl Pts',(66.8247995376882,9.8,139.557741085694));
#10797=CARTESIAN_POINT('Ctrl Pts',(65.2086981329516,10.,139.804013514782));
#10798=CARTESIAN_POINT('Ctrl Pts',(65.2086981329516,9.8,139.804013514782));
#10799=CARTESIAN_POINT('Ctrl Pts',(65.3167116129059,10.,139.866415715695));
#10800=CARTESIAN_POINT('Ctrl Pts',(65.3167116129059,9.8,139.866415715695));
#10801=CARTESIAN_POINT('Ctrl Pts',(65.5278266963242,10.,139.988382398526));
#10802=CARTESIAN_POINT('Ctrl Pts',(65.5278266963242,9.8,139.988382398526));
#10803=CARTESIAN_POINT('Ctrl Pts',(65.7707171098625,10.,140.007345065898));
#10804=CARTESIAN_POINT('Ctrl Pts',(65.7707171098625,9.8,140.007345065898));
#10805=CARTESIAN_POINT('Ctrl Pts',(65.8893367304807,10.,140.016605803597));
#10806=CARTESIAN_POINT('Ctrl Pts',(65.8893367304807,9.8,140.016605803597));
#10807=CARTESIAN_POINT('Ctrl Pts',(65.2086981329516,10.,139.804013514782));
#10808=CARTESIAN_POINT('Ctrl Pts',(65.3167116129059,10.,139.866415715695));
#10809=CARTESIAN_POINT('Ctrl Pts',(65.5278266963242,10.,139.988382398526));
#10810=CARTESIAN_POINT('Ctrl Pts',(65.7707171098625,10.,140.007345065898));
#10811=CARTESIAN_POINT('Ctrl Pts',(65.8893367304807,10.,140.016605803597));
#10812=CARTESIAN_POINT('Ctrl Pts',(65.2086981329516,9.8,139.804013514782));
#10813=CARTESIAN_POINT('Ctrl Pts',(65.3167116129059,9.8,139.866415715695));
#10814=CARTESIAN_POINT('Ctrl Pts',(65.5278266963242,9.8,139.988382398526));
#10815=CARTESIAN_POINT('Ctrl Pts',(65.7707171098625,9.8,140.007345065898));
#10816=CARTESIAN_POINT('Ctrl Pts',(65.8893367304807,9.8,140.016605803597));
#10817=CARTESIAN_POINT('Origin',(67.1081292670602,10.,133.715793596165));
#10818=CARTESIAN_POINT('',(67.1081292670602,9.8,133.715793596165));
#10819=CARTESIAN_POINT('',(67.1081292670602,10.,133.715793596165));
#10820=CARTESIAN_POINT('',(67.9518651535908,9.8,133.712030570682));
#10821=CARTESIAN_POINT('',(67.1081292670602,9.8,133.715793596165));
#10822=CARTESIAN_POINT('',(67.9518651535908,10.,133.712030570682));
#10823=CARTESIAN_POINT('Origin',(67.1191257374712,10.,136.181393883661));
#10824=CARTESIAN_POINT('',(67.1191257374712,9.8,136.181393883661));
#10825=CARTESIAN_POINT('',(67.1191257374712,10.,136.181393883661));
#10826=CARTESIAN_POINT('',(67.1191257374712,9.8,136.181393883661));
#10827=CARTESIAN_POINT('Origin',(67.1003766868804,10.,136.181477503614));
#10828=CARTESIAN_POINT('',(67.1003766868804,9.8,136.181477503614));
#10829=CARTESIAN_POINT('',(67.1003766868804,10.,136.181477503614));
#10830=CARTESIAN_POINT('',(67.1003766868804,9.8,136.181477503614));
#10831=CARTESIAN_POINT('Ctrl Pts',(65.7426644638543,10.,135.507842396143));
#10832=CARTESIAN_POINT('Ctrl Pts',(65.7426644638543,9.8,135.507842396143));
#10833=CARTESIAN_POINT('Ctrl Pts',(66.0199454186463,10.,135.532157582455));
#10834=CARTESIAN_POINT('Ctrl Pts',(66.0199454186463,9.8,135.532157582455));
#10835=CARTESIAN_POINT('Ctrl Pts',(66.5617292014177,10.,135.579667421812));
#10836=CARTESIAN_POINT('Ctrl Pts',(66.5617292014177,9.8,135.579667421812));
#10837=CARTESIAN_POINT('Ctrl Pts',(66.9236730416887,10.,135.984053329107));
#10838=CARTESIAN_POINT('Ctrl Pts',(66.9236730416887,9.8,135.984053329107));
#10839=CARTESIAN_POINT('Ctrl Pts',(67.1003766868804,10.,136.181477503614));
#10840=CARTESIAN_POINT('Ctrl Pts',(67.1003766868804,9.8,136.181477503614));
#10841=CARTESIAN_POINT('',(65.7426644638543,9.8,135.507842396143));
#10842=CARTESIAN_POINT('',(65.7426644638543,10.,135.507842396143));
#10843=CARTESIAN_POINT('Ctrl Pts',(65.7426644638543,9.8,135.507842396143));
#10844=CARTESIAN_POINT('Ctrl Pts',(66.0199454186463,9.8,135.532157582455));
#10845=CARTESIAN_POINT('Ctrl Pts',(66.5617292014177,9.8,135.579667421812));
#10846=CARTESIAN_POINT('Ctrl Pts',(66.9236730416887,9.8,135.984053329107));
#10847=CARTESIAN_POINT('Ctrl Pts',(67.1003766868804,9.8,136.181477503614));
#10848=CARTESIAN_POINT('Ctrl Pts',(64.2223570647188,10.,136.213062769913));
#10849=CARTESIAN_POINT('Ctrl Pts',(64.2223570647188,9.8,136.213062769913));
#10850=CARTESIAN_POINT('Ctrl Pts',(64.4310474980198,10.,136.00842992506));
#10851=CARTESIAN_POINT('Ctrl Pts',(64.4310474980198,9.8,136.00842992506));
#10852=CARTESIAN_POINT('Ctrl Pts',(64.8538746578529,10.,135.593823834931));
#10853=CARTESIAN_POINT('Ctrl Pts',(64.8538746578529,9.8,135.593823834931));
#10854=CARTESIAN_POINT('Ctrl Pts',(65.4438680270292,10.,135.536747934179));
#10855=CARTESIAN_POINT('Ctrl Pts',(65.4438680270292,9.8,135.536747934179));
#10856=CARTESIAN_POINT('Ctrl Pts',(65.7426644638543,10.,135.507842396143));
#10857=CARTESIAN_POINT('Ctrl Pts',(65.7426644638543,9.8,135.507842396143));
#10858=CARTESIAN_POINT('',(64.2223570647188,9.8,136.213062769913));
#10859=CARTESIAN_POINT('',(64.2223570647188,10.,136.213062769913));
#10860=CARTESIAN_POINT('Ctrl Pts',(64.2223570647188,9.8,136.213062769913));
#10861=CARTESIAN_POINT('Ctrl Pts',(64.4310474980198,9.8,136.00842992506));
#10862=CARTESIAN_POINT('Ctrl Pts',(64.8538746578529,9.8,135.593823834931));
#10863=CARTESIAN_POINT('Ctrl Pts',(65.4438680270292,9.8,135.536747934179));
#10864=CARTESIAN_POINT('Ctrl Pts',(65.7426644638543,9.8,135.507842396143));
#10865=CARTESIAN_POINT('Ctrl Pts',(63.6542877041873,10.,138.118743886276));
#10866=CARTESIAN_POINT('Ctrl Pts',(63.6542877041873,9.8,138.118743886276));
#10867=CARTESIAN_POINT('Ctrl Pts',(63.6682939555541,10.,137.749003342593));
#10868=CARTESIAN_POINT('Ctrl Pts',(63.6682939555541,9.8,137.749003342593));
#10869=CARTESIAN_POINT('Ctrl Pts',(63.6942943512222,10.,137.062638363232));
#10870=CARTESIAN_POINT('Ctrl Pts',(63.6942943512222,9.8,137.062638363232));
#10871=CARTESIAN_POINT('Ctrl Pts',(64.0556578392267,10.,136.481257417601));
#10872=CARTESIAN_POINT('Ctrl Pts',(64.0556578392267,9.8,136.481257417601));
#10873=CARTESIAN_POINT('Ctrl Pts',(64.2223570647188,10.,136.213062769913));
#10874=CARTESIAN_POINT('Ctrl Pts',(64.2223570647188,9.8,136.213062769913));
#10875=CARTESIAN_POINT('',(63.6542877041873,9.8,138.118743886276));
#10876=CARTESIAN_POINT('',(63.6542877041873,10.,138.118743886276));
#10877=CARTESIAN_POINT('Ctrl Pts',(63.6542877041873,9.8,138.118743886276));
#10878=CARTESIAN_POINT('Ctrl Pts',(63.6682939555541,9.8,137.749003342593));
#10879=CARTESIAN_POINT('Ctrl Pts',(63.6942943512222,9.8,137.062638363232));
#10880=CARTESIAN_POINT('Ctrl Pts',(64.0556578392267,9.8,136.481257417601));
#10881=CARTESIAN_POINT('Ctrl Pts',(64.2223570647188,9.8,136.213062769913));
#10882=CARTESIAN_POINT('Ctrl Pts',(64.2720436988814,10.,139.995694725119));
#10883=CARTESIAN_POINT('Ctrl Pts',(64.2720436988814,9.8,139.995694725119));
#10884=CARTESIAN_POINT('Ctrl Pts',(64.093244131436,10.,139.727212634562));
#10885=CARTESIAN_POINT('Ctrl Pts',(64.093244131436,9.8,139.727212634562));
#10886=CARTESIAN_POINT('Ctrl Pts',(63.7154765264975,10.,139.159963855566));
#10887=CARTESIAN_POINT('Ctrl Pts',(63.7154765264975,9.8,139.159963855566));
#10888=CARTESIAN_POINT('Ctrl Pts',(63.6753972368672,10.,138.477954378304));
#10889=CARTESIAN_POINT('Ctrl Pts',(63.6753972368672,9.8,138.477954378304));
#10890=CARTESIAN_POINT('Ctrl Pts',(63.6542877041873,10.,138.118743886276));
#10891=CARTESIAN_POINT('Ctrl Pts',(63.6542877041873,9.8,138.118743886276));
#10892=CARTESIAN_POINT('',(64.2720436988814,9.8,139.995694725119));
#10893=CARTESIAN_POINT('',(64.2720436988814,10.,139.995694725119));
#10894=CARTESIAN_POINT('Ctrl Pts',(64.2720436988814,9.8,139.995694725119));
#10895=CARTESIAN_POINT('Ctrl Pts',(64.093244131436,9.8,139.727212634562));
#10896=CARTESIAN_POINT('Ctrl Pts',(63.7154765264975,9.8,139.159963855566));
#10897=CARTESIAN_POINT('Ctrl Pts',(63.6753972368672,9.8,138.477954378304));
#10898=CARTESIAN_POINT('Ctrl Pts',(63.6542877041873,9.8,138.118743886276));
#10899=CARTESIAN_POINT('Ctrl Pts',(65.8033680377089,10.,140.710746501445));
#10900=CARTESIAN_POINT('Ctrl Pts',(65.8033680377089,9.8,140.710746501445));
#10901=CARTESIAN_POINT('Ctrl Pts',(65.5100027833307,10.,140.680743112051));
#10902=CARTESIAN_POINT('Ctrl Pts',(65.5100027833307,9.8,140.680743112051));
#10903=CARTESIAN_POINT('Ctrl Pts',(64.9170986948044,10.,140.620104941798));
#10904=CARTESIAN_POINT('Ctrl Pts',(64.9170986948044,9.8,140.620104941798));
#10905=CARTESIAN_POINT('Ctrl Pts',(64.4885494456704,10.,140.20527127459));
#10906=CARTESIAN_POINT('Ctrl Pts',(64.4885494456704,9.8,140.20527127459));
#10907=CARTESIAN_POINT('Ctrl Pts',(64.2720436988814,10.,139.995694725119));
#10908=CARTESIAN_POINT('Ctrl Pts',(64.2720436988814,9.8,139.995694725119));
#10909=CARTESIAN_POINT('',(65.8033680377089,9.8,140.710746501445));
#10910=CARTESIAN_POINT('',(65.8033680377089,10.,140.710746501445));
#10911=CARTESIAN_POINT('Ctrl Pts',(65.8033680377089,9.8,140.710746501445));
#10912=CARTESIAN_POINT('Ctrl Pts',(65.5100027833307,9.8,140.680743112051));
#10913=CARTESIAN_POINT('Ctrl Pts',(64.9170986948044,9.8,140.620104941798));
#10914=CARTESIAN_POINT('Ctrl Pts',(64.4885494456704,9.8,140.20527127459));
#10915=CARTESIAN_POINT('Ctrl Pts',(64.2720436988814,9.8,139.995694725119));
#10916=CARTESIAN_POINT('Ctrl Pts',(67.1734530559809,10.,139.954630429849));
#10917=CARTESIAN_POINT('Ctrl Pts',(67.1734530559809,9.8,139.954630429849));
#10918=CARTESIAN_POINT('Ctrl Pts',(67.0014109929614,10.,140.174135820739));
#10919=CARTESIAN_POINT('Ctrl Pts',(67.0014109929614,9.8,140.174135820739));
#10920=CARTESIAN_POINT('Ctrl Pts',(66.6523865347168,10.,140.619449884013));
#10921=CARTESIAN_POINT('Ctrl Pts',(66.6523865347168,9.8,140.619449884013));
#10922=CARTESIAN_POINT('Ctrl Pts',(66.0890322380889,10.,140.680028471969));
#10923=CARTESIAN_POINT('Ctrl Pts',(66.0890322380889,9.8,140.680028471969));
#10924=CARTESIAN_POINT('Ctrl Pts',(65.8033680377089,10.,140.710746501445));
#10925=CARTESIAN_POINT('Ctrl Pts',(65.8033680377089,9.8,140.710746501445));
#10926=CARTESIAN_POINT('',(67.1734530559809,9.8,139.954630429849));
#10927=CARTESIAN_POINT('',(67.1734530559809,10.,139.954630429849));
#10928=CARTESIAN_POINT('Ctrl Pts',(67.1734530559809,9.8,139.954630429849));
#10929=CARTESIAN_POINT('Ctrl Pts',(67.0014109929614,9.8,140.174135820739));
#10930=CARTESIAN_POINT('Ctrl Pts',(66.6523865347168,9.8,140.619449884013));
#10931=CARTESIAN_POINT('Ctrl Pts',(66.0890322380889,9.8,140.680028471969));
#10932=CARTESIAN_POINT('Ctrl Pts',(65.8033680377089,9.8,140.710746501445));
#10933=CARTESIAN_POINT('Origin',(67.1922021065717,10.,139.954546809896));
#10934=CARTESIAN_POINT('',(67.1922021065717,9.8,139.954546809896));
#10935=CARTESIAN_POINT('',(67.1922021065717,10.,139.954546809896));
#10936=CARTESIAN_POINT('',(67.1922021065717,9.8,139.954546809896));
#10937=CARTESIAN_POINT('Origin',(67.1950243863166,10.,140.587351108956));
#10938=CARTESIAN_POINT('',(67.1950243863166,9.8,140.587351108956));
#10939=CARTESIAN_POINT('',(67.1950243863166,10.,140.587351108956));
#10940=CARTESIAN_POINT('',(67.1950243863166,9.8,140.587351108956));
#10941=CARTESIAN_POINT('Origin',(67.9825131210748,10.,140.583838943333));
#10942=CARTESIAN_POINT('',(67.9825131210748,9.8,140.583838943333));
#10943=CARTESIAN_POINT('',(67.9825131210748,10.,140.583838943333));
#10944=CARTESIAN_POINT('',(67.9825131210748,9.8,140.583838943333));
#10945=CARTESIAN_POINT('Origin',(67.9518651535908,10.,133.712030570682));
#10946=CARTESIAN_POINT('',(67.9518651535908,9.8,133.712030570682));
#10947=CARTESIAN_POINT('Origin',(71.2455857509266,9.8,137.234594008736));
#10948=CARTESIAN_POINT('Ctrl Pts',(54.3523165885278,10.,136.646152334589));
#10949=CARTESIAN_POINT('Ctrl Pts',(54.3523165885278,9.8,136.646152334589));
#10950=CARTESIAN_POINT('Ctrl Pts',(54.2380037465877,10.,136.792943014091));
#10951=CARTESIAN_POINT('Ctrl Pts',(54.2380037465877,9.8,136.792943014091));
#10952=CARTESIAN_POINT('Ctrl Pts',(54.0004527598557,10.,137.097985476221));
#10953=CARTESIAN_POINT('Ctrl Pts',(54.0004527598557,9.8,137.097985476221));
#10954=CARTESIAN_POINT('Ctrl Pts',(53.9419579261906,10.,137.480786979202));
#10955=CARTESIAN_POINT('Ctrl Pts',(53.9419579261906,9.8,137.480786979202));
#10956=CARTESIAN_POINT('Ctrl Pts',(53.9116116208355,10.,137.679379069683));
#10957=CARTESIAN_POINT('Ctrl Pts',(53.9116116208355,9.8,137.679379069683));
#10958=CARTESIAN_POINT('',(54.3523165885278,10.,136.646152334589));
#10959=CARTESIAN_POINT('',(53.9116116208355,10.,137.679379069683));
#10960=CARTESIAN_POINT('Ctrl Pts',(54.3523165885278,10.,136.646152334589));
#10961=CARTESIAN_POINT('Ctrl Pts',(54.2380037465877,10.,136.792943014091));
#10962=CARTESIAN_POINT('Ctrl Pts',(54.0004527598557,10.,137.097985476221));
#10963=CARTESIAN_POINT('Ctrl Pts',(53.9419579261906,10.,137.480786979202));
#10964=CARTESIAN_POINT('Ctrl Pts',(53.9116116208355,10.,137.679379069683));
#10965=CARTESIAN_POINT('',(54.3523165885278,9.8,136.646152334589));
#10966=CARTESIAN_POINT('',(54.3523165885278,10.,136.646152334589));
#10967=CARTESIAN_POINT('',(53.9116116208355,9.8,137.679379069683));
#10968=CARTESIAN_POINT('Ctrl Pts',(54.3523165885278,9.8,136.646152334589));
#10969=CARTESIAN_POINT('Ctrl Pts',(54.2380037465877,9.8,136.792943014091));
#10970=CARTESIAN_POINT('Ctrl Pts',(54.0004527598557,9.8,137.097985476221));
#10971=CARTESIAN_POINT('Ctrl Pts',(53.9419579261906,9.8,137.480786979202));
#10972=CARTESIAN_POINT('Ctrl Pts',(53.9116116208355,9.8,137.679379069683));
#10973=CARTESIAN_POINT('',(53.9116116208355,10.,137.679379069683));
#10974=CARTESIAN_POINT('Ctrl Pts',(55.3302203877477,10.,136.243346602298));
#10975=CARTESIAN_POINT('Ctrl Pts',(55.3302203877477,9.8,136.243346602298));
#10976=CARTESIAN_POINT('Ctrl Pts',(55.1420147212453,10.,136.259384597471));
#10977=CARTESIAN_POINT('Ctrl Pts',(55.1420147212453,9.8,136.259384597471));
#10978=CARTESIAN_POINT('Ctrl Pts',(54.7731635626412,10.,136.290816345575));
#10979=CARTESIAN_POINT('Ctrl Pts',(54.7731635626412,9.8,136.290816345575));
#10980=CARTESIAN_POINT('Ctrl Pts',(54.4906688580832,10.,136.529336618762));
#10981=CARTESIAN_POINT('Ctrl Pts',(54.4906688580832,9.8,136.529336618762));
#10982=CARTESIAN_POINT('Ctrl Pts',(54.3523165885278,10.,136.646152334589));
#10983=CARTESIAN_POINT('Ctrl Pts',(54.3523165885278,9.8,136.646152334589));
#10984=CARTESIAN_POINT('',(55.3302203877477,10.,136.243346602298));
#10985=CARTESIAN_POINT('Ctrl Pts',(55.3302203877477,10.,136.243346602298));
#10986=CARTESIAN_POINT('Ctrl Pts',(55.1420147212453,10.,136.259384597471));
#10987=CARTESIAN_POINT('Ctrl Pts',(54.7731635626412,10.,136.290816345575));
#10988=CARTESIAN_POINT('Ctrl Pts',(54.4906688580832,10.,136.529336618762));
#10989=CARTESIAN_POINT('Ctrl Pts',(54.3523165885278,10.,136.646152334589));
#10990=CARTESIAN_POINT('',(55.3302203877477,9.8,136.243346602298));
#10991=CARTESIAN_POINT('',(55.3302203877477,10.,136.243346602298));
#10992=CARTESIAN_POINT('Ctrl Pts',(55.3302203877477,9.8,136.243346602298));
#10993=CARTESIAN_POINT('Ctrl Pts',(55.1420147212453,9.8,136.259384597471));
#10994=CARTESIAN_POINT('Ctrl Pts',(54.7731635626412,9.8,136.290816345575));
#10995=CARTESIAN_POINT('Ctrl Pts',(54.4906688580832,9.8,136.529336618762));
#10996=CARTESIAN_POINT('Ctrl Pts',(54.3523165885278,9.8,136.646152334589));
#10997=CARTESIAN_POINT('Ctrl Pts',(56.2457752052707,10.,136.576767196332));
#10998=CARTESIAN_POINT('Ctrl Pts',(56.2457752052707,9.8,136.576767196332));
#10999=CARTESIAN_POINT('Ctrl Pts',(56.1047637979149,10.,136.47897069471));
#11000=CARTESIAN_POINT('Ctrl Pts',(56.1047637979149,9.8,136.47897069471));
#11001=CARTESIAN_POINT('Ctrl Pts',(55.8285340192844,10.,136.287395371122));
#11002=CARTESIAN_POINT('Ctrl Pts',(55.8285340192844,9.8,136.287395371122));
#11003=CARTESIAN_POINT('Ctrl Pts',(55.4939862417341,10.,136.257822795175));
#11004=CARTESIAN_POINT('Ctrl Pts',(55.4939862417341,9.8,136.257822795175));
#11005=CARTESIAN_POINT('Ctrl Pts',(55.3302203877477,10.,136.243346602298));
#11006=CARTESIAN_POINT('Ctrl Pts',(55.3302203877477,9.8,136.243346602298));
#11007=CARTESIAN_POINT('',(56.2457752052707,10.,136.576767196332));
#11008=CARTESIAN_POINT('Ctrl Pts',(56.2457752052707,10.,136.576767196332));
#11009=CARTESIAN_POINT('Ctrl Pts',(56.1047637979149,10.,136.47897069471));
#11010=CARTESIAN_POINT('Ctrl Pts',(55.8285340192844,10.,136.287395371122));
#11011=CARTESIAN_POINT('Ctrl Pts',(55.4939862417341,10.,136.257822795175));
#11012=CARTESIAN_POINT('Ctrl Pts',(55.3302203877477,10.,136.243346602298));
#11013=CARTESIAN_POINT('',(56.2457752052707,9.8,136.576767196332));
#11014=CARTESIAN_POINT('',(56.2457752052707,10.,136.576767196332));
#11015=CARTESIAN_POINT('Ctrl Pts',(56.2457752052707,9.8,136.576767196332));
#11016=CARTESIAN_POINT('Ctrl Pts',(56.1047637979149,9.8,136.47897069471));
#11017=CARTESIAN_POINT('Ctrl Pts',(55.8285340192844,9.8,136.287395371122));
#11018=CARTESIAN_POINT('Ctrl Pts',(55.4939862417341,9.8,136.257822795175));
#11019=CARTESIAN_POINT('Ctrl Pts',(55.3302203877477,9.8,136.243346602298));
#11020=CARTESIAN_POINT('Ctrl Pts',(56.724083649234,10.,137.666835566342));
#11021=CARTESIAN_POINT('Ctrl Pts',(56.724083649234,9.8,137.666835566342));
#11022=CARTESIAN_POINT('Ctrl Pts',(56.6985080824386,10.,137.438591423369));
#11023=CARTESIAN_POINT('Ctrl Pts',(56.6985080824386,9.8,137.438591423369));
#11024=CARTESIAN_POINT('Ctrl Pts',(56.6519217895458,10.,137.022841165293));
#11025=CARTESIAN_POINT('Ctrl Pts',(56.6519217895458,9.8,137.022841165293));
#11026=CARTESIAN_POINT('Ctrl Pts',(56.3720150123669,10.,136.71541736347));
#11027=CARTESIAN_POINT('Ctrl Pts',(56.3720150123669,9.8,136.71541736347));
#11028=CARTESIAN_POINT('Ctrl Pts',(56.2457752052707,10.,136.576767196332));
#11029=CARTESIAN_POINT('Ctrl Pts',(56.2457752052707,9.8,136.576767196332));
#11030=CARTESIAN_POINT('',(56.724083649234,10.,137.666835566342));
#11031=CARTESIAN_POINT('Ctrl Pts',(56.724083649234,10.,137.666835566342));
#11032=CARTESIAN_POINT('Ctrl Pts',(56.6985080824386,10.,137.438591423369));
#11033=CARTESIAN_POINT('Ctrl Pts',(56.6519217895458,10.,137.022841165293));
#11034=CARTESIAN_POINT('Ctrl Pts',(56.3720150123669,10.,136.71541736347));
#11035=CARTESIAN_POINT('Ctrl Pts',(56.2457752052707,10.,136.576767196332));
#11036=CARTESIAN_POINT('',(56.724083649234,9.8,137.666835566342));
#11037=CARTESIAN_POINT('',(56.724083649234,10.,137.666835566342));
#11038=CARTESIAN_POINT('Ctrl Pts',(56.724083649234,9.8,137.666835566342));
#11039=CARTESIAN_POINT('Ctrl Pts',(56.6985080824386,9.8,137.438591423369));
#11040=CARTESIAN_POINT('Ctrl Pts',(56.6519217895458,9.8,137.022841165293));
#11041=CARTESIAN_POINT('Ctrl Pts',(56.3720150123669,9.8,136.71541736347));
#11042=CARTESIAN_POINT('Ctrl Pts',(56.2457752052707,9.8,136.576767196332));
#11043=CARTESIAN_POINT('Origin',(53.9116116208355,10.,137.679379069683));
#11044=CARTESIAN_POINT('',(27.263357907993,10.,137.798229126176));
#11045=CARTESIAN_POINT('',(53.9116116208355,9.8,137.679379069683));
#11046=CARTESIAN_POINT('Ctrl Pts',(56.3735159304311,10.,135.78869307937));
#11047=CARTESIAN_POINT('Ctrl Pts',(56.3735159304311,9.8,135.78869307937));
#11048=CARTESIAN_POINT('Ctrl Pts',(56.538870472299,10.,135.886100848483));
#11049=CARTESIAN_POINT('Ctrl Pts',(56.538870472299,9.8,135.886100848483));
#11050=CARTESIAN_POINT('Ctrl Pts',(56.8869036351207,10.,136.091121730188));
#11051=CARTESIAN_POINT('Ctrl Pts',(56.8869036351207,9.8,136.091121730188));
#11052=CARTESIAN_POINT('Ctrl Pts',(57.1151513688552,10.,136.425154448592));
#11053=CARTESIAN_POINT('Ctrl Pts',(57.1151513688552,9.8,136.425154448592));
#11054=CARTESIAN_POINT('Ctrl Pts',(57.2349559900483,10.,136.600484396625));
#11055=CARTESIAN_POINT('Ctrl Pts',(57.2349559900483,9.8,136.600484396625));
#11056=CARTESIAN_POINT('',(56.3735159304311,9.8,135.78869307937));
#11057=CARTESIAN_POINT('',(56.3735159304311,10.,135.78869307937));
#11058=CARTESIAN_POINT('',(57.2349559900483,9.8,136.600484396625));
#11059=CARTESIAN_POINT('Ctrl Pts',(56.3735159304311,9.8,135.78869307937));
#11060=CARTESIAN_POINT('Ctrl Pts',(56.538870472299,9.8,135.886100848483));
#11061=CARTESIAN_POINT('Ctrl Pts',(56.8869036351207,9.8,136.091121730188));
#11062=CARTESIAN_POINT('Ctrl Pts',(57.1151513688552,9.8,136.425154448592));
#11063=CARTESIAN_POINT('Ctrl Pts',(57.2349559900483,9.8,136.600484396625));
#11064=CARTESIAN_POINT('',(57.2349559900483,10.,136.600484396625));
#11065=CARTESIAN_POINT('Ctrl Pts',(55.3271472481438,10.,135.554295151465));
#11066=CARTESIAN_POINT('Ctrl Pts',(55.3271472481438,9.8,135.554295151465));
#11067=CARTESIAN_POINT('Ctrl Pts',(55.5071481428207,10.,135.563674983439));
#11068=CARTESIAN_POINT('Ctrl Pts',(55.5071481428207,9.8,135.563674983439));
#11069=CARTESIAN_POINT('Ctrl Pts',(55.8691749026457,10.,135.582540168434));
#11070=CARTESIAN_POINT('Ctrl Pts',(55.8691749026457,9.8,135.582540168434));
#11071=CARTESIAN_POINT('Ctrl Pts',(56.2047765333611,10.,135.719719674513));
#11072=CARTESIAN_POINT('Ctrl Pts',(56.2047765333611,9.8,135.719719674513));
#11073=CARTESIAN_POINT('Ctrl Pts',(56.3735159304311,10.,135.78869307937));
#11074=CARTESIAN_POINT('Ctrl Pts',(56.3735159304311,9.8,135.78869307937));
#11075=CARTESIAN_POINT('',(55.3271472481438,9.8,135.554295151465));
#11076=CARTESIAN_POINT('',(55.3271472481438,10.,135.554295151465));
#11077=CARTESIAN_POINT('Ctrl Pts',(55.3271472481438,9.8,135.554295151465));
#11078=CARTESIAN_POINT('Ctrl Pts',(55.5071481428207,9.8,135.563674983439));
#11079=CARTESIAN_POINT('Ctrl Pts',(55.8691749026457,9.8,135.582540168434));
#11080=CARTESIAN_POINT('Ctrl Pts',(56.2047765333611,9.8,135.719719674513));
#11081=CARTESIAN_POINT('Ctrl Pts',(56.3735159304311,9.8,135.78869307937));
#11082=CARTESIAN_POINT('Ctrl Pts',(53.605419606369,10.,136.293230110388));
#11083=CARTESIAN_POINT('Ctrl Pts',(53.605419606369,9.8,136.293230110388));
#11084=CARTESIAN_POINT('Ctrl Pts',(53.8373263690099,10.,136.079022551161));
#11085=CARTESIAN_POINT('Ctrl Pts',(53.8373263690099,9.8,136.079022551161));
#11086=CARTESIAN_POINT('Ctrl Pts',(54.3222769420048,10.,135.631083571704));
#11087=CARTESIAN_POINT('Ctrl Pts',(54.3222769420048,9.8,135.631083571704));
#11088=CARTESIAN_POINT('Ctrl Pts',(54.9825969142738,10.,135.580624395815));
#11089=CARTESIAN_POINT('Ctrl Pts',(54.9825969142738,9.8,135.580624395815));
#11090=CARTESIAN_POINT('Ctrl Pts',(55.3271472481438,10.,135.554295151465));
#11091=CARTESIAN_POINT('Ctrl Pts',(55.3271472481438,9.8,135.554295151465));
#11092=CARTESIAN_POINT('',(53.605419606369,9.8,136.293230110388));
#11093=CARTESIAN_POINT('',(53.605419606369,10.,136.293230110388));
#11094=CARTESIAN_POINT('Ctrl Pts',(53.605419606369,9.8,136.293230110388));
#11095=CARTESIAN_POINT('Ctrl Pts',(53.8373263690099,9.8,136.079022551161));
#11096=CARTESIAN_POINT('Ctrl Pts',(54.3222769420048,9.8,135.631083571704));
#11097=CARTESIAN_POINT('Ctrl Pts',(54.9825969142738,9.8,135.580624395815));
#11098=CARTESIAN_POINT('Ctrl Pts',(55.3271472481438,9.8,135.554295151465));
#11099=CARTESIAN_POINT('Ctrl Pts',(53.0045650593495,10.,138.203740034724));
#11100=CARTESIAN_POINT('Ctrl Pts',(53.0045650593495,9.8,138.203740034724));
#11101=CARTESIAN_POINT('Ctrl Pts',(53.0219174250946,10.,137.838060205662));
#11102=CARTESIAN_POINT('Ctrl Pts',(53.0219174250946,9.8,137.838060205662));
#11103=CARTESIAN_POINT('Ctrl Pts',(53.0547269546791,10.,137.146639603634));
#11104=CARTESIAN_POINT('Ctrl Pts',(53.0547269546791,9.8,137.146639603634));
#11105=CARTESIAN_POINT('Ctrl Pts',(53.4290630768761,10.,136.566530173505));
#11106=CARTESIAN_POINT('Ctrl Pts',(53.4290630768761,9.8,136.566530173505));
#11107=CARTESIAN_POINT('Ctrl Pts',(53.605419606369,10.,136.293230110388));
#11108=CARTESIAN_POINT('Ctrl Pts',(53.605419606369,9.8,136.293230110388));
#11109=CARTESIAN_POINT('',(53.0045650593495,9.8,138.203740034724));
#11110=CARTESIAN_POINT('',(53.0045650593495,10.,138.203740034724));
#11111=CARTESIAN_POINT('Ctrl Pts',(53.0045650593495,9.8,138.203740034724));
#11112=CARTESIAN_POINT('Ctrl Pts',(53.0219174250946,9.8,137.838060205662));
#11113=CARTESIAN_POINT('Ctrl Pts',(53.0547269546791,9.8,137.146639603634));
#11114=CARTESIAN_POINT('Ctrl Pts',(53.4290630768761,9.8,136.566530173505));
#11115=CARTESIAN_POINT('Ctrl Pts',(53.605419606369,9.8,136.293230110388));
#11116=CARTESIAN_POINT('Ctrl Pts',(53.6410605679861,10.,140.080607296148));
#11117=CARTESIAN_POINT('Ctrl Pts',(53.6410605679861,9.8,140.080607296148));
#11118=CARTESIAN_POINT('Ctrl Pts',(53.4569142238636,10.,139.818986229332));
#11119=CARTESIAN_POINT('Ctrl Pts',(53.4569142238636,9.8,139.818986229332));
#11120=CARTESIAN_POINT('Ctrl Pts',(53.0620299167062,10.,139.257964753726));
#11121=CARTESIAN_POINT('Ctrl Pts',(53.0620299167062,9.8,139.257964753726));
#11122=CARTESIAN_POINT('Ctrl Pts',(53.024561066071,10.,138.570577882006));
#11123=CARTESIAN_POINT('Ctrl Pts',(53.024561066071,9.8,138.570577882006));
#11124=CARTESIAN_POINT('Ctrl Pts',(53.0045650593495,10.,138.203740034724));
#11125=CARTESIAN_POINT('Ctrl Pts',(53.0045650593495,9.8,138.203740034724));
#11126=CARTESIAN_POINT('',(53.6410605679861,9.8,140.080607296148));
#11127=CARTESIAN_POINT('',(53.6410605679861,10.,140.080607296148));
#11128=CARTESIAN_POINT('Ctrl Pts',(53.6410605679861,9.8,140.080607296148));
#11129=CARTESIAN_POINT('Ctrl Pts',(53.4569142238636,9.8,139.818986229332));
#11130=CARTESIAN_POINT('Ctrl Pts',(53.0620299167062,9.8,139.257964753726));
#11131=CARTESIAN_POINT('Ctrl Pts',(53.024561066071,9.8,138.570577882006));
#11132=CARTESIAN_POINT('Ctrl Pts',(53.0045650593495,9.8,138.203740034724));
#11133=CARTESIAN_POINT('Ctrl Pts',(55.3972253472937,10.,140.757157446791));
#11134=CARTESIAN_POINT('Ctrl Pts',(55.3972253472937,9.8,140.757157446791));
#11135=CARTESIAN_POINT('Ctrl Pts',(55.050217660674,10.,140.736619594068));
#11136=CARTESIAN_POINT('Ctrl Pts',(55.050217660674,9.8,140.736619594068));
#11137=CARTESIAN_POINT('Ctrl Pts',(54.3905594813896,10.,140.697577339227));
#11138=CARTESIAN_POINT('Ctrl Pts',(54.3905594813896,9.8,140.697577339227));
#11139=CARTESIAN_POINT('Ctrl Pts',(53.8820655196929,10.,140.278996957263));
#11140=CARTESIAN_POINT('Ctrl Pts',(53.8820655196929,9.8,140.278996957263));
#11141=CARTESIAN_POINT('Ctrl Pts',(53.6410605679861,10.,140.080607296148));
#11142=CARTESIAN_POINT('Ctrl Pts',(53.6410605679861,9.8,140.080607296148));
#11143=CARTESIAN_POINT('',(55.3972253472937,9.8,140.757157446791));
#11144=CARTESIAN_POINT('',(55.3972253472937,10.,140.757157446791));
#11145=CARTESIAN_POINT('Ctrl Pts',(55.3972253472937,9.8,140.757157446791));
#11146=CARTESIAN_POINT('Ctrl Pts',(55.050217660674,9.8,140.736619594068));
#11147=CARTESIAN_POINT('Ctrl Pts',(54.3905594813896,9.8,140.697577339227));
#11148=CARTESIAN_POINT('Ctrl Pts',(53.8820655196929,9.8,140.278996957263));
#11149=CARTESIAN_POINT('Ctrl Pts',(53.6410605679861,9.8,140.080607296148));
#11150=CARTESIAN_POINT('Ctrl Pts',(56.8016007324736,10.,140.333700246179));
#11151=CARTESIAN_POINT('Ctrl Pts',(56.8016007324736,9.8,140.333700246179));
#11152=CARTESIAN_POINT('Ctrl Pts',(56.5964955691812,10.,140.456212766078));
#11153=CARTESIAN_POINT('Ctrl Pts',(56.5964955691812,9.8,140.456212766078));
#11154=CARTESIAN_POINT('Ctrl Pts',(56.1646395616639,10.,140.714167109428));
#11155=CARTESIAN_POINT('Ctrl Pts',(56.1646395616639,9.8,140.714167109428));
#11156=CARTESIAN_POINT('Ctrl Pts',(55.6614373282629,10.,140.742356362859));
#11157=CARTESIAN_POINT('Ctrl Pts',(55.6614373282629,9.8,140.742356362859));
#11158=CARTESIAN_POINT('Ctrl Pts',(55.3972253472937,10.,140.757157446791));
#11159=CARTESIAN_POINT('Ctrl Pts',(55.3972253472937,9.8,140.757157446791));
#11160=CARTESIAN_POINT('',(56.8016007324736,9.8,140.333700246179));
#11161=CARTESIAN_POINT('',(56.8016007324736,10.,140.333700246179));
#11162=CARTESIAN_POINT('Ctrl Pts',(56.8016007324736,9.8,140.333700246179));
#11163=CARTESIAN_POINT('Ctrl Pts',(56.5964955691812,9.8,140.456212766078));
#11164=CARTESIAN_POINT('Ctrl Pts',(56.1646395616639,9.8,140.714167109428));
#11165=CARTESIAN_POINT('Ctrl Pts',(55.6614373282629,9.8,140.742356362859));
#11166=CARTESIAN_POINT('Ctrl Pts',(55.3972253472937,9.8,140.757157446791));
#11167=CARTESIAN_POINT('Ctrl Pts',(57.5697014629465,10.,139.134951115849));
#11168=CARTESIAN_POINT('Ctrl Pts',(57.5697014629465,9.8,139.134951115849));
#11169=CARTESIAN_POINT('Ctrl Pts',(57.4896380453447,10.,139.376732463003));
#11170=CARTESIAN_POINT('Ctrl Pts',(57.4896380453447,9.8,139.376732463003));
#11171=CARTESIAN_POINT('Ctrl Pts',(57.3354050467604,10.,139.842496519675));
#11172=CARTESIAN_POINT('Ctrl Pts',(57.3354050467604,9.8,139.842496519675));
#11173=CARTESIAN_POINT('Ctrl Pts',(56.9749439687558,10.,140.174190775485));
#11174=CARTESIAN_POINT('Ctrl Pts',(56.9749439687558,9.8,140.174190775485));
#11175=CARTESIAN_POINT('Ctrl Pts',(56.8016007324736,10.,140.333700246179));
#11176=CARTESIAN_POINT('Ctrl Pts',(56.8016007324736,9.8,140.333700246179));
#11177=CARTESIAN_POINT('',(57.5697014629465,9.8,139.134951115849));
#11178=CARTESIAN_POINT('',(57.5697014629465,10.,139.134951115849));
#11179=CARTESIAN_POINT('Ctrl Pts',(57.5697014629465,9.8,139.134951115849));
#11180=CARTESIAN_POINT('Ctrl Pts',(57.4896380453447,9.8,139.376732463003));
#11181=CARTESIAN_POINT('Ctrl Pts',(57.3354050467604,9.8,139.842496519675));
#11182=CARTESIAN_POINT('Ctrl Pts',(56.9749439687558,9.8,140.174190775485));
#11183=CARTESIAN_POINT('Ctrl Pts',(56.8016007324736,9.8,140.333700246179));
#11184=CARTESIAN_POINT('Origin',(56.7020436588572,10.,139.031006878318));
#11185=CARTESIAN_POINT('',(56.7020436588572,9.8,139.031006878318));
#11186=CARTESIAN_POINT('',(56.7020436588572,10.,139.031006878318));
#11187=CARTESIAN_POINT('',(56.7020436588572,9.8,139.031006878318));
#11188=CARTESIAN_POINT('Ctrl Pts',(56.203932185858,10.,139.806675533531));
#11189=CARTESIAN_POINT('Ctrl Pts',(56.203932185858,9.8,139.806675533531));
#11190=CARTESIAN_POINT('Ctrl Pts',(56.308107022577,10.,139.704192036559));
#11191=CARTESIAN_POINT('Ctrl Pts',(56.308107022577,9.8,139.704192036559));
#11192=CARTESIAN_POINT('Ctrl Pts',(56.5321799525714,10.,139.483757062377));
#11193=CARTESIAN_POINT('Ctrl Pts',(56.5321799525714,9.8,139.483757062377));
#11194=CARTESIAN_POINT('Ctrl Pts',(56.6428342106114,10.,139.188822159625));
#11195=CARTESIAN_POINT('Ctrl Pts',(56.6428342106114,9.8,139.188822159625));
#11196=CARTESIAN_POINT('Ctrl Pts',(56.7020436588572,10.,139.031006878318));
#11197=CARTESIAN_POINT('Ctrl Pts',(56.7020436588572,9.8,139.031006878318));
#11198=CARTESIAN_POINT('',(56.203932185858,9.8,139.806675533531));
#11199=CARTESIAN_POINT('',(56.203932185858,10.,139.806675533531));
#11200=CARTESIAN_POINT('Ctrl Pts',(56.203932185858,9.8,139.806675533531));
#11201=CARTESIAN_POINT('Ctrl Pts',(56.308107022577,9.8,139.704192036559));
#11202=CARTESIAN_POINT('Ctrl Pts',(56.5321799525714,9.8,139.483757062377));
#11203=CARTESIAN_POINT('Ctrl Pts',(56.6428342106114,9.8,139.188822159625));
#11204=CARTESIAN_POINT('Ctrl Pts',(56.7020436588572,9.8,139.031006878318));
#11205=CARTESIAN_POINT('Ctrl Pts',(55.3941312814351,10.,140.063413964986));
#11206=CARTESIAN_POINT('Ctrl Pts',(55.3941312814351,9.8,140.063413964986));
#11207=CARTESIAN_POINT('Ctrl Pts',(55.5461029633311,10.,140.05404282411));
#11208=CARTESIAN_POINT('Ctrl Pts',(55.5461029633311,9.8,140.05404282411));
#11209=CARTESIAN_POINT('Ctrl Pts',(55.8379848672812,10.,140.036044296969));
#11210=CARTESIAN_POINT('Ctrl Pts',(55.8379848672812,9.8,140.036044296969));
#11211=CARTESIAN_POINT('Ctrl Pts',(56.0853571412503,10.,139.880996098202));
#11212=CARTESIAN_POINT('Ctrl Pts',(56.0853571412503,9.8,139.880996098202));
#11213=CARTESIAN_POINT('Ctrl Pts',(56.203932185858,10.,139.806675533531));
#11214=CARTESIAN_POINT('Ctrl Pts',(56.203932185858,9.8,139.806675533531));
#11215=CARTESIAN_POINT('',(55.3941312814351,9.8,140.063413964986));
#11216=CARTESIAN_POINT('',(55.3941312814351,10.,140.063413964986));
#11217=CARTESIAN_POINT('Ctrl Pts',(55.3941312814351,9.8,140.063413964986));
#11218=CARTESIAN_POINT('Ctrl Pts',(55.5461029633311,9.8,140.05404282411));
#11219=CARTESIAN_POINT('Ctrl Pts',(55.8379848672812,9.8,140.036044296969));
#11220=CARTESIAN_POINT('Ctrl Pts',(56.0853571412503,9.8,139.880996098202));
#11221=CARTESIAN_POINT('Ctrl Pts',(56.203932185858,9.8,139.806675533531));
#11222=CARTESIAN_POINT('Ctrl Pts',(54.3421925161369,10.,139.632162395485));
#11223=CARTESIAN_POINT('Ctrl Pts',(54.3421925161369,9.8,139.632162395485));
#11224=CARTESIAN_POINT('Ctrl Pts',(54.4929879663263,10.,139.758635887284));
#11225=CARTESIAN_POINT('Ctrl Pts',(54.4929879663263,9.8,139.758635887284));
#11226=CARTESIAN_POINT('Ctrl Pts',(54.7975686077777,10.,140.01409039344));
#11227=CARTESIAN_POINT('Ctrl Pts',(54.7975686077777,9.8,140.01409039344));
#11228=CARTESIAN_POINT('Ctrl Pts',(55.1939800085423,10.,140.046865535015));
#11229=CARTESIAN_POINT('Ctrl Pts',(55.1939800085423,9.8,140.046865535015));
#11230=CARTESIAN_POINT('Ctrl Pts',(55.3941312814351,10.,140.063413964986));
#11231=CARTESIAN_POINT('Ctrl Pts',(55.3941312814351,9.8,140.063413964986));
#11232=CARTESIAN_POINT('',(54.3421925161369,9.8,139.632162395485));
#11233=CARTESIAN_POINT('',(54.3421925161369,10.,139.632162395485));
#11234=CARTESIAN_POINT('Ctrl Pts',(54.3421925161369,9.8,139.632162395485));
#11235=CARTESIAN_POINT('Ctrl Pts',(54.4929879663263,9.8,139.758635887284));
#11236=CARTESIAN_POINT('Ctrl Pts',(54.7975686077777,9.8,140.01409039344));
#11237=CARTESIAN_POINT('Ctrl Pts',(55.1939800085423,9.8,140.046865535015));
#11238=CARTESIAN_POINT('Ctrl Pts',(55.3941312814351,9.8,140.063413964986));
#11239=CARTESIAN_POINT('Ctrl Pts',(53.8678235235688,10.,138.373331643902));
#11240=CARTESIAN_POINT('Ctrl Pts',(53.8678235235688,9.8,138.373331643902));
#11241=CARTESIAN_POINT('Ctrl Pts',(53.894557758658,10.,138.624374213973));
#11242=CARTESIAN_POINT('Ctrl Pts',(53.894557758658,9.8,138.624374213973));
#11243=CARTESIAN_POINT('Ctrl Pts',(53.9438158620437,10.,139.086922733858));
#11244=CARTESIAN_POINT('Ctrl Pts',(53.9438158620437,9.8,139.086922733858));
#11245=CARTESIAN_POINT('Ctrl Pts',(54.2171892168552,10.,139.461076173684));
#11246=CARTESIAN_POINT('Ctrl Pts',(54.2171892168552,9.8,139.461076173684));
#11247=CARTESIAN_POINT('Ctrl Pts',(54.3421925161369,10.,139.632162395485));
#11248=CARTESIAN_POINT('Ctrl Pts',(54.3421925161369,9.8,139.632162395485));
#11249=CARTESIAN_POINT('',(53.8678235235688,9.8,138.373331643902));
#11250=CARTESIAN_POINT('',(53.8678235235688,10.,138.373331643902));
#11251=CARTESIAN_POINT('Ctrl Pts',(53.8678235235688,9.8,138.373331643902));
#11252=CARTESIAN_POINT('Ctrl Pts',(53.894557758658,9.8,138.624374213973));
#11253=CARTESIAN_POINT('Ctrl Pts',(53.9438158620437,9.8,139.086922733858));
#11254=CARTESIAN_POINT('Ctrl Pts',(54.2171892168552,9.8,139.461076173684));
#11255=CARTESIAN_POINT('Ctrl Pts',(54.3421925161369,9.8,139.632162395485));
#11256=CARTESIAN_POINT('Origin',(57.5943546831858,10.,138.356711476457));
#11257=CARTESIAN_POINT('',(57.5943546831858,9.8,138.356711476457));
#11258=CARTESIAN_POINT('',(57.5943546831858,10.,138.356711476457));
#11259=CARTESIAN_POINT('',(57.5943546831858,9.8,138.356711476457));
#11260=CARTESIAN_POINT('Ctrl Pts',(57.2349559900483,10.,136.600484396625));
#11261=CARTESIAN_POINT('Ctrl Pts',(57.2349559900483,9.8,136.600484396625));
#11262=CARTESIAN_POINT('Ctrl Pts',(57.3380121715685,10.,136.83871581513));
#11263=CARTESIAN_POINT('Ctrl Pts',(57.3380121715685,9.8,136.83871581513));
#11264=CARTESIAN_POINT('Ctrl Pts',(57.5794207617162,10.,137.396771722325));
#11265=CARTESIAN_POINT('Ctrl Pts',(57.5794207617162,9.8,137.396771722325));
#11266=CARTESIAN_POINT('Ctrl Pts',(57.5889140402229,10.,138.006991580128));
#11267=CARTESIAN_POINT('Ctrl Pts',(57.5889140402229,9.8,138.006991580128));
#11268=CARTESIAN_POINT('Ctrl Pts',(57.5943546831858,10.,138.356711476457));
#11269=CARTESIAN_POINT('Ctrl Pts',(57.5943546831858,9.8,138.356711476457));
#11270=CARTESIAN_POINT('Ctrl Pts',(57.2349559900483,9.8,136.600484396625));
#11271=CARTESIAN_POINT('Ctrl Pts',(57.3380121715685,9.8,136.83871581513));
#11272=CARTESIAN_POINT('Ctrl Pts',(57.5794207617162,9.8,137.396771722325));
#11273=CARTESIAN_POINT('Ctrl Pts',(57.5889140402229,9.8,138.006991580128));
#11274=CARTESIAN_POINT('Ctrl Pts',(57.5943546831858,9.8,138.356711476457));
#11275=CARTESIAN_POINT('Origin',(71.2455857509266,9.8,137.234594008736));
#11276=CARTESIAN_POINT('Ctrl Pts',(46.7216944513045,10.,139.956779856549));
#11277=CARTESIAN_POINT('Ctrl Pts',(46.7216944513045,9.8,139.956779856549));
#11278=CARTESIAN_POINT('Ctrl Pts',(46.7835527062559,10.,139.954836466464));
#11279=CARTESIAN_POINT('Ctrl Pts',(46.7835527062559,9.8,139.954836466464));
#11280=CARTESIAN_POINT('Ctrl Pts',(46.9094404846649,10.,139.950881471928));
#11281=CARTESIAN_POINT('Ctrl Pts',(46.9094404846649,9.8,139.950881471928));
#11282=CARTESIAN_POINT('Ctrl Pts',(47.0334520564462,10.,139.92882680189));
#11283=CARTESIAN_POINT('Ctrl Pts',(47.0334520564462,9.8,139.92882680189));
#11284=CARTESIAN_POINT('Ctrl Pts',(47.096527296511,10.,139.917609271243));
#11285=CARTESIAN_POINT('Ctrl Pts',(47.096527296511,9.8,139.917609271243));
#11286=CARTESIAN_POINT('',(46.7216944513045,9.8,139.956779856549));
#11287=CARTESIAN_POINT('',(46.7216944513045,10.,139.956779856549));
#11288=CARTESIAN_POINT('',(47.096527296511,9.8,139.917609271243));
#11289=CARTESIAN_POINT('Ctrl Pts',(46.7216944513045,9.8,139.956779856549));
#11290=CARTESIAN_POINT('Ctrl Pts',(46.7835527062559,9.8,139.954836466464));
#11291=CARTESIAN_POINT('Ctrl Pts',(46.9094404846649,9.8,139.950881471928));
#11292=CARTESIAN_POINT('Ctrl Pts',(47.0334520564462,9.8,139.92882680189));
#11293=CARTESIAN_POINT('Ctrl Pts',(47.096527296511,9.8,139.917609271243));
#11294=CARTESIAN_POINT('',(47.096527296511,10.,139.917609271243));
#11295=CARTESIAN_POINT('Ctrl Pts',(46.3272554297228,10.,139.803851524929));
#11296=CARTESIAN_POINT('Ctrl Pts',(46.3272554297228,9.8,139.803851524929));
#11297=CARTESIAN_POINT('Ctrl Pts',(46.3707942302718,10.,139.848429824096));
#11298=CARTESIAN_POINT('Ctrl Pts',(46.3707942302718,9.8,139.848429824096));
#11299=CARTESIAN_POINT('Ctrl Pts',(46.4766564050857,10.,139.956819482053));
#11300=CARTESIAN_POINT('Ctrl Pts',(46.4766564050857,9.8,139.956819482053));
#11301=CARTESIAN_POINT('Ctrl Pts',(46.6308923702263,10.,139.956794540302));
#11302=CARTESIAN_POINT('Ctrl Pts',(46.6308923702263,9.8,139.956794540302));
#11303=CARTESIAN_POINT('Ctrl Pts',(46.7216944513045,10.,139.956779856549));
#11304=CARTESIAN_POINT('Ctrl Pts',(46.7216944513045,9.8,139.956779856549));
#11305=CARTESIAN_POINT('',(46.3272554297228,9.8,139.803851524929));
#11306=CARTESIAN_POINT('',(46.3272554297228,10.,139.803851524929));
#11307=CARTESIAN_POINT('Ctrl Pts',(46.3272554297228,9.8,139.803851524929));
#11308=CARTESIAN_POINT('Ctrl Pts',(46.3707942302718,9.8,139.848429824096));
#11309=CARTESIAN_POINT('Ctrl Pts',(46.4766564050857,9.8,139.956819482053));
#11310=CARTESIAN_POINT('Ctrl Pts',(46.6308923702263,9.8,139.956794540302));
#11311=CARTESIAN_POINT('Ctrl Pts',(46.7216944513045,9.8,139.956779856549));
#11312=CARTESIAN_POINT('Ctrl Pts',(46.2498759523677,10.,139.269814221283));
#11313=CARTESIAN_POINT('Ctrl Pts',(46.2498759523677,9.8,139.269814221283));
#11314=CARTESIAN_POINT('Ctrl Pts',(46.2503522806105,10.,139.377841236763));
#11315=CARTESIAN_POINT('Ctrl Pts',(46.2503522806105,9.8,139.377841236763));
#11316=CARTESIAN_POINT('Ctrl Pts',(46.2511552692825,10.,139.559951936734));
#11317=CARTESIAN_POINT('Ctrl Pts',(46.2511552692825,9.8,139.559951936734));
#11318=CARTESIAN_POINT('Ctrl Pts',(46.3052495598922,10.,139.733323124483));
#11319=CARTESIAN_POINT('Ctrl Pts',(46.3052495598922,9.8,139.733323124483));
#11320=CARTESIAN_POINT('Ctrl Pts',(46.3272554297228,10.,139.803851524929));
#11321=CARTESIAN_POINT('Ctrl Pts',(46.3272554297228,9.8,139.803851524929));
#11322=CARTESIAN_POINT('',(46.2498759523677,9.8,139.269814221283));
#11323=CARTESIAN_POINT('',(46.2498759523677,10.,139.269814221283));
#11324=CARTESIAN_POINT('Ctrl Pts',(46.2498759523677,9.8,139.269814221283));
#11325=CARTESIAN_POINT('Ctrl Pts',(46.2503522806105,9.8,139.377841236763));
#11326=CARTESIAN_POINT('Ctrl Pts',(46.2511552692825,9.8,139.559951936734));
#11327=CARTESIAN_POINT('Ctrl Pts',(46.3052495598922,9.8,139.733323124483));
#11328=CARTESIAN_POINT('Ctrl Pts',(46.3272554297228,9.8,139.803851524929));
#11329=CARTESIAN_POINT('Origin',(46.2368934230079,10.,136.358904908959));
#11330=CARTESIAN_POINT('',(46.2368934230079,9.8,136.358904908959));
#11331=CARTESIAN_POINT('',(46.2368934230079,10.,136.358904908959));
#11332=CARTESIAN_POINT('',(46.2368934230079,9.8,136.358904908959));
#11333=CARTESIAN_POINT('Origin',(47.0806388461868,10.,136.355141840943));
#11334=CARTESIAN_POINT('',(47.0806388461868,9.8,136.355141840943));
#11335=CARTESIAN_POINT('',(47.0806388461868,10.,136.355141840943));
#11336=CARTESIAN_POINT('',(47.0806388461868,9.8,136.355141840943));
#11337=CARTESIAN_POINT('Origin',(47.0777329252223,10.,135.703583722968));
#11338=CARTESIAN_POINT('',(47.0777329252223,9.8,135.703583722968));
#11339=CARTESIAN_POINT('',(47.0777329252223,10.,135.703583722968));
#11340=CARTESIAN_POINT('',(47.0777329252223,9.8,135.703583722968));
#11341=CARTESIAN_POINT('Origin',(46.2339875020435,10.,135.707346790984));
#11342=CARTESIAN_POINT('',(46.2339875020435,9.8,135.707346790984));
#11343=CARTESIAN_POINT('',(46.2339875020435,10.,135.707346790984));
#11344=CARTESIAN_POINT('',(46.2339875020434,9.8,135.707346790984));
#11345=CARTESIAN_POINT('Origin',(46.2261896436988,10.,133.958931066854));
#11346=CARTESIAN_POINT('',(46.2261896436988,9.8,133.958931066854));
#11347=CARTESIAN_POINT('',(46.2261896436988,10.,133.958931066854));
#11348=CARTESIAN_POINT('',(46.2261896436988,9.8,133.958931066854));
#11349=CARTESIAN_POINT('Origin',(45.3847229493041,10.,134.473624836765));
#11350=CARTESIAN_POINT('',(45.3847229493041,9.8,134.473624836765));
#11351=CARTESIAN_POINT('',(45.3847229493041,10.,134.473624836765));
#11352=CARTESIAN_POINT('',(45.3847229493041,9.8,134.473624836765));
#11353=CARTESIAN_POINT('Origin',(45.3902420788646,10.,135.711109858999));
#11354=CARTESIAN_POINT('',(45.3902420788646,9.8,135.711109858999));
#11355=CARTESIAN_POINT('',(45.3902420788646,10.,135.711109858999));
#11356=CARTESIAN_POINT('',(45.3902420788646,9.8,135.711109858999));
#11357=CARTESIAN_POINT('Origin',(44.7761868303954,10.,135.713848518791));
#11358=CARTESIAN_POINT('',(44.7761868303954,9.8,135.713848518791));
#11359=CARTESIAN_POINT('',(44.7761868303954,10.,135.713848518791));
#11360=CARTESIAN_POINT('',(44.7761868303954,9.8,135.713848518791));
#11361=CARTESIAN_POINT('Origin',(44.7790927513598,10.,136.365406636766));
#11362=CARTESIAN_POINT('',(44.7790927513598,9.8,136.365406636766));
#11363=CARTESIAN_POINT('',(44.7790927513598,10.,136.365406636766));
#11364=CARTESIAN_POINT('',(44.7790927513598,9.8,136.365406636766));
#11365=CARTESIAN_POINT('Origin',(45.393147999829,10.,136.362667976974));
#11366=CARTESIAN_POINT('',(45.393147999829,9.8,136.362667976974));
#11367=CARTESIAN_POINT('',(45.393147999829,10.,136.362667976974));
#11368=CARTESIAN_POINT('',(45.393147999829,9.8,136.362667976974));
#11369=CARTESIAN_POINT('Origin',(45.4059214793064,10.,139.226704662821));
#11370=CARTESIAN_POINT('',(45.4059214793064,9.8,139.226704662821));
#11371=CARTESIAN_POINT('',(45.4059214793064,10.,139.226704662821));
#11372=CARTESIAN_POINT('',(45.4059214793064,9.8,139.226704662821));
#11373=CARTESIAN_POINT('Ctrl Pts',(45.4658994044994,10.,140.060819889989));
#11374=CARTESIAN_POINT('Ctrl Pts',(45.4658994044994,9.8,140.060819889989));
#11375=CARTESIAN_POINT('Ctrl Pts',(45.4490332476418,10.,139.941528555365));
#11376=CARTESIAN_POINT('Ctrl Pts',(45.4490332476418,9.8,139.941528555365));
#11377=CARTESIAN_POINT('Ctrl Pts',(45.4099330389187,10.,139.664979717237));
#11378=CARTESIAN_POINT('Ctrl Pts',(45.4099330389187,9.8,139.664979717237));
#11379=CARTESIAN_POINT('Ctrl Pts',(45.4073756946769,10.,139.38558210257));
#11380=CARTESIAN_POINT('Ctrl Pts',(45.4073756946769,9.8,139.38558210257));
#11381=CARTESIAN_POINT('Ctrl Pts',(45.4059214793064,10.,139.226704662821));
#11382=CARTESIAN_POINT('Ctrl Pts',(45.4059214793064,9.8,139.226704662821));
#11383=CARTESIAN_POINT('',(45.4658994044994,9.8,140.060819889989));
#11384=CARTESIAN_POINT('',(45.4658994044994,10.,140.060819889989));
#11385=CARTESIAN_POINT('Ctrl Pts',(45.4658994044994,9.8,140.060819889989));
#11386=CARTESIAN_POINT('Ctrl Pts',(45.4490332476418,9.8,139.941528555365));
#11387=CARTESIAN_POINT('Ctrl Pts',(45.4099330389187,9.8,139.664979717237));
#11388=CARTESIAN_POINT('Ctrl Pts',(45.4073756946769,9.8,139.38558210257));
#11389=CARTESIAN_POINT('Ctrl Pts',(45.4059214793064,9.8,139.226704662821));
#11390=CARTESIAN_POINT('Ctrl Pts',(45.7774842897153,10.,140.556309032184));
#11391=CARTESIAN_POINT('Ctrl Pts',(45.7774842897153,9.8,140.556309032184));
#11392=CARTESIAN_POINT('Ctrl Pts',(45.701139031592,10.,140.487425902628));
#11393=CARTESIAN_POINT('Ctrl Pts',(45.701139031592,9.8,140.487425902628));
#11394=CARTESIAN_POINT('Ctrl Pts',(45.5504998874817,10.,140.351510510694));
#11395=CARTESIAN_POINT('Ctrl Pts',(45.5504998874817,9.8,140.351510510694));
#11396=CARTESIAN_POINT('Ctrl Pts',(45.4938423821689,10.,140.156833071436));
#11397=CARTESIAN_POINT('Ctrl Pts',(45.4938423821689,9.8,140.156833071436));
#11398=CARTESIAN_POINT('Ctrl Pts',(45.4658994044994,10.,140.060819889989));
#11399=CARTESIAN_POINT('Ctrl Pts',(45.4658994044994,9.8,140.060819889989));
#11400=CARTESIAN_POINT('',(45.7774842897153,9.8,140.556309032184));
#11401=CARTESIAN_POINT('',(45.7774842897153,10.,140.556309032184));
#11402=CARTESIAN_POINT('Ctrl Pts',(45.7774842897153,9.8,140.556309032184));
#11403=CARTESIAN_POINT('Ctrl Pts',(45.701139031592,9.8,140.487425902628));
#11404=CARTESIAN_POINT('Ctrl Pts',(45.5504998874817,9.8,140.351510510694));
#11405=CARTESIAN_POINT('Ctrl Pts',(45.4938423821689,9.8,140.156833071436));
#11406=CARTESIAN_POINT('Ctrl Pts',(45.4658994044994,9.8,140.060819889989));
#11407=CARTESIAN_POINT('Ctrl Pts',(46.5845792221151,10.,140.744900551812));
#11408=CARTESIAN_POINT('Ctrl Pts',(46.5845792221151,9.8,140.744900551812));
#11409=CARTESIAN_POINT('Ctrl Pts',(46.4215524505431,10.,140.743473824702));
#11410=CARTESIAN_POINT('Ctrl Pts',(46.4215524505431,9.8,140.743473824702));
#11411=CARTESIAN_POINT('Ctrl Pts',(46.136939355008,10.,140.740983036132));
#11412=CARTESIAN_POINT('Ctrl Pts',(46.136939355008,9.8,140.740983036132));
#11413=CARTESIAN_POINT('Ctrl Pts',(45.8850787812899,10.,140.611586888808));
#11414=CARTESIAN_POINT('Ctrl Pts',(45.8850787812899,9.8,140.611586888808));
#11415=CARTESIAN_POINT('Ctrl Pts',(45.7774842897153,10.,140.556309032184));
#11416=CARTESIAN_POINT('Ctrl Pts',(45.7774842897153,9.8,140.556309032184));
#11417=CARTESIAN_POINT('',(46.5845792221151,9.8,140.744900551812));
#11418=CARTESIAN_POINT('',(46.5845792221151,10.,140.744900551812));
#11419=CARTESIAN_POINT('Ctrl Pts',(46.5845792221151,9.8,140.744900551812));
#11420=CARTESIAN_POINT('Ctrl Pts',(46.4215524505431,9.8,140.743473824702));
#11421=CARTESIAN_POINT('Ctrl Pts',(46.136939355008,9.8,140.740983036132));
#11422=CARTESIAN_POINT('Ctrl Pts',(45.8850787812899,9.8,140.611586888808));
#11423=CARTESIAN_POINT('Ctrl Pts',(45.7774842897153,9.8,140.556309032184));
#11424=CARTESIAN_POINT('Ctrl Pts',(47.2170585567451,10.,140.667077258847));
#11425=CARTESIAN_POINT('Ctrl Pts',(47.2170585567451,9.8,140.667077258847));
#11426=CARTESIAN_POINT('Ctrl Pts',(47.1022692345428,10.,140.689399007133));
#11427=CARTESIAN_POINT('Ctrl Pts',(47.1022692345428,9.8,140.689399007133));
#11428=CARTESIAN_POINT('Ctrl Pts',(46.8931833223602,10.,140.730057519724));
#11429=CARTESIAN_POINT('Ctrl Pts',(46.8931833223602,9.8,140.730057519724));
#11430=CARTESIAN_POINT('Ctrl Pts',(46.6804987761421,10.,140.740287077729));
#11431=CARTESIAN_POINT('Ctrl Pts',(46.6804987761421,9.8,140.740287077729));
#11432=CARTESIAN_POINT('Ctrl Pts',(46.5845792221151,10.,140.744900551812));
#11433=CARTESIAN_POINT('Ctrl Pts',(46.5845792221151,9.8,140.744900551812));
#11434=CARTESIAN_POINT('',(47.2170585567451,9.8,140.667077258847));
#11435=CARTESIAN_POINT('',(47.2170585567451,10.,140.667077258847));
#11436=CARTESIAN_POINT('Ctrl Pts',(47.2170585567451,9.8,140.667077258847));
#11437=CARTESIAN_POINT('Ctrl Pts',(47.1022692345428,9.8,140.689399007133));
#11438=CARTESIAN_POINT('Ctrl Pts',(46.8931833223602,9.8,140.730057519724));
#11439=CARTESIAN_POINT('Ctrl Pts',(46.6804987761421,9.8,140.740287077729));
#11440=CARTESIAN_POINT('Ctrl Pts',(46.5845792221151,9.8,140.744900551812));
#11441=CARTESIAN_POINT('Origin',(47.096527296511,10.,139.917609271243));
#11442=CARTESIAN_POINT('',(47.096527296511,9.8,139.917609271243));
#11443=CARTESIAN_POINT('Origin',(71.2455857509266,9.8,137.234594008736));
#11444=CARTESIAN_POINT('Origin',(-1.4210854715202E-13,10.,1.06581410364015E-13));
#11445=CARTESIAN_POINT('Origin',(-1.4210854715202E-13,10.,1.06581410364015E-13));
#11446=CARTESIAN_POINT('Origin',(-1.4210854715202E-13,10.,1.06581410364015E-13));
#11447=CARTESIAN_POINT('Origin',(-1.4210854715202E-13,10.,1.06581410364015E-13));
#11448=CARTESIAN_POINT('Origin',(-1.4210854715202E-13,10.,1.06581410364015E-13));
#11449=CARTESIAN_POINT('Origin',(1.59872115546023E-13,0.,-2.30926389122033E-13));
#11450=CARTESIAN_POINT('',(55.0000000000001,0.,129.016808163796));
#11451=CARTESIAN_POINT('Origin',(106.362257748298,4.,-69.2750000000001));
#11452=CARTESIAN_POINT('',(106.362257748298,2.,129.016808163796));
#11453=CARTESIAN_POINT('Origin',(106.362257748298,4.,129.016808163796));
#11454=CARTESIAN_POINT('',(106.362257748298,2.,135.216808163796));
#11455=CARTESIAN_POINT('',(106.362257748298,2.,-69.2750000000001));
#11456=CARTESIAN_POINT('Origin',(106.362257748298,4.,135.216808163796));
#11457=CARTESIAN_POINT('Origin',(112.75,2.,132.116808163796));
#11458=CARTESIAN_POINT('',(110.,2.,129.016808163796));
#11459=CARTESIAN_POINT('',(115.5,2.,135.216808163796));
#11460=CARTESIAN_POINT('Origin',(1.59872115546023E-13,0.,-2.30926389122033E-13));
#11461=CARTESIAN_POINT('',(-105.3,0.,138.55));
#11462=CARTESIAN_POINT('',(-105.3,0.,148.55));
#11463=CARTESIAN_POINT('',(-105.3,0.,148.55));
#11464=CARTESIAN_POINT('',(-105.3,0.,138.55));
#11465=CARTESIAN_POINT('',(-95.3000000000001,0.,148.55));
#11466=CARTESIAN_POINT('',(-105.3,0.,148.55));
#11467=CARTESIAN_POINT('',(95.2999999999998,0.,148.55));
#11468=CARTESIAN_POINT('',(105.3,0.,148.55));
#11469=CARTESIAN_POINT('',(105.3,0.,148.55));
#11470=CARTESIAN_POINT('',(105.3,0.,148.55));
#11471=CARTESIAN_POINT('',(105.3,0.,138.55));
#11472=CARTESIAN_POINT('',(55.0000000000001,0.,135.216808163796));
#11473=CARTESIAN_POINT('',(115.5,0.,158.75));
#11474=CARTESIAN_POINT('Origin',(110.,0.,135.216808163796));
#11475=CARTESIAN_POINT('Origin',(115.5,0.,129.016808163796));
#11476=CARTESIAN_POINT('Origin',(-1.4210854715202E-13,10.,1.06581410364015E-13));
#11477=CARTESIAN_POINT('Origin',(-115.5,0.,158.75));
#11478=CARTESIAN_POINT('Origin',(-98.3000000000001,0.,69.2749999999999));
#11479=CARTESIAN_POINT('Origin',(-98.3000000000001,0.,131.55));
#11480=CARTESIAN_POINT('Origin',(-88.3000000000001,0.,70.7749999999999));
#11481=CARTESIAN_POINT('Origin',(-88.3000000000001,0.,141.55));
#11482=CARTESIAN_POINT('',(-95.3000000000001,0.,141.55));
#11483=CARTESIAN_POINT('',(-95.3000000000001,0.,70.7749999999999));
#11484=CARTESIAN_POINT('Origin',(-88.3000000000001,0.,141.55));
#11485=CARTESIAN_POINT('Origin',(47.6499999999998,0.,141.55));
#11486=CARTESIAN_POINT('Origin',(88.2999999999998,0.,141.55));
#11487=CARTESIAN_POINT('Origin',(49.1499999999997,0.,131.55));
#11488=CARTESIAN_POINT('',(98.2999999999998,0.,138.55));
#11489=CARTESIAN_POINT('',(49.1499999999997,0.,138.55));
#11490=CARTESIAN_POINT('Origin',(98.2999999999998,0.,131.55));
#11491=CARTESIAN_POINT('Origin',(98.2999999999998,0.,141.55));
#11492=CARTESIAN_POINT('',(95.2999999999998,0.,141.55));
#11493=CARTESIAN_POINT('Origin',(88.2999999999998,0.,141.55));
#11494=CARTESIAN_POINT('Origin',(98.2999999999998,0.,141.55));
#11495=CARTESIAN_POINT('Origin',(88.2999999999998,0.,74.2749999999999));
#11496=CARTESIAN_POINT('',(95.2999999999998,0.,74.2749999999999));
#11497=CARTESIAN_POINT('Origin',(-98.3000000000002,0.,141.55));
#11498=CARTESIAN_POINT('',(-98.3000000000002,0.,138.55));
#11499=CARTESIAN_POINT('Origin',(-98.3000000000002,0.,131.55));
#11500=CARTESIAN_POINT('Origin',(-98.3000000000002,0.,141.55));
#11501=CARTESIAN_POINT('Origin',(-52.6500000000001,0.,131.55));
#11502=CARTESIAN_POINT('',(-52.6500000000001,0.,138.55));
#11503=CARTESIAN_POINT('Origin',(-105.3,0.,138.55));
#11504=CARTESIAN_POINT('',(-98.3000000000002,-4.7,138.55));
#11505=CARTESIAN_POINT('',(-98.3000000000002,0.,138.55));
#11506=CARTESIAN_POINT('',(-105.3,-4.7,138.55));
#11507=CARTESIAN_POINT('',(-98.3000000000002,-4.7,138.55));
#11508=CARTESIAN_POINT('',(-105.3,0.,138.55));
#11509=CARTESIAN_POINT('Origin',(-98.3000000000002,0.,141.55));
#11510=CARTESIAN_POINT('',(-95.3000000000001,-4.7,141.55));
#11511=CARTESIAN_POINT('',(-95.3000000000001,0.,141.55));
#11512=CARTESIAN_POINT('Origin',(-98.3000000000002,-4.7,141.55));
#11513=CARTESIAN_POINT('Origin',(-95.3000000000001,0.,141.55));
#11514=CARTESIAN_POINT('',(-95.3000000000001,-4.7,148.55));
#11515=CARTESIAN_POINT('',(-95.3000000000001,0.,148.55));
#11516=CARTESIAN_POINT('',(-95.3000000000001,-4.7,148.55));
#11517=CARTESIAN_POINT('Origin',(95.2999999999998,0.,148.55));
#11518=CARTESIAN_POINT('',(95.2999999999998,-4.7,141.55));
#11519=CARTESIAN_POINT('',(95.2999999999998,0.,141.55));
#11520=CARTESIAN_POINT('',(95.2999999999998,-4.7,148.55));
#11521=CARTESIAN_POINT('',(95.2999999999998,-4.7,148.55));
#11522=CARTESIAN_POINT('',(95.2999999999998,0.,148.55));
#11523=CARTESIAN_POINT('Origin',(98.2999999999998,0.,141.55));
#11524=CARTESIAN_POINT('',(98.2999999999998,-4.7,138.55));
#11525=CARTESIAN_POINT('',(98.2999999999998,0.,138.55));
#11526=CARTESIAN_POINT('Origin',(98.2999999999998,-4.7,141.55));
#11527=CARTESIAN_POINT('Origin',(98.2999999999998,0.,138.55));
#11528=CARTESIAN_POINT('',(105.3,-4.7,138.55));
#11529=CARTESIAN_POINT('',(105.3,0.,138.55));
#11530=CARTESIAN_POINT('',(98.2999999999998,-4.7,138.55));
#11531=CARTESIAN_POINT('Origin',(105.3,0.,148.55));
#11532=CARTESIAN_POINT('',(105.3,-4.7,148.55));
#11533=CARTESIAN_POINT('',(105.3,-4.7,148.55));
#11534=CARTESIAN_POINT('',(105.3,0.,148.55));
#11535=CARTESIAN_POINT('Origin',(105.3,0.,138.55));
#11536=CARTESIAN_POINT('',(105.3,-4.7,138.55));
#11537=CARTESIAN_POINT('Origin',(100.3,-4.7,143.55));
#11538=CARTESIAN_POINT('Origin',(-105.3,0.,148.55));
#11539=CARTESIAN_POINT('',(-105.3,-4.7,148.55));
#11540=CARTESIAN_POINT('',(-105.3,-4.7,138.55));
#11541=CARTESIAN_POINT('',(-105.3,0.,148.55));
#11542=CARTESIAN_POINT('Origin',(-95.3000000000001,0.,148.55));
#11543=CARTESIAN_POINT('',(-105.3,-4.7,148.55));
#11544=CARTESIAN_POINT('Origin',(-100.3,-4.7,143.55));
#11545=UNCERTAINTY_MEASURE_WITH_UNIT(LENGTH_MEASURE(0.01),#11549,
'DISTANCE_ACCURACY_VALUE',
'Maximum model space distance between geometric entities at asserted c
onnectivities');
#11546=UNCERTAINTY_MEASURE_WITH_UNIT(LENGTH_MEASURE(0.01),#11549,
'DISTANCE_ACCURACY_VALUE',
'Maximum model space distance between geometric entities at asserted c
onnectivities');
#11547=(
GEOMETRIC_REPRESENTATION_CONTEXT(3)
GLOBAL_UNCERTAINTY_ASSIGNED_CONTEXT((#11545))
GLOBAL_UNIT_ASSIGNED_CONTEXT((#11549,#11551,#11552))
REPRESENTATION_CONTEXT('','3D')
);
#11548=(
GEOMETRIC_REPRESENTATION_CONTEXT(3)
GLOBAL_UNCERTAINTY_ASSIGNED_CONTEXT((#11546))
GLOBAL_UNIT_ASSIGNED_CONTEXT((#11549,#11551,#11552))
REPRESENTATION_CONTEXT('','3D')
);
#11549=(
LENGTH_UNIT()
NAMED_UNIT(*)
SI_UNIT(.MILLI.,.METRE.)
);
#11550=(
LENGTH_UNIT()
NAMED_UNIT(*)
SI_UNIT($,.METRE.)
);
#11551=(
NAMED_UNIT(*)
PLANE_ANGLE_UNIT()
SI_UNIT($,.RADIAN.)
);
#11552=(
NAMED_UNIT(*)
SI_UNIT($,.STERADIAN.)
SOLID_ANGLE_UNIT()
);
#11553=SHAPE_DEFINITION_REPRESENTATION(#11554,#11555);
#11554=PRODUCT_DEFINITION_SHAPE('',$,#11557);
#11555=SHAPE_REPRESENTATION('',(#6011),#11547);
#11556=PRODUCT_DEFINITION_CONTEXT('part definition',#11561,'design');
#11557=PRODUCT_DEFINITION('BirdPicBacking','BirdPicBacking v16',#11558,
#11556);
#11558=PRODUCT_DEFINITION_FORMATION('',$,#11563);
#11559=PRODUCT_RELATED_PRODUCT_CATEGORY('BirdPicBacking v16',
'BirdPicBacking v16',(#11563));
#11560=APPLICATION_PROTOCOL_DEFINITION('international standard',
'automotive_design',2009,#11561);
#11561=APPLICATION_CONTEXT(
'Core Data for Automotive Mechanical Design Process');
#11562=PRODUCT_CONTEXT('part definition',#11561,'mechanical');
#11563=PRODUCT('BirdPicBacking','BirdPicBacking v16',$,(#11562));
#11564=PRESENTATION_STYLE_ASSIGNMENT((#11566));
#11565=PRESENTATION_STYLE_ASSIGNMENT((#11567));
#11566=SURFACE_STYLE_USAGE(.BOTH.,#11568);
#11567=SURFACE_STYLE_USAGE(.BOTH.,#11569);
#11568=SURFACE_SIDE_STYLE('',(#11570));
#11569=SURFACE_SIDE_STYLE('',(#11571));
#11570=SURFACE_STYLE_FILL_AREA(#11572);
#11571=SURFACE_STYLE_FILL_AREA(#11573);
#11572=FILL_AREA_STYLE('Steel - Satin',(#11574));
#11573=FILL_AREA_STYLE('Aluminum nitride (AlN)',(#11575));
#11574=FILL_AREA_STYLE_COLOUR('Steel - Satin',#11576);
#11575=FILL_AREA_STYLE_COLOUR('Aluminum nitride (AlN)',#11577);
#11576=COLOUR_RGB('Steel - Satin',0.627450980392157,0.627450980392157,0.627450980392157);
#11577=COLOUR_RGB('Aluminum nitride (AlN)',0.850980392156863,0.827450980392157,
0.788235294117647);
ENDSEC;
END-ISO-10303-21;
